time,voltage
0.000000000000000000e+00,-4.166157245635986328e+00
1.000000000000000021e-03,-4.077405929565429688e+00
2.000000000000000042e-03,-4.063655853271484375e+00
3.000000000000000062e-03,-4.048030376434326172e+00
4.000000000000000083e-03,-5.780869483947753906e+00
5.000000000000000104e-03,-6.864635944366455078e+00
6.000000000000000125e-03,-7.355580806732177734e+00
7.000000000000000146e-03,-7.603397369384765625e+00
8.000000000000000167e-03,-7.725274085998535156e+00
8.999999999999999320e-03,-7.761524677276611328e+00
1.000000000000000021e-02,-7.734336853027343750e+00
1.099999999999999936e-02,-7.607460021972656250e+00
1.200000000000000025e-02,-7.543396472930908203e+00
1.299999999999999940e-02,-7.481520175933837891e+00
1.400000000000000029e-02,-7.402144432067871094e+00
1.499999999999999944e-02,-7.305892944335937500e+00
1.600000000000000033e-02,-7.189328670501708984e+00
1.700000000000000122e-02,-7.111827373504638672e+00
1.799999999999999864e-02,-6.979012966156005859e+00
1.899999999999999953e-02,-6.853073120117187500e+00
2.000000000000000042e-02,-6.691820621490478516e+00
2.100000000000000130e-02,-6.503067970275878906e+00
2.199999999999999872e-02,-6.383066177368164062e+00
2.299999999999999961e-02,-6.271189212799072266e+00
2.400000000000000050e-02,-6.160250186920166016e+00
2.500000000000000139e-02,-6.053686141967773438e+00
2.599999999999999881e-02,-5.943996906280517578e+00
2.699999999999999969e-02,-5.848370552062988281e+00
2.800000000000000058e-02,-5.750244140625000000e+00
2.900000000000000147e-02,-5.653992652893066406e+00
2.999999999999999889e-02,-5.554303646087646484e+00
3.099999999999999978e-02,-5.389300823211669922e+00
3.200000000000000067e-02,-5.325550079345703125e+00
3.300000000000000155e-02,-5.276174068450927734e+00
3.400000000000000244e-02,-5.229923725128173828e+00
3.500000000000000333e-02,-5.187735557556152344e+00
3.599999999999999728e-02,-5.123359203338623047e+00
3.699999999999999817e-02,-5.102734088897705078e+00
3.799999999999999906e-02,-5.037733078002929688e+00
3.899999999999999994e-02,-4.976794719696044922e+00
4.000000000000000083e-02,-4.890230655670166016e+00
4.100000000000000172e-02,-4.767728805541992188e+00
4.200000000000000261e-02,-4.723040580749511719e+00
4.299999999999999656e-02,-4.676477432250976562e+00
4.399999999999999745e-02,-4.638351917266845703e+00
4.499999999999999833e-02,-4.594601154327392578e+00
4.599999999999999922e-02,-4.547100543975830078e+00
4.700000000000000011e-02,-4.508037567138671875e+00
4.800000000000000100e-02,-4.468661785125732422e+00
4.900000000000000189e-02,-4.432723999023437500e+00
5.000000000000000278e-02,-4.378035545349121094e+00
5.099999999999999672e-02,-4.265846252441406250e+00
5.199999999999999761e-02,-4.245846271514892578e+00
5.299999999999999850e-02,-4.241158485412597656e+00
5.399999999999999939e-02,-4.244908332824707031e+00
5.500000000000000028e-02,-4.233658313751220703e+00
5.600000000000000117e-02,-4.210220336914062500e+00
5.700000000000000205e-02,-4.222095489501953125e+00
5.800000000000000294e-02,-4.191157817840576172e+00
5.899999999999999689e-02,-4.161469936370849609e+00
5.999999999999999778e-02,-4.104281425476074219e+00
6.099999999999999867e-02,-4.007717609405517578e+00
6.199999999999999956e-02,-3.988342046737670898e+00
6.300000000000000044e-02,-3.972716808319091797e+00
6.400000000000000133e-02,-3.949591398239135742e+00
6.500000000000000222e-02,-3.931153774261474609e+00
6.600000000000000311e-02,-3.908340930938720703e+00
6.700000000000000400e-02,-3.884590625762939453e+00
6.800000000000000488e-02,-3.867715358734130859e+00
6.900000000000000577e-02,-3.845214843750000000e+00
7.000000000000000666e-02,-3.813652038574218750e+00
7.099999999999999367e-02,-3.713650465011596680e+00
7.199999999999999456e-02,-3.712087869644165039e+00
7.299999999999999545e-02,-3.719275474548339844e+00
7.399999999999999634e-02,-3.735838174819946289e+00
7.499999999999999722e-02,-3.742400884628295898e+00
7.599999999999999811e-02,-3.728650569915771484e+00
7.699999999999999900e-02,-3.751151084899902344e+00
7.799999999999999989e-02,-3.735213279724121094e+00
7.900000000000000078e-02,-3.709900379180908203e+00
8.000000000000000167e-02,-3.665524721145629883e+00
8.100000000000000255e-02,-3.583961009979248047e+00
8.200000000000000344e-02,-3.570210695266723633e+00
8.300000000000000433e-02,-3.562085628509521484e+00
8.400000000000000522e-02,-3.550210475921630859e+00
8.500000000000000611e-02,-3.542397737503051758e+00
8.599999999999999312e-02,-3.526147603988647461e+00
8.699999999999999400e-02,-3.513959884643554688e+00
8.799999999999999489e-02,-3.501459598541259766e+00
8.899999999999999578e-02,-3.484584331512451172e+00
8.999999999999999667e-02,-3.463021516799926758e+00
9.099999999999999756e-02,-3.367395162582397461e+00
9.199999999999999845e-02,-3.372082710266113281e+00
9.299999999999999933e-02,-3.390208005905151367e+00
9.400000000000000022e-02,-3.409583330154418945e+00
9.500000000000000111e-02,-3.416145801544189453e+00
9.600000000000000200e-02,-3.414583444595336914e+00
9.700000000000000289e-02,-3.441771268844604492e+00
9.800000000000000377e-02,-3.426146030426025391e+00
9.900000000000000466e-02,-3.407395839691162109e+00
1.000000000000000056e-01,-3.369895219802856445e+00
1.010000000000000064e-01,-3.287081480026245117e+00
1.019999999999999934e-01,-3.279893875122070312e+00
1.029999999999999943e-01,-3.278018712997436523e+00
1.039999999999999952e-01,-3.269893646240234375e+00
1.049999999999999961e-01,-3.265206098556518555e+00
1.059999999999999970e-01,-3.252080917358398438e+00
1.069999999999999979e-01,-3.244580745697021484e+00
1.079999999999999988e-01,-3.234893083572387695e+00
1.089999999999999997e-01,-3.224892854690551758e+00
1.100000000000000006e-01,-3.205517768859863281e+00
1.110000000000000014e-01,-3.114891290664672852e+00
1.120000000000000023e-01,-3.122703790664672852e+00
1.130000000000000032e-01,-3.140204191207885742e+00
1.140000000000000041e-01,-3.168017148971557617e+00
1.150000000000000050e-01,-3.180829763412475586e+00
1.160000000000000059e-01,-3.174267292022705078e+00
1.170000000000000068e-01,-3.207705259323120117e+00
1.179999999999999938e-01,-3.191454887390136719e+00
1.189999999999999947e-01,-3.178329706192016602e+00
1.199999999999999956e-01,-3.146141767501831055e+00
1.209999999999999964e-01,-3.067390441894531250e+00
1.219999999999999973e-01,-3.060202836990356445e+00
1.229999999999999982e-01,-3.060827970504760742e+00
1.239999999999999991e-01,-3.056452989578247070e+00
1.250000000000000000e-01,-3.052702903747558594e+00
1.260000000000000009e-01,-3.041765213012695312e+00
1.270000000000000018e-01,-3.037389993667602539e+00
1.280000000000000027e-01,-3.032702445983886719e+00
1.290000000000000036e-01,-3.020202398300170898e+00
1.300000000000000044e-01,-3.008014678955078125e+00
1.310000000000000053e-01,-2.914575815200805664e+00
1.320000000000000062e-01,-2.923638343811035156e+00
1.330000000000000071e-01,-2.945826292037963867e+00
1.340000000000000080e-01,-2.973639011383056641e+00
1.350000000000000089e-01,-2.988639354705810547e+00
1.360000000000000098e-01,-2.987076759338378906e+00
1.370000000000000107e-01,-3.021452426910400391e+00
1.380000000000000115e-01,-3.014264822006225586e+00
1.390000000000000124e-01,-2.995826959609985352e+00
1.400000000000000133e-01,-2.967701435089111328e+00
1.409999999999999865e-01,-2.888012886047363281e+00
1.419999999999999873e-01,-2.881137609481811523e+00
1.429999999999999882e-01,-2.888012886047363281e+00
1.439999999999999891e-01,-2.883950233459472656e+00
1.449999999999999900e-01,-2.879887580871582031e+00
1.459999999999999909e-01,-2.872699975967407227e+00
1.469999999999999918e-01,-2.867700099945068359e+00
1.479999999999999927e-01,-2.865824937820434570e+00
1.489999999999999936e-01,-2.855824708938598633e+00
1.499999999999999944e-01,-2.843012094497680664e+00
1.509999999999999953e-01,-2.751760721206665039e+00
1.519999999999999962e-01,-2.763323307037353516e+00
1.529999999999999971e-01,-2.784261226654052734e+00
1.539999999999999980e-01,-2.815824270248413086e+00
1.549999999999999989e-01,-2.830199480056762695e+00
1.559999999999999998e-01,-2.832074403762817383e+00
1.570000000000000007e-01,-2.867387533187866211e+00
1.580000000000000016e-01,-2.859262466430664062e+00
1.590000000000000024e-01,-2.842699527740478516e+00
1.600000000000000033e-01,-2.819261789321899414e+00
1.610000000000000042e-01,-2.739573001861572266e+00
1.620000000000000051e-01,-2.731135368347167969e+00
1.630000000000000060e-01,-2.737698078155517578e+00
1.640000000000000069e-01,-2.738948106765747070e+00
1.650000000000000078e-01,-2.735822916030883789e+00
1.660000000000000087e-01,-2.730197906494140625e+00
1.670000000000000095e-01,-2.725822925567626953e+00
1.680000000000000104e-01,-2.721760272979736328e+00
1.690000000000000113e-01,-2.716447591781616211e+00
1.700000000000000122e-01,-2.704572439193725586e+00
1.710000000000000131e-01,-2.613321065902709961e+00
1.719999999999999862e-01,-2.626758813858032227e+00
1.729999999999999871e-01,-2.650821685791015625e+00
1.739999999999999880e-01,-2.679259538650512695e+00
1.749999999999999889e-01,-2.700197458267211914e+00
1.759999999999999898e-01,-2.698947429656982422e+00
1.769999999999999907e-01,-2.736448049545288086e+00
1.779999999999999916e-01,-2.727385282516479492e+00
1.789999999999999925e-01,-2.717072725296020508e+00
1.799999999999999933e-01,-2.691447257995605469e+00
1.809999999999999942e-01,-2.612071037292480469e+00
1.819999999999999951e-01,-2.603945970535278320e+00
1.829999999999999960e-01,-2.612071037292480469e+00
1.839999999999999969e-01,-2.615508556365966797e+00
1.849999999999999978e-01,-2.611758708953857422e+00
1.859999999999999987e-01,-2.608633518218994141e+00
1.869999999999999996e-01,-2.606758594512939453e+00
1.880000000000000004e-01,-2.603321075439453125e+00
1.890000000000000013e-01,-2.597695827484130859e+00
1.900000000000000022e-01,-2.589258193969726562e+00
1.910000000000000031e-01,-2.498006820678710938e+00
1.920000000000000040e-01,-2.507694482803344727e+00
1.930000000000000049e-01,-2.532694816589355469e+00
1.940000000000000058e-01,-2.564257860183715820e+00
1.950000000000000067e-01,-2.580820560455322266e+00
1.960000000000000075e-01,-2.587383270263671875e+00
1.970000000000000084e-01,-2.620508670806884766e+00
1.980000000000000093e-01,-2.614571094512939453e+00
1.990000000000000102e-01,-2.601445913314819336e+00
2.000000000000000111e-01,-2.582070589065551758e+00
2.010000000000000120e-01,-2.505194425582885742e+00
2.020000000000000129e-01,-2.497381925582885742e+00
2.030000000000000138e-01,-2.506131887435913086e+00
2.039999999999999869e-01,-2.503944396972656250e+00
2.049999999999999878e-01,-2.506131887435913086e+00
2.059999999999999887e-01,-2.498944282531738281e+00
2.069999999999999896e-01,-2.497381925582885742e+00
2.079999999999999905e-01,-2.498319387435913086e+00
2.089999999999999913e-01,-2.493631839752197266e+00
2.099999999999999922e-01,-2.484569072723388672e+00
2.109999999999999931e-01,-2.395505189895629883e+00
2.119999999999999940e-01,-2.407692909240722656e+00
2.129999999999999949e-01,-2.428943395614624023e+00
2.139999999999999958e-01,-2.464568853378295898e+00
2.149999999999999967e-01,-2.483319044113159180e+00
2.159999999999999976e-01,-2.485819101333618164e+00
2.169999999999999984e-01,-2.526444911956787109e+00
2.179999999999999993e-01,-2.515194654464721680e+00
2.190000000000000002e-01,-2.506131887435913086e+00
2.200000000000000011e-01,-2.487381696701049805e+00
2.210000000000000020e-01,-2.408630609512329102e+00
2.220000000000000029e-01,-2.398005247116088867e+00
2.230000000000000038e-01,-2.409880638122558594e+00
2.240000000000000047e-01,-2.410818099975585938e+00
2.250000000000000056e-01,-2.410192966461181641e+00
2.260000000000000064e-01,-2.408630609512329102e+00
2.270000000000000073e-01,-2.405817985534667969e+00
2.280000000000000082e-01,-2.408318042755126953e+00
2.290000000000000091e-01,-2.403317928314208984e+00
2.300000000000000100e-01,-2.394255399703979492e+00
2.310000000000000109e-01,-2.305816411972045898e+00
2.320000000000000118e-01,-2.319254159927368164e+00
2.330000000000000127e-01,-2.342379570007324219e+00
2.340000000000000135e-01,-2.374254941940307617e+00
2.349999999999999867e-01,-2.393942832946777344e+00
2.359999999999999876e-01,-2.398942947387695312e+00
2.369999999999999885e-01,-2.433318376541137695e+00
2.379999999999999893e-01,-2.428005695343017578e+00
2.389999999999999902e-01,-2.420505762100219727e+00
2.399999999999999911e-01,-2.403317928314208984e+00
2.409999999999999920e-01,-2.321441650390625000e+00
2.419999999999999929e-01,-2.316754102706909180e+00
2.429999999999999938e-01,-2.324254274368286133e+00
2.439999999999999947e-01,-2.329254388809204102e+00
2.449999999999999956e-01,-2.325816631317138672e+00
2.459999999999999964e-01,-2.323941707611083984e+00
2.469999999999999973e-01,-2.324566602706909180e+00
2.479999999999999982e-01,-2.322379112243652344e+00
2.489999999999999991e-01,-2.319879055023193359e+00
2.500000000000000000e-01,-2.313629150390625000e+00
2.510000000000000009e-01,-2.225190162658691406e+00
2.520000000000000018e-01,-2.238940477371215820e+00
2.530000000000000027e-01,-2.260815858840942383e+00
2.540000000000000036e-01,-2.294253826141357422e+00
2.550000000000000044e-01,-2.315191507339477539e+00
2.560000000000000053e-01,-2.318004131317138672e+00
2.570000000000000062e-01,-2.355192184448242188e+00
2.580000000000000071e-01,-2.349879503250122070e+00
2.590000000000000080e-01,-2.340504407882690430e+00
2.600000000000000089e-01,-2.328004360198974609e+00
2.610000000000000098e-01,-2.248315572738647461e+00
2.620000000000000107e-01,-2.239565372467041016e+00
2.630000000000000115e-01,-2.248940467834472656e+00
2.640000000000000124e-01,-2.251128196716308594e+00
2.650000000000000133e-01,-2.251753091812133789e+00
2.660000000000000142e-01,-2.248940467834472656e+00
2.670000000000000151e-01,-2.248628139495849609e+00
2.680000000000000160e-01,-2.250815629959106445e+00
2.690000000000000169e-01,-2.245502948760986328e+00
2.700000000000000178e-01,-2.239565372467041016e+00
2.710000000000000187e-01,-2.151126623153686523e+00
2.720000000000000195e-01,-2.165814399719238281e+00
2.730000000000000204e-01,-2.190814733505249023e+00
2.740000000000000213e-01,-2.219252586364746094e+00
2.750000000000000222e-01,-2.245815515518188477e+00
2.760000000000000231e-01,-2.250815629959106445e+00
2.770000000000000240e-01,-2.285191059112548828e+00
2.780000000000000249e-01,-2.276753425598144531e+00
2.790000000000000258e-01,-2.273003339767456055e+00
2.800000000000000266e-01,-2.261440753936767578e+00
2.810000000000000275e-01,-2.180814504623413086e+00
2.819999999999999729e-01,-2.169876813888549805e+00
2.829999999999999738e-01,-2.177376985549926758e+00
2.839999999999999747e-01,-2.183314561843872070e+00
2.849999999999999756e-01,-2.183939456939697266e+00
2.859999999999999765e-01,-2.181127071380615234e+00
2.869999999999999774e-01,-2.179564476013183594e+00
2.879999999999999782e-01,-2.182689666748046875e+00
2.889999999999999791e-01,-2.178939580917358398e+00
2.899999999999999800e-01,-2.173939466476440430e+00
2.909999999999999809e-01,-2.085500478744506836e+00
2.919999999999999818e-01,-2.098938226699829102e+00
2.929999999999999827e-01,-2.124563694000244141e+00
2.939999999999999836e-01,-2.159564256668090820e+00
2.949999999999999845e-01,-2.177376985549926758e+00
2.959999999999999853e-01,-2.185502052307128906e+00
2.969999999999999862e-01,-2.224252700805664062e+00
2.979999999999999871e-01,-2.217689990997314453e+00
2.989999999999999880e-01,-2.210814952850341797e+00
2.999999999999999889e-01,-2.194877147674560547e+00
3.009999999999999898e-01,-2.114876031875610352e+00
3.019999999999999907e-01,-2.106750965118408203e+00
3.029999999999999916e-01,-2.116438627243041992e+00
3.039999999999999925e-01,-2.120188713073730469e+00
3.049999999999999933e-01,-2.119876146316528320e+00
3.059999999999999942e-01,-2.121126174926757812e+00
3.069999999999999951e-01,-2.121438503265380859e+00
3.079999999999999960e-01,-2.120813608169555664e+00
3.089999999999999969e-01,-2.116750955581665039e+00
3.099999999999999978e-01,-2.114563465118408203e+00
3.109999999999999987e-01,-2.024562120437622070e+00
3.119999999999999996e-01,-2.037999868392944336e+00
3.130000000000000004e-01,-2.063312768936157227e+00
3.140000000000000013e-01,-2.095813274383544922e+00
3.150000000000000022e-01,-2.118000984191894531e+00
3.160000000000000031e-01,-2.126751184463500977e+00
3.170000000000000040e-01,-2.162064313888549805e+00
3.180000000000000049e-01,-2.157689094543457031e+00
3.190000000000000058e-01,-2.152064085006713867e+00
3.200000000000000067e-01,-2.141126394271850586e+00
3.210000000000000075e-01,-2.061125278472900391e+00
3.220000000000000084e-01,-2.046437501907348633e+00
3.230000000000000093e-01,-2.061437606811523438e+00
3.240000000000000102e-01,-2.063312768936157227e+00
3.250000000000000111e-01,-2.064250230789184570e+00
3.260000000000000120e-01,-2.063937664031982422e+00
3.270000000000000129e-01,-2.064875364303588867e+00
3.280000000000000138e-01,-2.066125392913818359e+00
3.290000000000000147e-01,-2.058937549591064453e+00
3.300000000000000155e-01,-2.058937549591064453e+00
3.310000000000000164e-01,-1.971123814582824707e+00
3.320000000000000173e-01,-1.985811591148376465e+00
3.330000000000000182e-01,-2.009874343872070312e+00
3.340000000000000191e-01,-2.042374849319458008e+00
3.350000000000000200e-01,-2.063937664031982422e+00
3.360000000000000209e-01,-2.070812940597534180e+00
3.370000000000000218e-01,-2.108625888824462891e+00
3.380000000000000226e-01,-2.104250907897949219e+00
3.390000000000000235e-01,-2.100500822067260742e+00
3.400000000000000244e-01,-2.088313102722167969e+00
3.410000000000000253e-01,-2.008624315261840820e+00
3.420000000000000262e-01,-1.993936657905578613e+00
3.430000000000000271e-01,-2.009562015533447266e+00
3.439999999999999725e-01,-2.010186910629272461e+00
3.449999999999999734e-01,-2.010812044143676758e+00
3.459999999999999742e-01,-2.009562015533447266e+00
3.469999999999999751e-01,-2.011749505996704102e+00
3.479999999999999760e-01,-2.013624429702758789e+00
3.489999999999999769e-01,-2.009874343872070312e+00
3.499999999999999778e-01,-2.007374286651611328e+00
3.509999999999999787e-01,-1.920810580253601074e+00
3.519999999999999796e-01,-1.932060718536376953e+00
3.529999999999999805e-01,-1.957686066627502441e+00
3.539999999999999813e-01,-1.992374181747436523e+00
3.549999999999999822e-01,-2.013311862945556641e+00
3.559999999999999831e-01,-2.020499467849731445e+00
3.569999999999999840e-01,-2.055187702178955078e+00
3.579999999999999849e-01,-2.050500154495239258e+00
3.589999999999999858e-01,-2.051749944686889648e+00
3.599999999999999867e-01,-2.041124820709228516e+00
3.609999999999999876e-01,-1.962686181068420410e+00
3.619999999999999885e-01,-1.946748495101928711e+00
3.629999999999999893e-01,-1.955498576164245605e+00
3.639999999999999902e-01,-1.962373733520507812e+00
3.649999999999999911e-01,-1.963936209678649902e+00
3.659999999999999920e-01,-1.962373733520507812e+00
3.669999999999999929e-01,-1.965498685836791992e+00
3.679999999999999938e-01,-1.964873790740966797e+00
3.689999999999999947e-01,-1.961436152458190918e+00
3.699999999999999956e-01,-1.959248661994934082e+00
3.709999999999999964e-01,-1.872684836387634277e+00
3.719999999999999973e-01,-1.885497570037841797e+00
3.729999999999999982e-01,-1.911747932434082031e+00
3.739999999999999991e-01,-1.947060942649841309e+00
3.750000000000000000e-01,-1.968936324119567871e+00
3.760000000000000009e-01,-1.974248886108398438e+00
3.770000000000000018e-01,-2.009874343872070312e+00
3.780000000000000027e-01,-2.007999420166015625e+00
3.790000000000000036e-01,-2.006436824798583984e+00
3.800000000000000044e-01,-1.994249224662780762e+00
3.810000000000000053e-01,-1.914873003959655762e+00
3.820000000000000062e-01,-1.900810241699218750e+00
3.830000000000000071e-01,-1.911435365676879883e+00
3.840000000000000080e-01,-1.919247984886169434e+00
3.850000000000000089e-01,-1.917685508728027344e+00
3.860000000000000098e-01,-1.919247984886169434e+00
3.870000000000000107e-01,-1.916748046875000000e+00
3.880000000000000115e-01,-1.922060608863830566e+00
3.890000000000000124e-01,-1.919247984886169434e+00
3.900000000000000133e-01,-1.914873003959655762e+00
3.910000000000000142e-01,-1.829246640205383301e+00
3.920000000000000151e-01,-1.842684388160705566e+00
3.930000000000000160e-01,-1.867684721946716309e+00
3.940000000000000169e-01,-1.902060270309448242e+00
3.950000000000000178e-01,-1.922060608863830566e+00
3.960000000000000187e-01,-1.931748270988464355e+00
3.970000000000000195e-01,-1.967686295509338379e+00
3.980000000000000204e-01,-1.964561223983764648e+00
3.990000000000000213e-01,-1.962373733520507812e+00
4.000000000000000222e-01,-1.952373504638671875e+00
4.010000000000000231e-01,-1.874559879302978516e+00
4.020000000000000240e-01,-1.855497121810913086e+00
4.030000000000000249e-01,-1.872684836387634277e+00
4.040000000000000258e-01,-1.875184893608093262e+00
4.050000000000000266e-01,-1.875497341156005859e+00
4.060000000000000275e-01,-1.877372384071350098e+00
4.069999999999999729e-01,-1.875497341156005859e+00
4.079999999999999738e-01,-1.880497455596923828e+00
4.089999999999999747e-01,-1.877059936523437500e+00
4.099999999999999756e-01,-1.878309965133666992e+00
4.109999999999999765e-01,-1.790183544158935547e+00
4.119999999999999774e-01,-1.799246191978454590e+00
4.129999999999999782e-01,-1.825809121131896973e+00
4.139999999999999791e-01,-1.866122245788574219e+00
4.149999999999999800e-01,-1.882372498512268066e+00
4.159999999999999809e-01,-1.892060160636901855e+00
4.169999999999999818e-01,-1.925185680389404297e+00
4.179999999999999827e-01,-1.923310637474060059e+00
4.189999999999999836e-01,-1.923623085021972656e+00
4.199999999999999845e-01,-1.912685394287109375e+00
4.209999999999999853e-01,-1.835809230804443359e+00
4.219999999999999862e-01,-1.815496444702148438e+00
4.229999999999999871e-01,-1.828934192657470703e+00
4.239999999999999880e-01,-1.835496783256530762e+00
4.249999999999999889e-01,-1.837059259414672852e+00
4.259999999999999898e-01,-1.838309288024902344e+00
4.269999999999999907e-01,-1.836746811866760254e+00
4.279999999999999916e-01,-1.841434359550476074e+00
4.289999999999999925e-01,-1.837059259414672852e+00
4.299999999999999933e-01,-1.836746811866760254e+00
4.309999999999999942e-01,-1.753620505332946777e+00
4.319999999999999951e-01,-1.761433124542236328e+00
4.329999999999999960e-01,-1.787058472633361816e+00
4.339999999999999969e-01,-1.824559092521667480e+00
4.349999999999999978e-01,-1.844871878623962402e+00
4.359999999999999987e-01,-1.856434583663940430e+00
4.369999999999999996e-01,-1.887372493743896484e+00
4.380000000000000004e-01,-1.885810017585754395e+00
4.390000000000000013e-01,-1.888310074806213379e+00
4.400000000000000022e-01,-1.878934979438781738e+00
4.410000000000000031e-01,-1.803621292114257812e+00
4.420000000000000040e-01,-1.783308506011962891e+00
4.430000000000000049e-01,-1.793621063232421875e+00
4.440000000000000058e-01,-1.797683715820312500e+00
4.450000000000000067e-01,-1.802371263504028320e+00
4.460000000000000075e-01,-1.802371263504028320e+00
4.470000000000000084e-01,-1.801121234893798828e+00
4.480000000000000093e-01,-1.803933739662170410e+00
4.490000000000000102e-01,-1.801433682441711426e+00
4.500000000000000111e-01,-1.803621292114257812e+00
4.510000000000000120e-01,-1.717994928359985352e+00
4.520000000000000129e-01,-1.726120114326477051e+00
4.530000000000000138e-01,-1.751433014869689941e+00
4.540000000000000147e-01,-1.789558529853820801e+00
4.550000000000000155e-01,-1.809871315956115723e+00
4.560000000000000164e-01,-1.820809006690979004e+00
4.570000000000000173e-01,-1.852059483528137207e+00
4.580000000000000182e-01,-1.850809454917907715e+00
4.590000000000000191e-01,-1.853622078895568848e+00
4.600000000000000200e-01,-1.845809459686279297e+00
4.610000000000000209e-01,-1.770183205604553223e+00
4.620000000000000218e-01,-1.745495438575744629e+00
4.630000000000000226e-01,-1.756745576858520508e+00
4.640000000000000235e-01,-1.764870643615722656e+00
4.650000000000000244e-01,-1.763933181762695312e+00
4.660000000000000253e-01,-1.767683267593383789e+00
4.670000000000000262e-01,-1.767058253288269043e+00
4.680000000000000271e-01,-1.767370700836181641e+00
4.689999999999999725e-01,-1.766120672225952148e+00
4.699999999999999734e-01,-1.766433238983154297e+00
4.709999999999999742e-01,-1.685806989669799805e+00
4.719999999999999751e-01,-1.691432118415832520e+00
4.729999999999999760e-01,-1.717994928359985352e+00
4.739999999999999769e-01,-1.758308053016662598e+00
4.749999999999999778e-01,-1.772995829582214355e+00
4.759999999999999787e-01,-1.785495996475219727e+00
4.769999999999999796e-01,-1.820496559143066406e+00
4.779999999999999805e-01,-1.818621516227722168e+00
4.789999999999999813e-01,-1.821746587753295898e+00
4.799999999999999822e-01,-1.808308839797973633e+00
4.809999999999999831e-01,-1.738307833671569824e+00
4.819999999999999840e-01,-1.710182309150695801e+00
4.829999999999999849e-01,-1.725495100021362305e+00
4.839999999999999858e-01,-1.731120109558105469e+00
4.849999999999999867e-01,-1.729557633399963379e+00
4.859999999999999876e-01,-1.735182762145996094e+00
4.869999999999999885e-01,-1.737057805061340332e+00
4.879999999999999893e-01,-1.736432790756225586e+00
4.889999999999999902e-01,-1.734870195388793945e+00
4.899999999999999911e-01,-1.739557743072509766e+00
4.909999999999999920e-01,-1.652369022369384766e+00
4.919999999999999929e-01,-1.660181641578674316e+00
4.929999999999999938e-01,-1.686119437217712402e+00
4.939999999999999947e-01,-1.726432561874389648e+00
4.949999999999999956e-01,-1.742682814598083496e+00
4.959999999999999964e-01,-1.754870533943176270e+00
4.969999999999999973e-01,-1.788308501243591309e+00
4.979999999999999982e-01,-1.785808444023132324e+00
4.989999999999999991e-01,-1.790183544158935547e+00
5.000000000000000000e-01,-1.782683491706848145e+00
5.010000000000000009e-01,-1.711744904518127441e+00
5.020000000000000018e-01,-1.682369470596313477e+00
5.030000000000000027e-01,-1.695182085037231445e+00
5.040000000000000036e-01,-1.698619723320007324e+00
5.050000000000000044e-01,-1.699244737625122070e+00
5.060000000000000053e-01,-1.703932285308837891e+00
5.070000000000000062e-01,-1.703619718551635742e+00
5.080000000000000071e-01,-1.707994818687438965e+00
5.090000000000000080e-01,-1.705494761466979980e+00
5.100000000000000089e-01,-1.706744790077209473e+00
5.110000000000000098e-01,-1.626431107521057129e+00
5.120000000000000107e-01,-1.628306150436401367e+00
5.130000000000000115e-01,-1.651744008064270020e+00
5.140000000000000124e-01,-1.695807099342346191e+00
5.150000000000000133e-01,-1.708932280540466309e+00
5.160000000000000142e-01,-1.722995042800903320e+00
5.170000000000000151e-01,-1.755807995796203613e+00
5.180000000000000160e-01,-1.759558081626892090e+00
5.190000000000000169e-01,-1.761433124542236328e+00
5.200000000000000178e-01,-1.752995491027832031e+00
5.210000000000000187e-01,-1.685181975364685059e+00
5.220000000000000195e-01,-1.652369022369384766e+00
5.230000000000000204e-01,-1.663619160652160645e+00
5.240000000000000213e-01,-1.670806765556335449e+00
5.250000000000000222e-01,-1.672056794166564941e+00
5.260000000000000231e-01,-1.673931837081909180e+00
5.270000000000000240e-01,-1.676744341850280762e+00
5.280000000000000249e-01,-1.679556846618652344e+00
5.290000000000000258e-01,-1.675181865692138672e+00
5.300000000000000266e-01,-1.680181860923767090e+00
5.310000000000000275e-01,-1.600493192672729492e+00
5.320000000000000284e-01,-1.597993135452270508e+00
5.330000000000000293e-01,-1.622368454933166504e+00
5.340000000000000302e-01,-1.666744232177734375e+00
5.350000000000000311e-01,-1.682681918144226074e+00
5.360000000000000320e-01,-1.696119666099548340e+00
5.370000000000000329e-01,-1.729245185852050781e+00
5.380000000000000338e-01,-1.734245181083679199e+00
5.390000000000000346e-01,-1.730807662010192871e+00
5.400000000000000355e-01,-1.727682590484619141e+00
5.410000000000000364e-01,-1.657681584358215332e+00
5.420000000000000373e-01,-1.624243497848510742e+00
5.430000000000000382e-01,-1.634556174278259277e+00
5.440000000000000391e-01,-1.645181298255920410e+00
5.450000000000000400e-01,-1.643306374549865723e+00
5.460000000000000409e-01,-1.647056341171264648e+00
5.470000000000000417e-01,-1.646118879318237305e+00
5.480000000000000426e-01,-1.649868965148925781e+00
5.490000000000000435e-01,-1.647681355476379395e+00
5.500000000000000444e-01,-1.653306484222412109e+00
5.510000000000000453e-01,-1.574555277824401855e+00
5.520000000000000462e-01,-1.571742773056030273e+00
5.530000000000000471e-01,-1.594243049621582031e+00
5.540000000000000480e-01,-1.642681360244750977e+00
5.550000000000000488e-01,-1.659556627273559570e+00
5.560000000000000497e-01,-1.667994260787963867e+00
5.570000000000000506e-01,-1.705494761466979980e+00
5.580000000000000515e-01,-1.699244737625122070e+00
5.590000000000000524e-01,-1.707369804382324219e+00
5.600000000000000533e-01,-1.702057242393493652e+00
5.610000000000000542e-01,-1.635806202888488770e+00
5.620000000000000551e-01,-1.597993135452270508e+00
5.629999999999999449e-01,-1.606430768966674805e+00
5.639999999999999458e-01,-1.616430878639221191e+00
5.649999999999999467e-01,-1.618305921554565430e+00
5.659999999999999476e-01,-1.620805978775024414e+00
5.669999999999999485e-01,-1.622056007385253906e+00
5.679999999999999494e-01,-1.624556064605712891e+00
5.689999999999999503e-01,-1.623306035995483398e+00
5.699999999999999512e-01,-1.627681136131286621e+00
5.709999999999999520e-01,-1.547367334365844727e+00
5.719999999999999529e-01,-1.547367334365844727e+00
5.729999999999999538e-01,-1.571742773056030273e+00
5.739999999999999547e-01,-1.616743445396423340e+00
5.749999999999999556e-01,-1.631431102752685547e+00
5.759999999999999565e-01,-1.644868850708007812e+00
5.769999999999999574e-01,-1.677369356155395508e+00
5.779999999999999583e-01,-1.676119327545166016e+00
5.789999999999999591e-01,-1.680806875228881836e+00
5.799999999999999600e-01,-1.673931837081909180e+00
5.809999999999999609e-01,-1.613305926322937012e+00
5.819999999999999618e-01,-1.572367787361145020e+00
5.829999999999999627e-01,-1.585492968559265137e+00
5.839999999999999636e-01,-1.592680573463439941e+00
5.849999999999999645e-01,-1.593305587768554688e+00
5.859999999999999654e-01,-1.594555616378784180e+00
5.869999999999999662e-01,-1.599243164062500000e+00
5.879999999999999671e-01,-1.598618149757385254e+00
5.889999999999999680e-01,-1.597680687904357910e+00
5.899999999999999689e-01,-1.602368235588073730e+00
5.909999999999999698e-01,-1.525804519653320312e+00
5.919999999999999707e-01,-1.520804405212402344e+00
5.929999999999999716e-01,-1.544242262840270996e+00
5.939999999999999725e-01,-1.593930602073669434e+00
5.949999999999999734e-01,-1.606118202209472656e+00
5.959999999999999742e-01,-1.618305921554565430e+00
5.969999999999999751e-01,-1.653306484222412109e+00
5.979999999999999760e-01,-1.654868960380554199e+00
5.989999999999999769e-01,-1.653931498527526855e+00
5.999999999999999778e-01,-1.652369022369384766e+00
6.009999999999999787e-01,-1.586742997169494629e+00
6.019999999999999796e-01,-1.547992348670959473e+00
6.029999999999999805e-01,-1.558617591857910156e+00
6.039999999999999813e-01,-1.565492630004882812e+00
6.049999999999999822e-01,-1.569555163383483887e+00
6.059999999999999831e-01,-1.572992801666259766e+00
6.069999999999999840e-01,-1.573930263519287109e+00
6.079999999999999849e-01,-1.573930263519287109e+00
6.089999999999999858e-01,-1.574242830276489258e+00
6.099999999999999867e-01,-1.579242825508117676e+00
6.109999999999999876e-01,-1.503304243087768555e+00
6.119999999999999885e-01,-1.499554157257080078e+00
6.129999999999999893e-01,-1.517991900444030762e+00
6.139999999999999902e-01,-1.568930149078369141e+00
6.149999999999999911e-01,-1.581117868423461914e+00
6.159999999999999920e-01,-1.595805644989013672e+00
6.169999999999999929e-01,-1.630181074142456055e+00
6.179999999999999938e-01,-1.629243612289428711e+00
6.189999999999999947e-01,-1.627056121826171875e+00
6.199999999999999956e-01,-1.630181074142456055e+00
6.209999999999999964e-01,-1.566742658615112305e+00
6.219999999999999973e-01,-1.526429533958435059e+00
6.229999999999999982e-01,-1.539554715156555176e+00
6.239999999999999991e-01,-1.542992353439331055e+00
6.250000000000000000e-01,-1.545179843902587891e+00
6.260000000000000009e-01,-1.551429867744445801e+00
6.270000000000000018e-01,-1.550804972648620605e+00
6.280000000000000027e-01,-1.555492520332336426e+00
6.290000000000000036e-01,-1.548929929733276367e+00
6.300000000000000044e-01,-1.559242486953735352e+00
6.310000000000000053e-01,-1.482053875923156738e+00
6.320000000000000062e-01,-1.474553704261779785e+00
6.330000000000000071e-01,-1.492053985595703125e+00
6.340000000000000080e-01,-1.547992348670959473e+00
6.350000000000000089e-01,-1.556429982185363770e+00
6.360000000000000098e-01,-1.573617815971374512e+00
6.370000000000000107e-01,-1.609868288040161133e+00
6.380000000000000115e-01,-1.606743216514587402e+00
6.390000000000000124e-01,-1.608305811882019043e+00
6.400000000000000133e-01,-1.610493302345275879e+00
6.410000000000000142e-01,-1.545179843902587891e+00
6.420000000000000151e-01,-1.501741647720336914e+00
6.430000000000000160e-01,-1.513929367065429688e+00
6.440000000000000169e-01,-1.521116971969604492e+00
6.450000000000000178e-01,-1.523304462432861328e+00
6.460000000000000187e-01,-1.527679562568664551e+00
6.470000000000000195e-01,-1.530804634094238281e+00
6.480000000000000204e-01,-1.530804634094238281e+00
6.490000000000000213e-01,-1.528929591178894043e+00
6.500000000000000222e-01,-1.539242267608642578e+00
6.510000000000000231e-01,-1.462678551673889160e+00
6.520000000000000240e-01,-1.452678442001342773e+00
6.530000000000000249e-01,-1.468928694725036621e+00
6.540000000000000258e-01,-1.525804519653320312e+00
6.550000000000000266e-01,-1.538304686546325684e+00
6.560000000000000275e-01,-1.552054882049560547e+00
6.570000000000000284e-01,-1.587055444717407227e+00
6.580000000000000293e-01,-1.585805416107177734e+00
6.590000000000000302e-01,-1.587055444717407227e+00
6.600000000000000311e-01,-1.589868068695068359e+00
6.610000000000000320e-01,-1.523617029190063477e+00
6.620000000000000329e-01,-1.478928804397583008e+00
6.630000000000000338e-01,-1.494241595268249512e+00
6.640000000000000346e-01,-1.502679228782653809e+00
6.650000000000000355e-01,-1.499866604804992676e+00
6.660000000000000364e-01,-1.506116747856140137e+00
6.670000000000000373e-01,-1.509241819381713867e+00
6.680000000000000382e-01,-1.509866833686828613e+00
6.690000000000000391e-01,-1.507366776466369629e+00
6.700000000000000400e-01,-1.514241814613342285e+00
6.710000000000000409e-01,-1.445803284645080566e+00
6.720000000000000417e-01,-1.432053089141845703e+00
6.730000000000000426e-01,-1.446428298950195312e+00
6.740000000000000435e-01,-1.506741762161254883e+00
6.750000000000000444e-01,-1.516741871833801270e+00
6.760000000000000453e-01,-1.532054662704467773e+00
6.770000000000000462e-01,-1.567992687225341797e+00
6.780000000000000471e-01,-1.566430211067199707e+00
6.790000000000000480e-01,-1.569555163383483887e+00
6.800000000000000488e-01,-1.567680120468139648e+00
6.810000000000000497e-01,-1.505179166793823242e+00
6.820000000000000506e-01,-1.459866046905517578e+00
6.830000000000000515e-01,-1.473303675651550293e+00
6.840000000000000524e-01,-1.482053875923156738e+00
6.850000000000000533e-01,-1.481428861618041992e+00
6.860000000000000542e-01,-1.483928918838500977e+00
6.870000000000000551e-01,-1.491428971290588379e+00
6.879999999999999449e-01,-1.492366552352905273e+00
6.889999999999999458e-01,-1.487053990364074707e+00
6.899999999999999467e-01,-1.497054100036621094e+00
6.909999999999999476e-01,-1.428303003311157227e+00
6.919999999999999485e-01,-1.412365317344665527e+00
6.929999999999999494e-01,-1.426740527153015137e+00
6.939999999999999503e-01,-1.488304018974304199e+00
6.949999999999999512e-01,-1.496429085731506348e+00
6.959999999999999520e-01,-1.510179281234741211e+00
6.969999999999999529e-01,-1.547367334365844727e+00
6.979999999999999538e-01,-1.546429872512817383e+00
6.989999999999999547e-01,-1.545179843902587891e+00
6.999999999999999556e-01,-1.550179958343505859e+00
7.009999999999999565e-01,-1.484241366386413574e+00
7.019999999999999574e-01,-1.444865822792053223e+00
7.029999999999999583e-01,-1.453303456306457520e+00
7.039999999999999591e-01,-1.462053537368774414e+00
7.049999999999999600e-01,-1.460178494453430176e+00
7.059999999999999609e-01,-1.468303680419921875e+00
7.069999999999999618e-01,-1.467678666114807129e+00
7.079999999999999627e-01,-1.476116299629211426e+00
7.089999999999999636e-01,-1.467678666114807129e+00
7.099999999999999645e-01,-1.476116299629211426e+00
7.109999999999999654e-01,-1.407990217208862305e+00
7.119999999999999662e-01,-1.392989993095397949e+00
7.129999999999999671e-01,-1.405490159988403320e+00
7.139999999999999680e-01,-1.468616127967834473e+00
7.149999999999999689e-01,-1.479241371154785156e+00
7.159999999999999698e-01,-1.490803956985473633e+00
7.169999999999999707e-01,-1.531742095947265625e+00
7.179999999999999716e-01,-1.528304576873779297e+00
7.189999999999999725e-01,-1.526429533958435059e+00
7.199999999999999734e-01,-1.532054662704467773e+00
7.209999999999999742e-01,-1.469553709030151367e+00
7.219999999999999751e-01,-1.422990441322326660e+00
7.229999999999999760e-01,-1.433928132057189941e+00
7.239999999999999769e-01,-1.445178270339965820e+00
7.249999999999999778e-01,-1.445178270339965820e+00
7.259999999999999787e-01,-1.450803399085998535e+00
7.269999999999999796e-01,-1.452990889549255371e+00
7.279999999999999805e-01,-1.454553484916687012e+00
7.289999999999999813e-01,-1.451115846633911133e+00
7.299999999999999822e-01,-1.462053537368774414e+00
7.309999999999999831e-01,-1.392989993095397949e+00
7.319999999999999840e-01,-1.373927235603332520e+00
7.329999999999999849e-01,-1.388302445411682129e+00
7.339999999999999858e-01,-1.449865818023681641e+00
7.349999999999999867e-01,-1.458616018295288086e+00
7.359999999999999876e-01,-1.473928689956665039e+00
7.369999999999999885e-01,-1.511741876602172852e+00
7.379999999999999893e-01,-1.512679338455200195e+00
7.389999999999999902e-01,-1.511741876602172852e+00
7.399999999999999911e-01,-1.514866828918457031e+00
7.409999999999999920e-01,-1.448615908622741699e+00
7.419999999999999929e-01,-1.403927683830261230e+00
7.429999999999999938e-01,-1.415490388870239258e+00
7.439999999999999947e-01,-1.426427960395812988e+00
7.449999999999999956e-01,-1.427052974700927734e+00
7.459999999999999964e-01,-1.432678103446960449e+00
7.469999999999999973e-01,-1.434865593910217285e+00
7.479999999999999982e-01,-1.435803174972534180e+00
7.489999999999999991e-01,-1.433615684509277344e+00
7.500000000000000000e-01,-1.439865708351135254e+00
7.510000000000000009e-01,-1.377364754676818848e+00
7.520000000000000018e-01,-1.354239463806152344e+00
7.530000000000000027e-01,-1.370489716529846191e+00
7.540000000000000036e-01,-1.434240579605102539e+00
7.550000000000000044e-01,-1.439553260803222656e+00
7.560000000000000053e-01,-1.458303451538085938e+00
7.570000000000000062e-01,-1.496116638183593750e+00
7.580000000000000071e-01,-1.493929028511047363e+00
7.590000000000000080e-01,-1.493304014205932617e+00
7.600000000000000089e-01,-1.496116638183593750e+00
7.610000000000000098e-01,-1.432990670204162598e+00
7.620000000000000107e-01,-1.383614897727966309e+00
7.630000000000000115e-01,-1.399240136146545410e+00
7.640000000000000124e-01,-1.410490274429321289e+00
7.650000000000000133e-01,-1.408302783966064453e+00
7.660000000000000142e-01,-1.415802836418151855e+00
7.670000000000000151e-01,-1.418302893638610840e+00
7.680000000000000160e-01,-1.419240355491638184e+00
7.690000000000000169e-01,-1.417052865028381348e+00
7.700000000000000178e-01,-1.424865484237670898e+00
7.710000000000000187e-01,-1.362052083015441895e+00
7.720000000000000195e-01,-1.340489149093627930e+00
7.730000000000000204e-01,-1.352989435195922852e+00
7.740000000000000213e-01,-1.415490388870239258e+00
7.750000000000000222e-01,-1.424865484237670898e+00
7.760000000000000231e-01,-1.440490722656250000e+00
7.770000000000000240e-01,-1.477366328239440918e+00
7.780000000000000249e-01,-1.476741313934326172e+00
7.790000000000000258e-01,-1.474553704261779785e+00
7.800000000000000266e-01,-1.479866385459899902e+00
7.810000000000000275e-01,-1.417365431785583496e+00
7.820000000000000284e-01,-1.372364640235900879e+00
7.830000000000000293e-01,-1.381427288055419922e+00
7.840000000000000302e-01,-1.394552588462829590e+00
7.850000000000000311e-01,-1.393927574157714844e+00
7.860000000000000320e-01,-1.400802612304687500e+00
7.870000000000000329e-01,-1.404240131378173828e+00
7.880000000000000338e-01,-1.402677655220031738e+00
7.890000000000000346e-01,-1.397990107536315918e+00
7.900000000000000355e-01,-1.407365202903747559e+00
7.910000000000000364e-01,-1.347051858901977539e+00
7.920000000000000373e-01,-1.323301434516906738e+00
7.930000000000000382e-01,-1.339864253997802734e+00
7.940000000000000391e-01,-1.400177597999572754e+00
7.950000000000000400e-01,-1.404240131378173828e+00
7.960000000000000409e-01,-1.423928022384643555e+00
7.970000000000000417e-01,-1.464553594589233398e+00
7.980000000000000426e-01,-1.462053537368774414e+00
7.990000000000000435e-01,-1.462053537368774414e+00
8.000000000000000444e-01,-1.462053537368774414e+00
8.010000000000000453e-01,-1.400490164756774902e+00
8.020000000000000462e-01,-1.352676868438720703e+00
8.030000000000000471e-01,-1.364864587783813477e+00
8.040000000000000480e-01,-1.377052307128906250e+00
8.050000000000000488e-01,-1.375177264213562012e+00
8.060000000000000497e-01,-1.383927345275878906e+00
8.070000000000000506e-01,-1.387364864349365234e+00
8.080000000000000515e-01,-1.389552474021911621e+00
8.090000000000000524e-01,-1.383614897727966309e+00
8.100000000000000533e-01,-1.392989993095397949e+00
8.110000000000000542e-01,-1.333926558494567871e+00
8.120000000000000551e-01,-1.304551124572753906e+00
8.129999999999999449e-01,-1.322988986968994141e+00
8.139999999999999458e-01,-1.387052416801452637e+00
8.149999999999999467e-01,-1.392364978790283203e+00
8.159999999999999476e-01,-1.408302783966064453e+00
8.169999999999999485e-01,-1.448928356170654297e+00
8.179999999999999494e-01,-1.447365880012512207e+00
8.189999999999999503e-01,-1.444240808486938477e+00
8.199999999999999512e-01,-1.448615908622741699e+00
8.209999999999999520e-01,-1.384239912033081055e+00
8.219999999999999529e-01,-1.339239239692687988e+00
8.229999999999999538e-01,-1.350176811218261719e+00
8.239999999999999547e-01,-1.360489487648010254e+00
8.249999999999999556e-01,-1.361427068710327148e+00
8.259999999999999565e-01,-1.366739630699157715e+00
8.269999999999999574e-01,-1.371427178382873535e+00
8.279999999999999583e-01,-1.372989654541015625e+00
8.289999999999999591e-01,-1.366427063941955566e+00
8.299999999999999600e-01,-1.375489711761474609e+00
8.309999999999999609e-01,-1.317988872528076172e+00
8.319999999999999618e-01,-1.291425943374633789e+00
8.329999999999999627e-01,-1.308301210403442383e+00
8.339999999999999636e-01,-1.370177149772644043e+00
8.349999999999999645e-01,-1.377677321434020996e+00
8.359999999999999654e-01,-1.391739964485168457e+00
8.369999999999999662e-01,-1.431115627288818359e+00
8.379999999999999671e-01,-1.433303117752075195e+00
8.389999999999999680e-01,-1.429240584373474121e+00
8.399999999999999689e-01,-1.432053089141845703e+00
8.409999999999999698e-01,-1.370802164077758789e+00
8.419999999999999707e-01,-1.322676420211791992e+00
8.429999999999999716e-01,-1.336739182472229004e+00
8.439999999999999725e-01,-1.347051858901977539e+00
8.449999999999999734e-01,-1.345489263534545898e+00
8.459999999999999742e-01,-1.352051854133605957e+00
8.469999999999999751e-01,-1.354551911354064941e+00
8.479999999999999760e-01,-1.357676982879638672e+00
8.489999999999999769e-01,-1.357364416122436523e+00
8.499999999999999778e-01,-1.361114501953125000e+00
8.509999999999999787e-01,-1.303926110267639160e+00
8.519999999999999796e-01,-1.276113271713256836e+00
8.529999999999999805e-01,-1.296426057815551758e+00
8.539999999999999813e-01,-1.357364416122436523e+00
8.549999999999999822e-01,-1.360802054405212402e+00
8.559999999999999831e-01,-1.377989768981933594e+00
8.569999999999999840e-01,-1.414865374565124512e+00
8.579999999999999849e-01,-1.419552922248840332e+00
8.589999999999999858e-01,-1.415490388870239258e+00
8.599999999999999867e-01,-1.415802836418151855e+00
8.609999999999999876e-01,-1.354551911354064941e+00
8.619999999999999885e-01,-1.308301210403442383e+00
8.629999999999999893e-01,-1.318613886833190918e+00
8.639999999999999902e-01,-1.332676529884338379e+00
8.649999999999999911e-01,-1.330801606178283691e+00
8.659999999999999920e-01,-1.338926672935485840e+00
8.669999999999999929e-01,-1.338301658630371094e+00
8.679999999999999938e-01,-1.341426730155944824e+00
8.689999999999999947e-01,-1.338926672935485840e+00
8.699999999999999956e-01,-1.348926782608032227e+00
8.709999999999999964e-01,-1.290175914764404297e+00
8.719999999999999973e-01,-1.262362957000732422e+00
8.729999999999999982e-01,-1.280175805091857910e+00
8.739999999999999991e-01,-1.344239234924316406e+00
8.750000000000000000e-01,-1.347051858901977539e+00
8.760000000000000009e-01,-1.364239573478698730e+00
8.770000000000000018e-01,-1.402677655220031738e+00
8.780000000000000027e-01,-1.401427626609802246e+00
8.790000000000000036e-01,-1.399240136146545410e+00
8.800000000000000044e-01,-1.401427626609802246e+00
8.810000000000000053e-01,-1.343301773071289062e+00
8.820000000000000062e-01,-1.294551014900207520e+00
8.830000000000000071e-01,-1.304238677024841309e+00
8.840000000000000080e-01,-1.317676305770874023e+00
8.850000000000000089e-01,-1.316426396369934082e+00
8.860000000000000098e-01,-1.326426506042480469e+00
8.870000000000000107e-01,-1.328301548957824707e+00
8.880000000000000115e-01,-1.329864025115966797e+00
8.890000000000000124e-01,-1.327988982200622559e+00
8.900000000000000133e-01,-1.330176591873168945e+00
8.910000000000000142e-01,-1.275800704956054688e+00
8.920000000000000151e-01,-1.247675299644470215e+00
8.930000000000000160e-01,-1.266738057136535645e+00
8.940000000000000169e-01,-1.328613996505737305e+00
8.950000000000000178e-01,-1.332051634788513184e+00
8.960000000000000187e-01,-1.347676873207092285e+00
8.970000000000000195e-01,-1.385802388191223145e+00
8.980000000000000204e-01,-1.390489935874938965e+00
8.990000000000000213e-01,-1.388614892959594727e+00
9.000000000000000222e-01,-1.386739969253540039e+00
9.010000000000000231e-01,-1.328613996505737305e+00
9.020000000000000240e-01,-1.283613324165344238e+00
9.030000000000000249e-01,-1.292988538742065430e+00
9.040000000000000258e-01,-1.303926110267639160e+00
9.050000000000000266e-01,-1.304863691329956055e+00
9.060000000000000275e-01,-1.309863686561584473e+00
9.070000000000000284e-01,-1.312051296234130859e+00
9.080000000000000293e-01,-1.313301324844360352e+00
9.090000000000000302e-01,-1.312051296234130859e+00
9.100000000000000311e-01,-1.319863915443420410e+00
9.110000000000000320e-01,-1.262675523757934570e+00
9.120000000000000329e-01,-1.234237551689147949e+00
9.130000000000000338e-01,-1.256425380706787109e+00
9.140000000000000346e-01,-1.315176367759704590e+00
9.150000000000000355e-01,-1.319863915443420410e+00
9.160000000000000364e-01,-1.337051630020141602e+00
9.170000000000000373e-01,-1.367989659309387207e+00
9.180000000000000382e-01,-1.380177259445190430e+00
9.190000000000000391e-01,-1.374864697456359863e+00
9.200000000000000400e-01,-1.376114726066589355e+00
9.210000000000000409e-01,-1.314551353454589844e+00
9.220000000000000417e-01,-1.270175576210021973e+00
9.230000000000000426e-01,-1.279238224029541016e+00
9.240000000000000435e-01,-1.294551014900207520e+00
9.250000000000000444e-01,-1.292050957679748535e+00
9.260000000000000453e-01,-1.301113605499267578e+00
9.270000000000000462e-01,-1.299238562583923340e+00
9.280000000000000471e-01,-1.301426053047180176e+00
9.290000000000000480e-01,-1.299863576889038086e+00
9.300000000000000488e-01,-1.306738734245300293e+00
9.310000000000000497e-01,-1.251737833023071289e+00
9.320000000000000506e-01,-1.218299865722656250e+00
9.330000000000000515e-01,-1.244237780570983887e+00
9.340000000000000524e-01,-1.302988648414611816e+00
9.350000000000000533e-01,-1.305488705635070801e+00
9.360000000000000542e-01,-1.325488924980163574e+00
9.370000000000000551e-01,-1.351739406585693359e+00
9.379999999999999449e-01,-1.363614559173583984e+00
9.389999999999999458e-01,-1.362052083015441895e+00
9.399999999999999467e-01,-1.362989544868469238e+00
9.409999999999999476e-01,-1.304238677024841309e+00
9.419999999999999485e-01,-1.257675409317016602e+00
9.429999999999999494e-01,-1.266113042831420898e+00
9.439999999999999503e-01,-1.278613209724426270e+00
9.449999999999999512e-01,-1.276425719261169434e+00
9.459999999999999520e-01,-1.286425828933715820e+00
9.469999999999999529e-01,-1.283925890922546387e+00
9.479999999999999538e-01,-1.289863467216491699e+00
9.489999999999999547e-01,-1.285488367080688477e+00
9.499999999999999556e-01,-1.294863462448120117e+00
9.509999999999999565e-01,-1.238925099372863770e+00
9.519999999999999574e-01,-1.207049727439880371e+00
9.529999999999999583e-01,-1.236425161361694336e+00
9.539999999999999591e-01,-1.292675971984863281e+00
9.549999999999999600e-01,-1.289863467216491699e+00
9.559999999999999609e-01,-1.310488700866699219e+00
9.569999999999999618e-01,-1.339551687240600586e+00
9.579999999999999627e-01,-1.355489492416381836e+00
9.589999999999999636e-01,-1.346114277839660645e+00
9.599999999999999645e-01,-1.349551796913146973e+00
9.609999999999999654e-01,-1.287988424301147461e+00
9.619999999999999662e-01,-1.241737723350524902e+00
9.629999999999999671e-01,-1.253300428390502930e+00
9.639999999999999680e-01,-1.265488028526306152e+00
9.649999999999999689e-01,-1.263925552368164062e+00
9.659999999999999698e-01,-1.272363185882568359e+00
9.669999999999999707e-01,-1.273300647735595703e+00
9.679999999999999716e-01,-1.276113271713256836e+00
9.689999999999999725e-01,-1.271425604820251465e+00
9.699999999999999734e-01,-1.281425833702087402e+00
9.709999999999999742e-01,-1.229237556457519531e+00
9.719999999999999751e-01,-1.194549441337585449e+00
9.729999999999999760e-01,-1.223612427711486816e+00
9.739999999999999769e-01,-1.277050733566284180e+00
9.749999999999999778e-01,-1.279863238334655762e+00
9.759999999999999787e-01,-1.299551129341125488e+00
9.769999999999999796e-01,-1.323614001274108887e+00
9.779999999999999805e-01,-1.341114163398742676e+00
9.789999999999999813e-01,-1.336114168167114258e+00
9.799999999999999822e-01,-1.337051630020141602e+00
9.809999999999999831e-01,-1.274238228797912598e+00
9.819999999999999840e-01,-1.228612542152404785e+00
9.829999999999999849e-01,-1.243300199508666992e+00
9.839999999999999858e-01,-1.253925442695617676e+00
9.849999999999999867e-01,-1.253300428390502930e+00
9.859999999999999876e-01,-1.260175466537475586e+00
9.869999999999999885e-01,-1.260488033294677734e+00
9.879999999999999893e-01,-1.264550566673278809e+00
9.889999999999999902e-01,-1.262675523757934570e+00
9.899999999999999911e-01,-1.270800590515136719e+00
9.909999999999999920e-01,-1.219237327575683594e+00
9.919999999999999929e-01,-1.181736826896667480e+00
9.929999999999999938e-01,-1.212674736976623535e+00
9.939999999999999947e-01,-1.269863128662109375e+00
9.949999999999999956e-01,-1.266113042831420898e+00
9.959999999999999964e-01,-1.287050843238830566e+00
9.969999999999999973e-01,-1.308926224708557129e+00
9.979999999999999982e-01,-1.329864025115966797e+00
9.989999999999999991e-01,-1.327676534652709961e+00
1.000000000000000000e+00,-1.323926448822021484e+00
1.000999999999999890e+00,-1.264550566673278809e+00
1.002000000000000002e+00,-1.217674851417541504e+00
1.002999999999999892e+00,-1.231425046920776367e+00
1.004000000000000004e+00,-1.241737723350524902e+00
1.004999999999999893e+00,-1.243300199508666992e+00
1.006000000000000005e+00,-1.253612875938415527e+00
1.006999999999999895e+00,-1.249237775802612305e+00
1.008000000000000007e+00,-1.254237890243530273e+00
1.008999999999999897e+00,-1.250175356864929199e+00
1.010000000000000009e+00,-1.254862904548645020e+00
1.010999999999999899e+00,-1.206424713134765625e+00
1.012000000000000011e+00,-1.168924093246459961e+00
1.012999999999999901e+00,-1.202674627304077148e+00
1.014000000000000012e+00,-1.254550337791442871e+00
1.014999999999999902e+00,-1.256425380706787109e+00
1.016000000000000014e+00,-1.275800704956054688e+00
1.016999999999999904e+00,-1.299238562583923340e+00
1.018000000000000016e+00,-1.318613886833190918e+00
1.018999999999999906e+00,-1.313301324844360352e+00
1.020000000000000018e+00,-1.312051296234130859e+00
1.020999999999999908e+00,-1.257050395011901855e+00
1.022000000000000020e+00,-1.207362174987792969e+00
1.022999999999999909e+00,-1.218612313270568848e+00
1.024000000000000021e+00,-1.234862565994262695e+00
1.024999999999999911e+00,-1.231112480163574219e+00
1.026000000000000023e+00,-1.238925099372863770e+00
1.026999999999999913e+00,-1.237987637519836426e+00
1.028000000000000025e+00,-1.243300199508666992e+00
1.028999999999999915e+00,-1.239862680435180664e+00
1.030000000000000027e+00,-1.242987751960754395e+00
1.030999999999999917e+00,-1.196112036705017090e+00
1.032000000000000028e+00,-1.161423921585083008e+00
1.032999999999999918e+00,-1.193924427032470703e+00
1.034000000000000030e+00,-1.245175242424011230e+00
1.034999999999999920e+00,-1.247362732887268066e+00
1.036000000000000032e+00,-1.263300538063049316e+00
1.036999999999999922e+00,-1.284863352775573730e+00
1.038000000000000034e+00,-1.306113719940185547e+00
1.038999999999999924e+00,-1.300488591194152832e+00
1.040000000000000036e+00,-1.303613662719726562e+00
1.040999999999999925e+00,-1.242987751960754395e+00
1.042000000000000037e+00,-1.192986965179443359e+00
1.042999999999999927e+00,-1.204549670219421387e+00
1.044000000000000039e+00,-1.221737384796142578e+00
1.044999999999999929e+00,-1.218924880027770996e+00
1.046000000000000041e+00,-1.227362513542175293e+00
1.046999999999999931e+00,-1.226424932479858398e+00
1.048000000000000043e+00,-1.231425046920776367e+00
1.048999999999999932e+00,-1.226112484931945801e+00
1.050000000000000044e+00,-1.238612651824951172e+00
1.050999999999999934e+00,-1.187674403190612793e+00
1.052000000000000046e+00,-1.148923754692077637e+00
1.052999999999999936e+00,-1.182986855506896973e+00
1.054000000000000048e+00,-1.235487580299377441e+00
1.054999999999999938e+00,-1.236112594604492188e+00
1.056000000000000050e+00,-1.253300428390502930e+00
1.056999999999999940e+00,-1.273613214492797852e+00
1.058000000000000052e+00,-1.297676086425781250e+00
1.058999999999999941e+00,-1.290800929069519043e+00
1.060000000000000053e+00,-1.294238448143005371e+00
1.060999999999999943e+00,-1.231425046920776367e+00
1.062000000000000055e+00,-1.185174345970153809e+00
1.062999999999999945e+00,-1.195174455642700195e+00
1.064000000000000057e+00,-1.209549665451049805e+00
1.064999999999999947e+00,-1.205799698829650879e+00
1.066000000000000059e+00,-1.218299865722656250e+00
1.066999999999999948e+00,-1.213299751281738281e+00
1.068000000000000060e+00,-1.218612313270568848e+00
1.068999999999999950e+00,-1.219549894332885742e+00
1.070000000000000062e+00,-1.223299860954284668e+00
1.070999999999999952e+00,-1.176736712455749512e+00
1.072000000000000064e+00,-1.137986063957214355e+00
1.072999999999999954e+00,-1.171736598014831543e+00
1.074000000000000066e+00,-1.223299860954284668e+00
1.074999999999999956e+00,-1.222674965858459473e+00
1.076000000000000068e+00,-1.244237780570983887e+00
1.076999999999999957e+00,-1.260175466537475586e+00
1.078000000000000069e+00,-1.285800814628601074e+00
1.078999999999999959e+00,-1.280175805091857910e+00
1.080000000000000071e+00,-1.284550905227661133e+00
1.080999999999999961e+00,-1.220174908638000488e+00
1.082000000000000073e+00,-1.173299193382263184e+00
1.082999999999999963e+00,-1.186111807823181152e+00
1.084000000000000075e+00,-1.196737051010131836e+00
1.084999999999999964e+00,-1.199549555778503418e+00
1.086000000000000076e+00,-1.207049727439880371e+00
1.086999999999999966e+00,-1.201737046241760254e+00
1.088000000000000078e+00,-1.210487246513366699e+00
1.088999999999999968e+00,-1.207049727439880371e+00
1.090000000000000080e+00,-1.212362289428710938e+00
1.090999999999999970e+00,-1.168611526489257812e+00
1.092000000000000082e+00,-1.122985839843750000e+00
1.092999999999999972e+00,-1.161111474037170410e+00
1.094000000000000083e+00,-1.215174794197082520e+00
1.094999999999999973e+00,-1.212362289428710938e+00
1.096000000000000085e+00,-1.233612537384033203e+00
1.096999999999999975e+00,-1.248612761497497559e+00
1.098000000000000087e+00,-1.275175690650939941e+00
1.098999999999999977e+00,-1.270800590515136719e+00
1.100000000000000089e+00,-1.276113271713256836e+00
1.100999999999999979e+00,-1.210799694061279297e+00
1.102000000000000091e+00,-1.163923978805541992e+00
1.102999999999999980e+00,-1.177986741065979004e+00
1.104000000000000092e+00,-1.189549446105957031e+00
1.104999999999999982e+00,-1.189236879348754883e+00
1.106000000000000094e+00,-1.197049498558044434e+00
1.106999999999999984e+00,-1.189549446105957031e+00
1.108000000000000096e+00,-1.198612093925476074e+00
1.108999999999999986e+00,-1.196424484252929688e+00
1.110000000000000098e+00,-1.199549555778503418e+00
1.110999999999999988e+00,-1.158923983573913574e+00
1.112000000000000099e+00,-1.112048268318176270e+00
1.112999999999999989e+00,-1.147673726081848145e+00
1.114000000000000101e+00,-1.200487017631530762e+00
1.114999999999999991e+00,-1.198299527168273926e+00
1.116000000000000103e+00,-1.223924875259399414e+00
1.116999999999999993e+00,-1.240175127983093262e+00
1.118000000000000105e+00,-1.265488028526306152e+00
1.118999999999999995e+00,-1.264237999916076660e+00
1.120000000000000107e+00,-1.265175580978393555e+00
1.120999999999999996e+00,-1.201737046241760254e+00
1.122000000000000108e+00,-1.154861330986022949e+00
1.122999999999999998e+00,-1.168299078941345215e+00
1.124000000000000110e+00,-1.177986741065979004e+00
1.125000000000000000e+00,-1.178299188613891602e+00
1.125999999999999890e+00,-1.185174345970153809e+00
1.127000000000000002e+00,-1.182674288749694824e+00
1.127999999999999892e+00,-1.189236879348754883e+00
1.129000000000000004e+00,-1.189236879348754883e+00
1.129999999999999893e+00,-1.192674398422241211e+00
1.131000000000000005e+00,-1.151736378669738770e+00
1.131999999999999895e+00,-1.104548096656799316e+00
1.133000000000000007e+00,-1.138611078262329102e+00
1.133999999999999897e+00,-1.191736936569213867e+00
1.135000000000000009e+00,-1.190799474716186523e+00
1.135999999999999899e+00,-1.213612318038940430e+00
1.137000000000000011e+00,-1.227362513542175293e+00
1.137999999999999901e+00,-1.254862904548645020e+00
1.139000000000000012e+00,-1.252050399780273438e+00
1.139999999999999902e+00,-1.259238004684448242e+00
1.141000000000000014e+00,-1.191424489021301270e+00
1.141999999999999904e+00,-1.142673730850219727e+00
1.143000000000000016e+00,-1.154861330986022949e+00
1.143999999999999906e+00,-1.168924093246459961e+00
1.145000000000000018e+00,-1.168924093246459961e+00
1.145999999999999908e+00,-1.177049160003662109e+00
1.147000000000000020e+00,-1.175174236297607422e+00
1.147999999999999909e+00,-1.182674288749694824e+00
1.149000000000000021e+00,-1.178299188613891602e+00
1.149999999999999911e+00,-1.181736826896667480e+00
1.151000000000000023e+00,-1.142986178398132324e+00
1.151999999999999913e+00,-1.091422915458679199e+00
1.153000000000000025e+00,-1.130486011505126953e+00
1.153999999999999915e+00,-1.180174231529235840e+00
1.155000000000000027e+00,-1.182986855506896973e+00
1.155999999999999917e+00,-1.200174570083618164e+00
1.157000000000000028e+00,-1.217362284660339355e+00
1.157999999999999918e+00,-1.245487809181213379e+00
1.159000000000000030e+00,-1.241112709045410156e+00
1.159999999999999920e+00,-1.247050285339355469e+00
1.161000000000000032e+00,-1.185799360275268555e+00
1.161999999999999922e+00,-1.131423473358154297e+00
1.163000000000000034e+00,-1.149861335754394531e+00
1.163999999999999924e+00,-1.157986402511596680e+00
1.165000000000000036e+00,-1.159548997879028320e+00
1.165999999999999925e+00,-1.164236545562744141e+00
1.167000000000000037e+00,-1.164861559867858887e+00
1.167999999999999927e+00,-1.172986626625061035e+00
1.169000000000000039e+00,-1.167674064636230469e+00
1.169999999999999929e+00,-1.172674179077148438e+00
1.171000000000000041e+00,-1.136423587799072266e+00
1.171999999999999931e+00,-1.081735253334045410e+00
1.173000000000000043e+00,-1.121110916137695312e+00
1.173999999999999932e+00,-1.170174121856689453e+00
1.175000000000000044e+00,-1.172986626625061035e+00
1.175999999999999934e+00,-1.188924431800842285e+00
1.177000000000000046e+00,-1.209862232208251953e+00
1.177999999999999936e+00,-1.240800142288208008e+00
1.179000000000000048e+00,-1.230487585067749023e+00
1.179999999999999938e+00,-1.242987751960754395e+00
1.181000000000000050e+00,-1.177049160003662109e+00
1.181999999999999940e+00,-1.126423478126525879e+00
1.183000000000000052e+00,-1.137048602104187012e+00
1.183999999999999941e+00,-1.150798797607421875e+00
1.185000000000000053e+00,-1.150486350059509277e+00
1.185999999999999943e+00,-1.157673954963684082e+00
1.187000000000000055e+00,-1.154548883438110352e+00
1.187999999999999945e+00,-1.161423921585083008e+00
1.189000000000000057e+00,-1.157361388206481934e+00
1.189999999999999947e+00,-1.165486574172973633e+00
1.191000000000000059e+00,-1.127360939979553223e+00
1.191999999999999948e+00,-1.073297619819641113e+00
1.193000000000000060e+00,-1.109860658645629883e+00
1.193999999999999950e+00,-1.158611416816711426e+00
1.195000000000000062e+00,-1.164236545562744141e+00
1.195999999999999952e+00,-1.182986855506896973e+00
1.197000000000000064e+00,-1.196424484252929688e+00
1.197999999999999954e+00,-1.229550004005432129e+00
1.199000000000000066e+00,-1.227362513542175293e+00
1.199999999999999956e+00,-1.232050061225891113e+00
1.201000000000000068e+00,-1.169236540794372559e+00
1.201999999999999957e+00,-1.114860773086547852e+00
1.203000000000000069e+00,-1.127985954284667969e+00
1.203999999999999959e+00,-1.138923645019531250e+00
1.205000000000000071e+00,-1.141111135482788086e+00
1.205999999999999961e+00,-1.148298740386962891e+00
1.207000000000000073e+00,-1.145798683166503906e+00
1.207999999999999963e+00,-1.150798797607421875e+00
1.209000000000000075e+00,-1.151111364364624023e+00
1.209999999999999964e+00,-1.155173897743225098e+00
1.211000000000000076e+00,-1.120173335075378418e+00
1.211999999999999966e+00,-1.063609957695007324e+00
1.213000000000000078e+00,-1.094235420227050781e+00
1.213999999999999968e+00,-1.150486350059509277e+00
1.215000000000000080e+00,-1.156111359596252441e+00
1.215999999999999970e+00,-1.173924207687377930e+00
1.217000000000000082e+00,-1.189861893653869629e+00
1.217999999999999972e+00,-1.220799922943115234e+00
1.219000000000000083e+00,-1.216737270355224609e+00
1.219999999999999973e+00,-1.227362513542175293e+00
1.221000000000000085e+00,-1.160486459732055664e+00
1.221999999999999975e+00,-1.103298068046569824e+00
1.223000000000000087e+00,-1.117673277854919434e+00
1.223999999999999977e+00,-1.129548430442810059e+00
1.225000000000000089e+00,-1.130486011505126953e+00
1.225999999999999979e+00,-1.137986063957214355e+00
1.227000000000000091e+00,-1.138298630714416504e+00
1.227999999999999980e+00,-1.139861106872558594e+00
1.229000000000000092e+00,-1.142673730850219727e+00
1.229999999999999982e+00,-1.147048711776733398e+00
1.231000000000000094e+00,-1.109860658645629883e+00
1.231999999999999984e+00,-1.053922295570373535e+00
1.233000000000000096e+00,-1.088610410690307617e+00
1.233999999999999986e+00,-1.138923645019531250e+00
1.235000000000000098e+00,-1.147986292839050293e+00
1.235999999999999988e+00,-1.162048935890197754e+00
1.237000000000000099e+00,-1.182049274444580078e+00
1.237999999999999989e+00,-1.214862346649169922e+00
1.239000000000000101e+00,-1.205174684524536133e+00
1.239999999999999991e+00,-1.214862346649169922e+00
1.241000000000000103e+00,-1.152673840522766113e+00
1.241999999999999993e+00,-1.098297953605651855e+00
1.243000000000000105e+00,-1.110485672950744629e+00
1.243999999999999995e+00,-1.121423363685607910e+00
1.245000000000000107e+00,-1.121735811233520508e+00
1.245999999999999996e+00,-1.131423473358154297e+00
1.247000000000000108e+00,-1.126735925674438477e+00
1.247999999999999998e+00,-1.134861111640930176e+00
1.249000000000000110e+00,-1.132361054420471191e+00
1.250000000000000000e+00,-1.137048602104187012e+00
1.250999999999999890e+00,-1.104548096656799316e+00
1.252000000000000002e+00,-1.048609733581542969e+00
1.252999999999999892e+00,-1.077360153198242188e+00
1.254000000000000004e+00,-1.129860997200012207e+00
1.254999999999999893e+00,-1.137361049652099609e+00
1.256000000000000005e+00,-1.154861330986022949e+00
1.256999999999999895e+00,-1.171736598014831543e+00
1.258000000000000007e+00,-1.204862117767333984e+00
1.258999999999999897e+00,-1.197362065315246582e+00
1.260000000000000009e+00,-1.208924651145935059e+00
1.260999999999999899e+00,-1.146736264228820801e+00
1.262000000000000011e+00,-1.090797901153564453e+00
1.262999999999999901e+00,-1.102048039436340332e+00
1.264000000000000012e+00,-1.113298296928405762e+00
1.264999999999999902e+00,-1.112673282623291016e+00
1.266000000000000014e+00,-1.124235868453979492e+00
1.266999999999999904e+00,-1.119548320770263672e+00
1.268000000000000016e+00,-1.127985954284667969e+00
1.268999999999999906e+00,-1.124548435211181641e+00
1.270000000000000018e+00,-1.129860997200012207e+00
1.270999999999999908e+00,-1.093610405921936035e+00
1.272000000000000020e+00,-1.040172100067138672e+00
1.272999999999999909e+00,-1.068610072135925293e+00
1.274000000000000021e+00,-1.116735816001892090e+00
1.274999999999999911e+00,-1.127673506736755371e+00
1.276000000000000023e+00,-1.149861335754394531e+00
1.276999999999999913e+00,-1.164548993110656738e+00
1.278000000000000025e+00,-1.200799584388732910e+00
1.278999999999999915e+00,-1.188299417495727539e+00
1.280000000000000027e+00,-1.196737051010131836e+00
1.280999999999999917e+00,-1.138298630714416504e+00
1.282000000000000028e+00,-1.082672715187072754e+00
1.282999999999999918e+00,-1.092047929763793945e+00
1.284000000000000030e+00,-1.104235649108886719e+00
1.284999999999999920e+00,-1.107360601425170898e+00
1.286000000000000032e+00,-1.109860658645629883e+00
1.286999999999999922e+00,-1.111423254013061523e+00
1.288000000000000034e+00,-1.116110801696777344e+00
1.288999999999999924e+00,-1.117673277854919434e+00
1.290000000000000036e+00,-1.120173335075378418e+00
1.290999999999999925e+00,-1.089547872543334961e+00
1.292000000000000037e+00,-1.032047033309936523e+00
1.292999999999999927e+00,-1.059859871864318848e+00
1.294000000000000039e+00,-1.111110687255859375e+00
1.294999999999999929e+00,-1.117360830307006836e+00
1.296000000000000041e+00,-1.139236092567443848e+00
1.296999999999999931e+00,-1.150173783302307129e+00
1.298000000000000043e+00,-1.185486793518066406e+00
1.298999999999999932e+00,-1.179549217224121094e+00
1.300000000000000044e+00,-1.189861893653869629e+00
1.300999999999999934e+00,-1.128923535346984863e+00
1.302000000000000046e+00,-1.072360157966613770e+00
1.302999999999999936e+00,-1.086735367774963379e+00
1.304000000000000048e+00,-1.096110463142395020e+00
1.304999999999999938e+00,-1.098297953605651855e+00
1.306000000000000050e+00,-1.106423139572143555e+00
1.306999999999999940e+00,-1.101735591888427734e+00
1.308000000000000052e+00,-1.110173225402832031e+00
1.308999999999999941e+00,-1.109548211097717285e+00
1.310000000000000053e+00,-1.113298296928405762e+00
1.310999999999999943e+00,-1.082985281944274902e+00
1.312000000000000055e+00,-1.024234414100646973e+00
1.312999999999999945e+00,-1.054547309875488281e+00
1.314000000000000057e+00,-1.100172996520996094e+00
1.314999999999999947e+00,-1.111735701560974121e+00
1.316000000000000059e+00,-1.132048487663269043e+00
1.316999999999999948e+00,-1.143923759460449219e+00
1.318000000000000060e+00,-1.181111812591552734e+00
1.318999999999999950e+00,-1.172361612319946289e+00
1.320000000000000062e+00,-1.179861783981323242e+00
1.320999999999999952e+00,-1.122673392295837402e+00
1.322000000000000064e+00,-1.062359929084777832e+00
1.322999999999999954e+00,-1.076110124588012695e+00
1.324000000000000066e+00,-1.086422801017761230e+00
1.324999999999999956e+00,-1.089860439300537109e+00
1.326000000000000068e+00,-1.098610520362854004e+00
1.326999999999999957e+00,-1.092985391616821289e+00
1.328000000000000069e+00,-1.099547982215881348e+00
1.328999999999999959e+00,-1.100798010826110840e+00
1.330000000000000071e+00,-1.107360601425170898e+00
1.330999999999999961e+00,-1.074860095977783203e+00
1.332000000000000073e+00,-1.015171766281127930e+00
1.332999999999999963e+00,-1.044547200202941895e+00
1.334000000000000075e+00,-1.092360377311706543e+00
1.334999999999999964e+00,-1.104235649108886719e+00
1.336000000000000076e+00,-1.123298406600952148e+00
1.336999999999999966e+00,-1.137361049652099609e+00
1.338000000000000078e+00,-1.172361612319946289e+00
1.338999999999999968e+00,-1.167986631393432617e+00
1.340000000000000080e+00,-1.171111583709716797e+00
1.340999999999999970e+00,-1.116423249244689941e+00
1.342000000000000082e+00,-1.058297395706176758e+00
1.342999999999999972e+00,-1.065797567367553711e+00
1.344000000000000083e+00,-1.080797791481018066e+00
1.344999999999999973e+00,-1.082047820091247559e+00
1.346000000000000085e+00,-1.089235424995422363e+00
1.346999999999999975e+00,-1.087672829627990723e+00
1.348000000000000087e+00,-1.097048044204711914e+00
1.348999999999999977e+00,-1.094860434532165527e+00
1.350000000000000089e+00,-1.095798015594482422e+00
1.350999999999999979e+00,-1.074235200881958008e+00
1.352000000000000091e+00,-1.007359147071838379e+00
1.352999999999999980e+00,-1.034859538078308105e+00
1.354000000000000092e+00,-1.078297734260559082e+00
1.354999999999999982e+00,-1.097048044204711914e+00
1.356000000000000094e+00,-1.114860773086547852e+00
1.356999999999999984e+00,-1.127048492431640625e+00
1.358000000000000096e+00,-1.168299078941345215e+00
1.358999999999999986e+00,-1.159548997879028320e+00
1.360000000000000098e+00,-1.162673950195312500e+00
1.360999999999999988e+00,-1.110485672950744629e+00
1.362000000000000099e+00,-1.051422238349914551e+00
1.362999999999999989e+00,-1.059859871864318848e+00
1.364000000000000101e+00,-1.076735138893127441e+00
1.364999999999999991e+00,-1.074547648429870605e+00
1.366000000000000103e+00,-1.081422805786132812e+00
1.366999999999999993e+00,-1.078297734260559082e+00
1.368000000000000105e+00,-1.084860324859619141e+00
1.368999999999999995e+00,-1.086110353469848633e+00
1.370000000000000107e+00,-1.089547872543334961e+00
1.370999999999999996e+00,-1.062672495841979980e+00
1.372000000000000108e+00,-9.989215135574340820e-01
1.372999999999999998e+00,-1.026421904563903809e+00
1.374000000000000110e+00,-1.069547533988952637e+00
1.375000000000000000e+00,-1.085797786712646484e+00
1.375999999999999890e+00,-1.108298182487487793e+00
1.377000000000000002e+00,-1.118923306465148926e+00
1.377999999999999892e+00,-1.160174012184143066e+00
1.379000000000000004e+00,-1.151111364364624023e+00
1.379999999999999893e+00,-1.152048826217651367e+00
1.381000000000000005e+00,-1.104548096656799316e+00
1.381999999999999895e+00,-1.044234633445739746e+00
1.383000000000000007e+00,-1.053922295570373535e+00
1.383999999999999897e+00,-1.062672495841979980e+00
1.385000000000000009e+00,-1.066422581672668457e+00
1.385999999999999899e+00,-1.074235200881958008e+00
1.387000000000000011e+00,-1.073297619819641113e+00
1.387999999999999901e+00,-1.077360153198242188e+00
1.389000000000000012e+00,-1.078297734260559082e+00
1.389999999999999902e+00,-1.080485224723815918e+00
1.391000000000000014e+00,-1.055797338485717773e+00
1.391999999999999904e+00,-9.923588633537292480e-01
1.393000000000000016e+00,-1.016421794891357422e+00
1.393999999999999906e+00,-1.061734914779663086e+00
1.395000000000000018e+00,-1.080797791481018066e+00
1.395999999999999908e+00,-1.098610520362854004e+00
1.397000000000000020e+00,-1.113298296928405762e+00
1.397999999999999909e+00,-1.152048826217651367e+00
1.399000000000000021e+00,-1.142986178398132324e+00
1.399999999999999911e+00,-1.144548773765563965e+00
1.401000000000000023e+00,-1.096110463142395020e+00
1.401999999999999913e+00,-1.037359595298767090e+00
1.403000000000000025e+00,-1.045172214508056641e+00
1.403999999999999915e+00,-1.056422352790832520e+00
1.405000000000000027e+00,-1.059547424316406250e+00
1.405999999999999917e+00,-1.067360043525695801e+00
1.407000000000000028e+00,-1.064859986305236816e+00
1.407999999999999918e+00,-1.072672605514526367e+00
1.409000000000000030e+00,-1.070797562599182129e+00
1.409999999999999920e+00,-1.074235200881958008e+00
1.411000000000000032e+00,-1.055797338485717773e+00
1.411999999999999922e+00,-9.861087799072265625e-01
1.413000000000000034e+00,-1.012671709060668945e+00
1.413999999999999924e+00,-1.049859762191772461e+00
1.415000000000000036e+00,-1.073297619819641113e+00
1.415999999999999925e+00,-1.094547986984252930e+00
1.417000000000000037e+00,-1.102985620498657227e+00
1.417999999999999927e+00,-1.144548773765563965e+00
1.419000000000000039e+00,-1.136423587799072266e+00
1.419999999999999929e+00,-1.137361049652099609e+00
1.421000000000000041e+00,-1.095798015594482422e+00
1.421999999999999931e+00,-1.029546976089477539e+00
1.423000000000000043e+00,-1.037359595298767090e+00
1.423999999999999932e+00,-1.047984719276428223e+00
1.425000000000000044e+00,-1.052672266960144043e+00
1.425999999999999934e+00,-1.060797452926635742e+00
1.427000000000000046e+00,-1.055797338485717773e+00
1.427999999999999936e+00,-1.064547538757324219e+00
1.429000000000000048e+00,-1.067047476768493652e+00
1.429999999999999938e+00,-1.067360043525695801e+00
1.431000000000000050e+00,-1.048297286033630371e+00
1.431999999999999940e+00,-9.782961606979370117e-01
1.433000000000000052e+00,-1.002671599388122559e+00
1.433999999999999941e+00,-1.042672157287597656e+00
1.435000000000000053e+00,-1.067985057830810547e+00
1.435999999999999943e+00,-1.085172772407531738e+00
1.437000000000000055e+00,-1.094860434532165527e+00
1.437999999999999945e+00,-1.137048602104187012e+00
1.439000000000000057e+00,-1.129548430442810059e+00
1.439999999999999947e+00,-1.131736040115356445e+00
1.441000000000000059e+00,-1.086110353469848633e+00
1.441999999999999948e+00,-1.023921847343444824e+00
1.443000000000000060e+00,-1.030484437942504883e+00
1.443999999999999950e+00,-1.042047142982482910e+00
1.445000000000000062e+00,-1.046734690666198730e+00
1.445999999999999952e+00,-1.051734805107116699e+00
1.447000000000000064e+00,-1.052359819412231445e+00
1.447999999999999954e+00,-1.055797338485717773e+00
1.449000000000000066e+00,-1.060172438621520996e+00
1.449999999999999956e+00,-1.060797452926635742e+00
1.451000000000000068e+00,-1.042984724044799805e+00
1.451999999999999957e+00,-9.701710343360900879e-01
1.453000000000000069e+00,-9.932963848114013672e-01
1.453999999999999959e+00,-1.029859423637390137e+00
1.455000000000000071e+00,-1.062359929084777832e+00
1.455999999999999961e+00,-1.077985167503356934e+00
1.457000000000000073e+00,-1.085485339164733887e+00
1.457999999999999963e+00,-1.129860997200012207e+00
1.459000000000000075e+00,-1.124548435211181641e+00
1.459999999999999964e+00,-1.119548320770263672e+00
1.461000000000000076e+00,-1.080797791481018066e+00
1.461999999999999966e+00,-1.017671823501586914e+00
1.463000000000000078e+00,-1.024546861648559570e+00
1.463999999999999968e+00,-1.035172104835510254e+00
1.465000000000000080e+00,-1.039547085762023926e+00
1.465999999999999970e+00,-1.046734690666198730e+00
1.467000000000000082e+00,-1.042984724044799805e+00
1.467999999999999972e+00,-1.050172328948974609e+00
1.469000000000000083e+00,-1.055172324180603027e+00
1.469999999999999973e+00,-1.053922295570373535e+00
1.471000000000000085e+00,-1.038609623908996582e+00
1.471999999999999975e+00,-9.620459079742431641e-01
1.473000000000000087e+00,-9.873588085174560547e-01
1.473999999999999977e+00,-1.024234414100646973e+00
1.475000000000000089e+00,-1.053609848022460938e+00
1.475999999999999979e+00,-1.074235200881958008e+00
1.477000000000000091e+00,-1.081422805786132812e+00
1.477999999999999980e+00,-1.122360825538635254e+00
1.479000000000000092e+00,-1.116110801696777344e+00
1.479999999999999982e+00,-1.112985730171203613e+00
1.481000000000000094e+00,-1.076735138893127441e+00
1.481999999999999984e+00,-1.011734247207641602e+00
1.483000000000000096e+00,-1.018609285354614258e+00
1.483999999999999986e+00,-1.029546976089477539e+00
1.485000000000000098e+00,-1.037984609603881836e+00
1.485999999999999988e+00,-1.040484666824340820e+00
1.487000000000000099e+00,-1.040172100067138672e+00
1.487999999999999989e+00,-1.043922185897827148e+00
1.489000000000000101e+00,-1.046109676361083984e+00
1.489999999999999991e+00,-1.049234747886657715e+00
1.491000000000000103e+00,-1.035172104835510254e+00
1.491999999999999993e+00,-9.582958817481994629e-01
1.493000000000000105e+00,-9.779836535453796387e-01
1.493999999999999995e+00,-1.013296723365783691e+00
1.495000000000000107e+00,-1.046422243118286133e+00
1.495999999999999996e+00,-1.066735029220581055e+00
1.497000000000000108e+00,-1.073610186576843262e+00
1.497999999999999998e+00,-1.116110801696777344e+00
1.499000000000000110e+00,-1.106110572814941406e+00
1.500000000000000000e+00,-1.103923082351684570e+00
1.500999999999999890e+00,-1.070797562599182129e+00
1.502000000000000002e+00,-1.006109118461608887e+00
1.502999999999999892e+00,-1.008296608924865723e+00
1.504000000000000004e+00,-1.022984385490417480e+00
1.504999999999999893e+00,-1.027359485626220703e+00
1.506000000000000005e+00,-1.032047033309936523e+00
1.506999999999999895e+00,-1.032984495162963867e+00
1.508000000000000007e+00,-1.038297057151794434e+00
1.508999999999999897e+00,-1.039547085762023926e+00
1.510000000000000009e+00,-1.038297057151794434e+00
1.510999999999999899e+00,-1.029546976089477539e+00
1.512000000000000011e+00,-9.526708126068115234e-01
1.512999999999999901e+00,-9.714210629463195801e-01
1.514000000000000012e+00,-1.006109118461608887e+00
1.514999999999999902e+00,-1.039547085762023926e+00
1.516000000000000014e+00,-1.058922410011291504e+00
1.516999999999999904e+00,-1.067360043525695801e+00
1.518000000000000016e+00,-1.108610630035400391e+00
1.518999999999999906e+00,-1.100485563278198242e+00
1.520000000000000018e+00,-1.097360491752624512e+00
1.520999999999999908e+00,-1.067672491073608398e+00
1.522000000000000020e+00,-1.001109004020690918e+00
1.522999999999999909e+00,-1.006734132766723633e+00
1.524000000000000021e+00,-1.013921737670898438e+00
1.524999999999999911e+00,-1.019859313964843750e+00
1.526000000000000023e+00,-1.028921961784362793e+00
1.526999999999999913e+00,-1.026109457015991211e+00
1.528000000000000025e+00,-1.031734466552734375e+00
1.528999999999999915e+00,-1.034859538078308105e+00
1.530000000000000027e+00,-1.033609509468078613e+00
1.530999999999999917e+00,-1.022671818733215332e+00
1.532000000000000028e+00,-9.464206695556640625e-01
1.532999999999999918e+00,-9.673585295677185059e-01
1.534000000000000030e+00,-9.954839348793029785e-01
1.534999999999999920e+00,-1.031734466552734375e+00
1.536000000000000032e+00,-1.050484776496887207e+00
1.536999999999999922e+00,-1.058297395706176758e+00
1.538000000000000034e+00,-1.100485563278198242e+00
1.538999999999999924e+00,-1.097048044204711914e+00
1.540000000000000036e+00,-1.091110348701477051e+00
1.540999999999999925e+00,-1.062359929084777832e+00
1.542000000000000037e+00,-9.948589205741882324e-01
1.542999999999999927e+00,-9.998590350151062012e-01
1.544000000000000039e+00,-1.009234189987182617e+00
1.544999999999999929e+00,-1.015796780586242676e+00
1.546000000000000041e+00,-1.020796775817871094e+00
1.546999999999999931e+00,-1.019859313964843750e+00
1.548000000000000043e+00,-1.024859428405761719e+00
1.548999999999999932e+00,-1.027359485626220703e+00
1.550000000000000044e+00,-1.027359485626220703e+00
1.550999999999999934e+00,-1.018296837806701660e+00
1.552000000000000046e+00,-9.401705861091613770e-01
1.552999999999999936e+00,-9.586083889007568359e-01
1.554000000000000048e+00,-9.939213991165161133e-01
1.554999999999999938e+00,-1.024859428405761719e+00
1.556000000000000050e+00,-1.047672271728515625e+00
1.556999999999999940e+00,-1.055797338485717773e+00
1.558000000000000052e+00,-1.096735477447509766e+00
1.558999999999999941e+00,-1.092672944068908691e+00
1.560000000000000053e+00,-1.080485224723815918e+00
1.560999999999999943e+00,-1.057984948158264160e+00
1.562000000000000055e+00,-9.851712584495544434e-01
1.562999999999999945e+00,-9.907963871955871582e-01
1.564000000000000057e+00,-1.007046580314636230e+00
1.564999999999999947e+00,-1.009859204292297363e+00
1.566000000000000059e+00,-1.013921737670898438e+00
1.566999999999999948e+00,-1.015796780586242676e+00
1.568000000000000060e+00,-1.018296837806701660e+00
1.568999999999999950e+00,-1.023296833038330078e+00
1.570000000000000062e+00,-1.022046804428100586e+00
1.570999999999999952e+00,-1.012671709060668945e+00
1.572000000000000064e+00,-9.320454597473144531e-01
1.572999999999999954e+00,-9.523583054542541504e-01
1.574000000000000066e+00,-9.823587536811828613e-01
1.574999999999999956e+00,-1.019546866416931152e+00
1.576000000000000068e+00,-1.043297171592712402e+00
1.576999999999999957e+00,-1.047672271728515625e+00
1.578000000000000069e+00,-1.087360382080078125e+00
1.578999999999999959e+00,-1.086110353469848633e+00
1.580000000000000071e+00,-1.073297619819641113e+00
1.580999999999999961e+00,-1.051734805107116699e+00
1.582000000000000073e+00,-9.851712584495544434e-01
1.582999999999999963e+00,-9.845462441444396973e-01
1.584000000000000075e+00,-9.970464706420898438e-01
1.584999999999999964e+00,-1.003296613693237305e+00
1.586000000000000076e+00,-1.009234189987182617e+00
1.586999999999999966e+00,-1.008921623229980469e+00
1.588000000000000078e+00,-1.012046694755554199e+00
1.588999999999999968e+00,-1.012046694755554199e+00
1.590000000000000080e+00,-1.014234185218811035e+00
1.590999999999999970e+00,-1.008609175682067871e+00
1.592000000000000082e+00,-9.279829263687133789e-01
1.592999999999999972e+00,-9.445456862449645996e-01
1.594000000000000083e+00,-9.732961058616638184e-01
1.594999999999999973e+00,-1.012671709060668945e+00
1.596000000000000085e+00,-1.035172104835510254e+00
1.596999999999999975e+00,-1.042984724044799805e+00
1.598000000000000087e+00,-1.082047820091247559e+00
1.598999999999999977e+00,-1.078297734260559082e+00
1.600000000000000089e+00,-1.066110014915466309e+00
1.600999999999999979e+00,-1.047984719276428223e+00
1.602000000000000091e+00,-9.751711487770080566e-01
1.602999999999999980e+00,-9.801712036132812500e-01
1.604000000000000092e+00,-9.882963299751281738e-01
1.604999999999999982e+00,-9.973589777946472168e-01
1.606000000000000094e+00,-1.002359032630920410e+00
1.606999999999999984e+00,-1.002359032630920410e+00
1.608000000000000096e+00,-1.003609061241149902e+00
1.608999999999999986e+00,-1.009546637535095215e+00
1.610000000000000098e+00,-1.010484218597412109e+00
1.610999999999999988e+00,-1.004234075546264648e+00
1.612000000000000099e+00,-9.189202785491943359e-01
1.612999999999999989e+00,-9.404830932617187500e-01
1.614000000000000101e+00,-9.673585295677185059e-01
1.614999999999999991e+00,-1.006421566009521484e+00
1.616000000000000103e+00,-1.028609395027160645e+00
1.616999999999999993e+00,-1.036422014236450195e+00
1.618000000000000105e+00,-1.076422691345214844e+00
1.618999999999999995e+00,-1.071110129356384277e+00
1.620000000000000107e+00,-1.061109900474548340e+00
1.620999999999999996e+00,-1.043609619140625000e+00
1.622000000000000108e+00,-9.764211773872375488e-01
1.622999999999999998e+00,-9.742336273193359375e-01
1.624000000000000110e+00,-9.848587512969970703e-01
1.625000000000000000e+00,-9.898588657379150391e-01
1.625999999999999890e+00,-9.973589777946472168e-01
1.627000000000000002e+00,-9.982964992523193359e-01
1.627999999999999892e+00,-1.000483989715576172e+00
1.629000000000000004e+00,-1.005484104156494141e+00
1.629999999999999893e+00,-1.001734018325805664e+00
1.631000000000000005e+00,-1.000796556472778320e+00
1.631999999999999895e+00,-9.164202213287353516e-01
1.633000000000000007e+00,-9.357955455780029297e-01
1.633999999999999897e+00,-9.626709222793579102e-01
1.635000000000000009e+00,-9.992340207099914551e-01
1.635999999999999899e+00,-1.022046804428100586e+00
1.637000000000000011e+00,-1.032984495162963867e+00
1.637999999999999901e+00,-1.069860100746154785e+00
1.639000000000000012e+00,-1.066735029220581055e+00
1.639999999999999902e+00,-1.056422352790832520e+00
1.641000000000000014e+00,-1.037984609603881836e+00
1.641999999999999904e+00,-9.692335128784179688e-01
1.643000000000000016e+00,-9.676710367202758789e-01
1.643999999999999906e+00,-9.792336821556091309e-01
1.645000000000000018e+00,-9.861087799072265625e-01
1.645999999999999908e+00,-9.914214015007019043e-01
1.647000000000000020e+00,-9.911088943481445312e-01
1.647999999999999909e+00,-9.945464134216308594e-01
1.649000000000000021e+00,-9.986090064048767090e-01
1.649999999999999911e+00,-9.961089491844177246e-01
1.651000000000000023e+00,-9.917339086532592773e-01
1.651999999999999913e+00,-9.092326164245605469e-01
1.653000000000000025e+00,-9.311079382896423340e-01
1.653999999999999915e+00,-9.567333459854125977e-01
1.655000000000000027e+00,-9.954839348793029785e-01
1.655999999999999917e+00,-1.016421794891357422e+00
1.657000000000000028e+00,-1.023609399795532227e+00
1.657999999999999918e+00,-1.063297510147094727e+00
1.659000000000000030e+00,-1.058922410011291504e+00
1.659999999999999920e+00,-1.052984833717346191e+00
1.661000000000000032e+00,-1.037672042846679688e+00
1.661999999999999922e+00,-9.629834294319152832e-01
1.663000000000000034e+00,-9.620459079742431641e-01
1.663999999999999924e+00,-9.732961058616638184e-01
1.665000000000000036e+00,-9.801712036132812500e-01
1.665999999999999925e+00,-9.836087822914123535e-01
1.667000000000000037e+00,-9.867337942123413086e-01
1.667999999999999927e+00,-9.895463585853576660e-01
1.669000000000000039e+00,-9.932963848114013672e-01
1.669999999999999929e+00,-9.911088943481445312e-01
1.671000000000000041e+00,-9.870463013648986816e-01
1.671999999999999931e+00,-9.042325615882873535e-01
1.673000000000000043e+00,-9.245453476905822754e-01
1.673999999999999932e+00,-9.529833197593688965e-01
1.675000000000000044e+00,-9.870463013648986816e-01
1.675999999999999934e+00,-1.011109232902526855e+00
1.677000000000000046e+00,-1.019234299659729004e+00
1.677999999999999936e+00,-1.057047367095947266e+00
1.679000000000000048e+00,-1.057359933853149414e+00
1.679999999999999938e+00,-1.047047257423400879e+00
1.681000000000000050e+00,-1.033609509468078613e+00
1.681999999999999940e+00,-9.589208960533142090e-01
1.683000000000000052e+00,-9.570458531379699707e-01
1.683999999999999941e+00,-9.673585295677185059e-01
1.685000000000000053e+00,-9.732961058616638184e-01
1.685999999999999943e+00,-9.811087250709533691e-01
1.687000000000000055e+00,-9.836087822914123535e-01
1.687999999999999945e+00,-9.832962751388549805e-01
1.689000000000000057e+00,-9.901713728904724121e-01
1.689999999999999947e+00,-9.861087799072265625e-01
1.691000000000000059e+00,-9.845462441444396973e-01
1.691999999999999948e+00,-9.001699686050415039e-01
1.693000000000000060e+00,-9.167327284812927246e-01
1.693999999999999950e+00,-9.467331767082214355e-01
1.695000000000000062e+00,-9.823587536811828613e-01
1.695999999999999952e+00,-1.006109118461608887e+00
1.697000000000000064e+00,-1.015484213829040527e+00
1.697999999999999954e+00,-1.052672266960144043e+00
1.699000000000000066e+00,-1.050484776496887207e+00
1.699999999999999956e+00,-1.042672157287597656e+00
1.701000000000000068e+00,-1.029859423637390137e+00
1.701999999999999957e+00,-9.542332887649536133e-01
1.703000000000000069e+00,-9.504832625389099121e-01
1.703999999999999959e+00,-9.629834294319152832e-01
1.705000000000000071e+00,-9.701710343360900879e-01
1.705999999999999961e+00,-9.739211201667785645e-01
1.707000000000000073e+00,-9.754836559295654297e-01
1.707999999999999963e+00,-9.773586392402648926e-01
1.709000000000000075e+00,-9.826712608337402344e-01
1.709999999999999964e+00,-9.811087250709533691e-01
1.711000000000000076e+00,-9.798586964607238770e-01
1.711999999999999966e+00,-8.948574066162109375e-01
1.713000000000000078e+00,-9.139202237129211426e-01
1.713999999999999968e+00,-9.389205574989318848e-01
1.715000000000000080e+00,-9.767336249351501465e-01
1.715999999999999970e+00,-9.998590350151062012e-01
1.717000000000000082e+00,-1.012984156608581543e+00
1.717999999999999972e+00,-1.041422128677368164e+00
1.719000000000000083e+00,-1.047359704971313477e+00
1.719999999999999973e+00,-1.038609623908996582e+00
1.721000000000000085e+00,-1.024546861648559570e+00
1.721999999999999975e+00,-9.486082196235656738e-01
1.723000000000000087e+00,-9.448581933975219727e-01
1.723999999999999977e+00,-9.564208388328552246e-01
1.725000000000000089e+00,-9.636084437370300293e-01
1.725999999999999979e+00,-9.689210057258605957e-01
1.727000000000000091e+00,-9.707960486412048340e-01
1.727999999999999980e+00,-9.726710915565490723e-01
1.729000000000000092e+00,-9.789211750030517578e-01
1.729999999999999982e+00,-9.748586416244506836e-01
1.731000000000000094e+00,-9.723585844039916992e-01
1.731999999999999984e+00,-8.904823660850524902e-01
1.733000000000000096e+00,-9.089201092720031738e-01
1.733999999999999986e+00,-9.361080527305603027e-01
1.735000000000000098e+00,-9.707960486412048340e-01
1.735999999999999988e+00,-9.948589205741882324e-01
1.737000000000000099e+00,-1.001421570777893066e+00
1.737999999999999989e+00,-1.042047142982482910e+00
1.739000000000000101e+00,-1.039859652519226074e+00
1.739999999999999991e+00,-1.032359480857849121e+00
1.741000000000000103e+00,-1.022046804428100586e+00
1.741999999999999993e+00,-9.445456862449645996e-01
1.743000000000000105e+00,-9.370455741882324219e-01
1.743999999999999995e+00,-9.526708126068115234e-01
1.745000000000000107e+00,-9.611083865165710449e-01
1.745999999999999996e+00,-9.632959365844726562e-01
1.747000000000000108e+00,-9.626709222793579102e-01
1.747999999999999998e+00,-9.664210081100463867e-01
1.749000000000000110e+00,-9.729835987091064453e-01
1.750000000000000000e+00,-9.717335700988769531e-01
1.750999999999999890e+00,-9.711085557937622070e-01
1.752000000000000002e+00,-8.848572373390197754e-01
1.752999999999999892e+00,-8.998574614524841309e-01
1.754000000000000004e+00,-9.311079382896423340e-01
1.754999999999999893e+00,-9.701710343360900879e-01
1.756000000000000005e+00,-9.895463585853576660e-01
1.756999999999999895e+00,-9.957964420318603516e-01
1.758000000000000007e+00,-1.034547090530395508e+00
1.758999999999999897e+00,-1.035172104835510254e+00
1.760000000000000009e+00,-1.030797004699707031e+00
1.760999999999999899e+00,-1.017671823501586914e+00
1.762000000000000011e+00,-9.398580789566040039e-01
1.762999999999999901e+00,-9.307954311370849609e-01
1.764000000000000012e+00,-9.504832625389099121e-01
1.764999999999999902e+00,-9.539207816123962402e-01
1.766000000000000014e+00,-9.570458531379699707e-01
1.766999999999999904e+00,-9.604834318161010742e-01
1.768000000000000016e+00,-9.617334008216857910e-01
1.768999999999999906e+00,-9.623584151268005371e-01
1.770000000000000018e+00,-9.661085009574890137e-01
1.770999999999999908e+00,-9.661085009574890137e-01
1.772000000000000020e+00,-8.807947039604187012e-01
1.772999999999999909e+00,-8.967324495315551758e-01
1.774000000000000021e+00,-9.239203333854675293e-01
1.774999999999999911e+00,-9.611083865165710449e-01
1.776000000000000023e+00,-9.845462441444396973e-01
1.776999999999999913e+00,-9.936088919639587402e-01
1.778000000000000025e+00,-1.028921961784362793e+00
1.778999999999999915e+00,-1.027671933174133301e+00
1.780000000000000027e+00,-1.026421904563903809e+00
1.780999999999999917e+00,-1.014234185218811035e+00
1.782000000000000028e+00,-9.364205598831176758e-01
1.782999999999999918e+00,-9.292329549789428711e-01
1.784000000000000030e+00,-9.423581361770629883e-01
1.784999999999999920e+00,-9.482957124710083008e-01
1.786000000000000032e+00,-9.495457410812377930e-01
1.786999999999999922e+00,-9.545457959175109863e-01
1.788000000000000034e+00,-9.570458531379699707e-01
1.788999999999999924e+00,-9.604834318161010742e-01
1.790000000000000036e+00,-9.611083865165710449e-01
1.790999999999999925e+00,-9.601709246635437012e-01
1.792000000000000037e+00,-8.754820823669433594e-01
1.792999999999999927e+00,-8.917323350906372070e-01
1.794000000000000039e+00,-9.201703071594238281e-01
1.794999999999999929e+00,-9.576708674430847168e-01
1.796000000000000041e+00,-9.773586392402648926e-01
1.796999999999999931e+00,-9.879838228225708008e-01
1.798000000000000043e+00,-1.024546861648559570e+00
1.798999999999999932e+00,-1.023609399795532227e+00
1.800000000000000044e+00,-1.020796775817871094e+00
1.800999999999999934e+00,-1.009234189987182617e+00
1.802000000000000046e+00,-9.339205026626586914e-01
1.802999999999999936e+00,-9.226703047752380371e-01
1.804000000000000048e+00,-9.382955431938171387e-01
1.804999999999999938e+00,-9.432956576347351074e-01
1.806000000000000050e+00,-9.470456838607788086e-01
1.806999999999999940e+00,-9.470456838607788086e-01
1.808000000000000052e+00,-9.520457983016967773e-01
1.808999999999999941e+00,-9.570458531379699707e-01
1.810000000000000053e+00,-9.529833197593688965e-01
1.810999999999999943e+00,-9.554833173751831055e-01
1.812000000000000055e+00,-8.692319989204406738e-01
1.812999999999999945e+00,-8.845447301864624023e-01
1.814000000000000057e+00,-9.145451784133911133e-01
1.814999999999999947e+00,-9.529833197593688965e-01
1.816000000000000059e+00,-9.745461344718933105e-01
1.816999999999999948e+00,-9.854837656021118164e-01
1.818000000000000060e+00,-1.020171761512756348e+00
1.818999999999999950e+00,-1.018296837806701660e+00
1.820000000000000062e+00,-1.016734242439270020e+00
1.820999999999999952e+00,-1.007046580314636230e+00
1.822000000000000064e+00,-9.289204478263854980e-01
1.822999999999999954e+00,-9.186077713966369629e-01
1.824000000000000066e+00,-9.332954883575439453e-01
1.824999999999999956e+00,-9.414206147193908691e-01
1.826000000000000068e+00,-9.426706433296203613e-01
1.826999999999999957e+00,-9.448581933975219727e-01
1.828000000000000069e+00,-9.445456862449645996e-01
1.828999999999999959e+00,-9.511082768440246582e-01
1.830000000000000071e+00,-9.479832053184509277e-01
1.830999999999999961e+00,-9.501707553863525391e-01
1.832000000000000073e+00,-8.679819703102111816e-01
1.832999999999999963e+00,-8.820447325706481934e-01
1.834000000000000075e+00,-9.095451235771179199e-01
1.834999999999999964e+00,-9.454831480979919434e-01
1.836000000000000076e+00,-9.682960510253906250e-01
1.836999999999999966e+00,-9.773586392402648926e-01
1.838000000000000078e+00,-1.014234185218811035e+00
1.838999999999999968e+00,-1.011421680450439453e+00
1.840000000000000080e+00,-1.013609170913696289e+00
1.840999999999999970e+00,-9.995465278625488281e-01
1.842000000000000082e+00,-9.257953763008117676e-01
1.842999999999999972e+00,-9.132952094078063965e-01
1.844000000000000083e+00,-9.289204478263854980e-01
1.844999999999999973e+00,-9.323579668998718262e-01
1.846000000000000085e+00,-9.382955431938171387e-01
1.846999999999999975e+00,-9.376705288887023926e-01
1.848000000000000087e+00,-9.414206147193908691e-01
1.848999999999999977e+00,-9.473581910133361816e-01
1.850000000000000089e+00,-9.436081647872924805e-01
1.850999999999999979e+00,-9.451707005500793457e-01
1.852000000000000091e+00,-8.626694083213806152e-01
1.852999999999999980e+00,-8.739196062088012695e-01
1.854000000000000092e+00,-9.054825901985168457e-01
1.854999999999999982e+00,-9.423581361770629883e-01
1.856000000000000094e+00,-9.626709222793579102e-01
1.856999999999999984e+00,-9.757961630821228027e-01
1.858000000000000096e+00,-1.009234189987182617e+00
1.858999999999999986e+00,-1.009234189987182617e+00
1.860000000000000098e+00,-1.008296608924865723e+00
1.860999999999999988e+00,-9.973589777946472168e-01
1.862000000000000099e+00,-9.239203333854675293e-01
1.862999999999999989e+00,-9.070450663566589355e-01
1.864000000000000101e+00,-9.223577976226806641e-01
1.864999999999999991e+00,-9.289204478263854980e-01
1.866000000000000103e+00,-9.298579096794128418e-01
1.866999999999999993e+00,-9.370455741882324219e-01
1.868000000000000105e+00,-9.376705288887023926e-01
1.868999999999999995e+00,-9.426706433296203613e-01
1.870000000000000107e+00,-9.395455718040466309e-01
1.870999999999999996e+00,-9.414206147193908691e-01
1.872000000000000108e+00,-8.592318892478942871e-01
1.872999999999999998e+00,-8.726695775985717773e-01
1.874000000000000110e+00,-8.973574638366699219e-01
1.875000000000000000e+00,-9.389205574989318848e-01
1.875999999999999890e+00,-9.586083889007568359e-01
1.877000000000000002e+00,-9.739211201667785645e-01
1.877999999999999892e+00,-1.002671599388122559e+00
1.879000000000000004e+00,-1.003921627998352051e+00
1.879999999999999893e+00,-1.007046580314636230e+00
1.881000000000000005e+00,-9.961089491844177246e-01
1.881999999999999895e+00,-9.195452928543090820e-01
1.883000000000000007e+00,-9.023575186729431152e-01
1.883999999999999897e+00,-9.189202785491943359e-01
1.885000000000000009e+00,-9.232953190803527832e-01
1.885999999999999899e+00,-9.279829263687133789e-01
1.887000000000000011e+00,-9.326704740524291992e-01
1.887999999999999901e+00,-9.314204454421997070e-01
1.889000000000000012e+00,-9.348580241203308105e-01
1.889999999999999902e+00,-9.339205026626586914e-01
1.891000000000000014e+00,-9.367330670356750488e-01
1.891999999999999904e+00,-8.554818034172058105e-01
1.893000000000000016e+00,-8.636069297790527344e-01
1.893999999999999906e+00,-8.914198279380798340e-01
1.895000000000000018e+00,-9.336079955101013184e-01
1.895999999999999908e+00,-9.564208388328552246e-01
1.897000000000000020e+00,-9.654834866523742676e-01
1.897999999999999909e+00,-9.995465278625488281e-01
1.899000000000000021e+00,-9.989215135574340820e-01
1.899999999999999911e+00,-1.000483989715576172e+00
1.901000000000000023e+00,-9.898588657379150391e-01
1.901999999999999913e+00,-9.189202785491943359e-01
1.903000000000000025e+00,-8.967324495315551758e-01
1.903999999999999915e+00,-9.123576879501342773e-01
1.905000000000000027e+00,-9.164202213287353516e-01
1.905999999999999917e+00,-9.232953190803527832e-01
1.907000000000000028e+00,-9.273579120635986328e-01
1.907999999999999918e+00,-9.282954335212707520e-01
1.909000000000000030e+00,-9.289204478263854980e-01
1.909999999999999920e+00,-9.292329549789428711e-01
1.911000000000000032e+00,-9.332954883575439453e-01
1.911999999999999922e+00,-8.479816913604736328e-01
1.913000000000000034e+00,-8.611068725585937500e-01
1.913999999999999924e+00,-8.854822516441345215e-01
1.915000000000000036e+00,-9.248578548431396484e-01
1.915999999999999925e+00,-9.482957124710083008e-01
1.917000000000000037e+00,-9.617334008216857910e-01
1.917999999999999927e+00,-9.967339634895324707e-01
1.919000000000000039e+00,-9.979839920997619629e-01
1.919999999999999929e+00,-9.989215135574340820e-01
1.921000000000000041e+00,-9.854837656021118164e-01
1.921999999999999931e+00,-9.161077141761779785e-01
1.923000000000000043e+00,-8.948574066162109375e-01
1.923999999999999932e+00,-9.101701378822326660e-01
1.925000000000000044e+00,-9.176702499389648438e-01
1.925999999999999934e+00,-9.198578000068664551e-01
1.927000000000000046e+00,-9.226703047752380371e-01
1.927999999999999936e+00,-9.232953190803527832e-01
1.929000000000000048e+00,-9.326704740524291992e-01
1.929999999999999938e+00,-9.292329549789428711e-01
1.931000000000000050e+00,-9.286079406738281250e-01
1.931999999999999940e+00,-8.492317199707031250e-01
1.933000000000000052e+00,-8.548567891120910645e-01
1.933999999999999941e+00,-8.836072087287902832e-01
1.935000000000000053e+00,-9.261078834533691406e-01
1.935999999999999943e+00,-9.448581933975219727e-01
1.937000000000000055e+00,-9.548583030700683594e-01
1.937999999999999945e+00,-9.901713728904724121e-01
1.939000000000000057e+00,-9.917339086532592773e-01
1.939999999999999947e+00,-9.914214015007019043e-01
1.941000000000000059e+00,-9.823587536811828613e-01
1.941999999999999948e+00,-9.148576855659484863e-01
1.943000000000000060e+00,-8.886073231697082520e-01
1.943999999999999950e+00,-9.029825329780578613e-01
1.945000000000000062e+00,-9.076700806617736816e-01
1.945999999999999952e+00,-9.157952070236206055e-01
1.947000000000000064e+00,-9.161077141761779785e-01
1.947999999999999954e+00,-9.211078286170959473e-01
1.949000000000000066e+00,-9.214203357696533203e-01
1.949999999999999956e+00,-9.229828119277954102e-01
1.951000000000000068e+00,-9.254828691482543945e-01
1.951999999999999957e+00,-8.432941436767578125e-01
1.953000000000000069e+00,-8.523567318916320801e-01
1.953999999999999959e+00,-8.789196610450744629e-01
1.955000000000000071e+00,-9.195452928543090820e-01
1.955999999999999961e+00,-9.370455741882324219e-01
1.957000000000000073e+00,-9.501707553863525391e-01
1.957999999999999963e+00,-9.904838800430297852e-01
1.959000000000000075e+00,-9.848587512969970703e-01
1.959999999999999964e+00,-9.892338514328002930e-01
1.961000000000000076e+00,-9.776711463928222656e-01
1.961999999999999966e+00,-9.139202237129211426e-01
1.963000000000000078e+00,-8.854822516441345215e-01
1.963999999999999968e+00,-9.011074900627136230e-01
1.965000000000000080e+00,-9.079825878143310547e-01
1.965999999999999970e+00,-9.092326164245605469e-01
1.967000000000000082e+00,-9.139202237129211426e-01
1.967999999999999972e+00,-9.182952642440795898e-01
1.969000000000000083e+00,-9.170452356338500977e-01
1.969999999999999973e+00,-9.170452356338500977e-01
1.971000000000000085e+00,-9.207953214645385742e-01
1.971999999999999975e+00,-8.420441150665283203e-01
1.973000000000000087e+00,-8.454816341400146484e-01
1.973999999999999977e+00,-8.732945919036865234e-01
1.975000000000000089e+00,-9.151701927185058594e-01
1.975999999999999979e+00,-9.332954883575439453e-01
1.977000000000000091e+00,-9.457956552505493164e-01
1.977999999999999980e+00,-9.832962751388549805e-01
1.979000000000000092e+00,-9.811087250709533691e-01
1.979999999999999982e+00,-9.842337965965270996e-01
1.981000000000000094e+00,-9.770461320877075195e-01
1.981999999999999984e+00,-9.120451807975769043e-01
1.983000000000000096e+00,-8.829821944236755371e-01
1.983999999999999986e+00,-8.923573493957519531e-01
1.985000000000000098e+00,-9.029825329780578613e-01
1.985999999999999988e+00,-9.048575758934020996e-01
1.987000000000000099e+00,-9.082950949668884277e-01
1.987999999999999989e+00,-9.104826450347900391e-01
1.989000000000000101e+00,-9.151701927185058594e-01
1.989999999999999991e+00,-9.107951521873474121e-01
1.991000000000000103e+00,-9.182952642440795898e-01
1.991999999999999993e+00,-8.386065363883972168e-01
1.993000000000000105e+00,-8.426691293716430664e-01
1.993999999999999995e+00,-8.654819726943969727e-01
1.995000000000000107e+00,-9.142326712608337402e-01
1.995999999999999996e+00,-9.286079406738281250e-01
1.997000000000000108e+00,-9.442331790924072266e-01
1.997999999999999998e+00,-9.786086678504943848e-01
1.999000000000000110e+00,-9.767336249351501465e-01
2.000000000000000000e+00,-9.807962179183959961e-01
2.000999999999999890e+00,-9.764211773872375488e-01
2.001999999999999780e+00,-9.111076593399047852e-01
2.003000000000000114e+00,-8.779821395874023438e-01
2.004000000000000004e+00,-8.876698017120361328e-01
2.004999999999999893e+00,-8.982949852943420410e-01
2.005999999999999783e+00,-8.995449542999267578e-01
2.007000000000000117e+00,-9.042325615882873535e-01
2.008000000000000007e+00,-9.079825878143310547e-01
2.008999999999999897e+00,-9.104826450347900391e-01
2.009999999999999787e+00,-9.064200520515441895e-01
2.011000000000000121e+00,-9.120451807975769043e-01
2.012000000000000011e+00,-8.354815244674682617e-01
2.012999999999999901e+00,-8.373565077781677246e-01
2.013999999999999790e+00,-8.536067605018615723e-01
2.015000000000000124e+00,-8.995449542999267578e-01
2.016000000000000014e+00,-9.154826998710632324e-01
2.016999999999999904e+00,-9.279829263687133789e-01
2.017999999999999794e+00,-9.629834294319152832e-01
2.019000000000000128e+00,-9.642334580421447754e-01
2.020000000000000018e+00,-9.639209508895874023e-01
2.020999999999999908e+00,-9.614208936691284180e-01
2.021999999999999797e+00,-8.976699709892272949e-01
2.023000000000000131e+00,-8.657944798469543457e-01
2.024000000000000021e+00,-8.651694655418395996e-01
2.024999999999999911e+00,-8.667320013046264648e-01
2.025999999999999801e+00,-8.673569560050964355e-01
2.027000000000000135e+00,-8.739196062088012695e-01
2.028000000000000025e+00,-8.751695752143859863e-01
2.028999999999999915e+00,-8.811072111129760742e-01
2.029999999999999805e+00,-8.804821968078613281e-01
2.031000000000000139e+00,-8.892323374748229980e-01
2.032000000000000028e+00,-8.136061429977416992e-01
2.032999999999999918e+00,-8.104811310768127441e-01
2.033999999999999808e+00,-8.261063694953918457e-01
2.035000000000000142e+00,-8.676694631576538086e-01
2.036000000000000032e+00,-8.864197731018066406e-01
2.036999999999999922e+00,-8.970449566841125488e-01
2.037999999999999812e+00,-9.336079955101013184e-01
2.039000000000000146e+00,-9.342330098152160645e-01
2.040000000000000036e+00,-9.376705288887023926e-01
2.040999999999999925e+00,-9.392330646514892578e-01
2.041999999999999815e+00,-8.779821395874023438e-01
2.043000000000000149e+00,-8.404815793037414551e-01
2.044000000000000039e+00,-8.489192128181457520e-01
2.044999999999999929e+00,-8.586068749427795410e-01
2.045999999999999819e+00,-8.626694083213806152e-01
2.047000000000000153e+00,-8.636069297790527344e-01
2.048000000000000043e+00,-8.682944774627685547e-01
2.048999999999999932e+00,-8.729820847511291504e-01
2.049999999999999822e+00,-8.717320561408996582e-01
2.051000000000000156e+00,-8.820447325706481934e-01
2.052000000000000046e+00,-8.082935810089111328e-01
2.052999999999999936e+00,-8.073560595512390137e-01
2.053999999999999826e+00,-8.145436644554138184e-01
2.055000000000000160e+00,-8.645444512367248535e-01
2.056000000000000050e+00,-8.779821395874023438e-01
2.056999999999999940e+00,-8.932948708534240723e-01
2.057999999999999829e+00,-9.270454049110412598e-01
2.059000000000000163e+00,-9.301704168319702148e-01
2.060000000000000053e+00,-9.320454597473144531e-01
2.060999999999999943e+00,-9.332954883575439453e-01
2.061999999999999833e+00,-8.723570704460144043e-01
2.063000000000000167e+00,-8.357940316200256348e-01
2.064000000000000057e+00,-8.389190435409545898e-01
2.064999999999999947e+00,-8.398565649986267090e-01
2.065999999999999837e+00,-8.429816365242004395e-01
2.067000000000000171e+00,-8.498567342758178711e-01
2.068000000000000060e+00,-8.517317175865173340e-01
2.068999999999999950e+00,-8.548567891120910645e-01
2.069999999999999840e+00,-8.557943105697631836e-01
2.071000000000000174e+00,-8.673569560050964355e-01
2.072000000000000064e+00,-7.939183712005615234e-01
2.072999999999999954e+00,-7.904807925224304199e-01
2.073999999999999844e+00,-8.079810738563537598e-01
2.075000000000000178e+00,-8.567318320274353027e-01
2.076000000000000068e+00,-8.729820847511291504e-01
2.076999999999999957e+00,-8.892323374748229980e-01
2.077999999999999847e+00,-9.279829263687133789e-01
2.079000000000000181e+00,-9.248578548431396484e-01
2.080000000000000071e+00,-9.326704740524291992e-01
2.080999999999999961e+00,-9.329829812049865723e-01
2.081999999999999851e+00,-8.720445632934570312e-01
2.083000000000000185e+00,-8.298563957214355469e-01
2.084000000000000075e+00,-8.326689600944519043e-01
2.084999999999999964e+00,-8.376690149307250977e-01
2.085999999999999854e+00,-8.395440578460693359e-01
2.087000000000000188e+00,-8.426691293716430664e-01
2.088000000000000078e+00,-8.495442271232604980e-01
2.088999999999999968e+00,-8.511067628860473633e-01
2.089999999999999858e+00,-8.517317175865173340e-01
2.091000000000000192e+00,-8.617318868637084961e-01
2.092000000000000082e+00,-7.917308211326599121e-01
2.092999999999999972e+00,-7.904807925224304199e-01
2.093999999999999861e+00,-7.920433282852172852e-01
2.095000000000000195e+00,-8.470441699028015137e-01
2.096000000000000085e+00,-8.573568463325500488e-01
2.096999999999999975e+00,-8.714195489883422852e-01
2.097999999999999865e+00,-9.107951521873474121e-01
2.099000000000000199e+00,-9.114201664924621582e-01
2.100000000000000089e+00,-9.151701927185058594e-01
2.100999999999999979e+00,-9.167327284812927246e-01
2.101999999999999869e+00,-8.567318320274353027e-01
2.103000000000000203e+00,-8.176687359809875488e-01
2.104000000000000092e+00,-8.276689052581787109e-01
2.104999999999999982e+00,-8.345440030097961426e-01
2.105999999999999872e+00,-8.367314934730529785e-01
2.107000000000000206e+00,-8.451691269874572754e-01
2.108000000000000096e+00,-8.479816913604736328e-01
2.108999999999999986e+00,-8.501692414283752441e-01
2.109999999999999876e+00,-8.517317175865173340e-01
2.111000000000000210e+00,-8.626694083213806152e-01
2.112000000000000099e+00,-7.886058092117309570e-01
2.112999999999999989e+00,-7.848557233810424805e-01
2.113999999999999879e+00,-7.898557782173156738e-01
2.115000000000000213e+00,-8.411065936088562012e-01
2.116000000000000103e+00,-8.539192676544189453e-01
2.116999999999999993e+00,-8.714195489883422852e-01
2.117999999999999883e+00,-9.057950973510742188e-01
2.119000000000000217e+00,-9.086076021194458008e-01
2.120000000000000107e+00,-9.082950949668884277e-01
2.120999999999999996e+00,-9.157952070236206055e-01
2.121999999999999886e+00,-8.523567318916320801e-01
2.123000000000000220e+00,-8.136061429977416992e-01
2.124000000000000110e+00,-8.211062550544738770e-01
2.125000000000000000e+00,-8.245438337326049805e-01
2.125999999999999890e+00,-8.354815244674682617e-01
2.126999999999999780e+00,-8.392315506935119629e-01
2.128000000000000114e+00,-8.426691293716430664e-01
2.129000000000000004e+00,-8.439190983772277832e-01
2.129999999999999893e+00,-8.467316627502441406e-01
2.130999999999999783e+00,-8.532942533493041992e-01
2.132000000000000117e+00,-7.879807949066162109e-01
2.133000000000000007e+00,-7.786056399345397949e-01
2.133999999999999897e+00,-7.876682877540588379e-01
2.134999999999999787e+00,-8.392315506935119629e-01
2.136000000000000121e+00,-8.489192128181457520e-01
2.137000000000000011e+00,-8.661069869995117188e-01
2.137999999999999901e+00,-9.036075472831726074e-01
2.138999999999999790e+00,-9.029825329780578613e-01
2.140000000000000124e+00,-9.061076045036315918e-01
2.141000000000000014e+00,-9.067325592041015625e-01
2.141999999999999904e+00,-8.486067056655883789e-01
2.142999999999999794e+00,-8.073560595512390137e-01
2.144000000000000128e+00,-8.129811286926269531e-01
2.145000000000000018e+00,-8.173562288284301758e-01
2.145999999999999908e+00,-8.164187073707580566e-01
2.146999999999999797e+00,-8.236063122749328613e-01
2.148000000000000131e+00,-8.273563981056213379e-01
2.149000000000000021e+00,-8.314189314842224121e-01
2.149999999999999911e+00,-8.307939171791076660e-01
2.150999999999999801e+00,-8.445441126823425293e-01
2.152000000000000135e+00,-7.745430469512939453e-01
2.153000000000000025e+00,-7.642304301261901855e-01
2.153999999999999915e+00,-7.776681184768676758e-01
2.154999999999999805e+00,-8.367314934730529785e-01
2.156000000000000139e+00,-8.451691269874572754e-01
2.157000000000000028e+00,-8.648569583892822266e-01
2.157999999999999918e+00,-9.042325615882873535e-01
2.158999999999999808e+00,-9.014199972152709961e-01
2.160000000000000142e+00,-9.051700830459594727e-01
2.161000000000000032e+00,-9.073575735092163086e-01
2.161999999999999922e+00,-8.504817485809326172e-01
2.162999999999999812e+00,-8.054810166358947754e-01
2.164000000000000146e+00,-8.123561739921569824e-01
2.165000000000000036e+00,-8.132936358451843262e-01
2.165999999999999925e+00,-8.139186501502990723e-01
2.166999999999999815e+00,-8.198562860488891602e-01
2.168000000000000149e+00,-8.248563408851623535e-01
2.169000000000000039e+00,-8.307939171791076660e-01
2.169999999999999929e+00,-8.264188766479492188e-01
2.170999999999999819e+00,-8.373565077781677246e-01
2.172000000000000153e+00,-7.723555564880371094e-01
2.173000000000000043e+00,-7.626678943634033203e-01
2.173999999999999932e+00,-7.676679491996765137e-01
2.174999999999999822e+00,-8.239188194274902344e-01
2.176000000000000156e+00,-8.332939743995666504e-01
2.177000000000000046e+00,-8.498567342758178711e-01
2.177999999999999936e+00,-8.854822516441345215e-01
2.178999999999999826e+00,-8.873572945594787598e-01
2.180000000000000160e+00,-8.923573493957519531e-01
2.181000000000000050e+00,-8.954824209213256836e-01
2.181999999999999940e+00,-8.395440578460693359e-01
2.182999999999999829e+00,-7.932933568954467773e-01
2.184000000000000163e+00,-8.036060333251953125e-01
2.185000000000000053e+00,-8.148561716079711914e-01
2.185999999999999943e+00,-8.167312145233154297e-01
2.186999999999999833e+00,-8.220437765121459961e-01
2.188000000000000167e+00,-8.276689052581787109e-01
2.189000000000000057e+00,-8.301689028739929199e-01
2.189999999999999947e+00,-8.273563981056213379e-01
2.190999999999999837e+00,-8.373565077781677246e-01
2.192000000000000171e+00,-7.726680636405944824e-01
2.193000000000000060e+00,-7.604803442955017090e-01
2.193999999999999950e+00,-7.664179205894470215e-01
2.194999999999999840e+00,-8.223562836647033691e-01
2.196000000000000174e+00,-8.261063694953918457e-01
2.197000000000000064e+00,-8.461066484451293945e-01
2.197999999999999954e+00,-8.879823088645935059e-01
2.198999999999999844e+00,-8.873572945594787598e-01
2.200000000000000178e+00,-8.857947587966918945e-01
2.201000000000000068e+00,-8.895448446273803711e-01
2.201999999999999957e+00,-8.320439457893371582e-01
2.202999999999999847e+00,-7.901682853698730469e-01
2.204000000000000181e+00,-7.917308211326599121e-01
2.205000000000000071e+00,-8.001684546470642090e-01
2.205999999999999961e+00,-7.995434403419494629e-01
2.206999999999999851e+00,-8.057935237884521484e-01
2.208000000000000185e+00,-8.104811310768127441e-01
2.209000000000000075e+00,-8.176687359809875488e-01
2.209999999999999964e+00,-8.164187073707580566e-01
2.210999999999999854e+00,-8.254813551902770996e-01
2.212000000000000188e+00,-7.623553872108459473e-01
2.213000000000000078e+00,-7.489176988601684570e-01
2.213999999999999968e+00,-7.557927966117858887e-01
2.214999999999999858e+00,-8.217312693595886230e-01
2.216000000000000192e+00,-8.292313814163208008e-01
2.217000000000000082e+00,-8.470441699028015137e-01
2.217999999999999972e+00,-8.879823088645935059e-01
2.218999999999999861e+00,-8.892323374748229980e-01
2.220000000000000195e+00,-8.901698589324951172e-01
2.221000000000000085e+00,-8.917323350906372070e-01
2.221999999999999975e+00,-8.323564529418945312e-01
2.222999999999999865e+00,-7.898557782173156738e-01
2.224000000000000199e+00,-7.929808497428894043e-01
2.225000000000000089e+00,-7.970433831214904785e-01
2.225999999999999979e+00,-8.001684546470642090e-01
2.226999999999999869e+00,-8.054810166358947754e-01
2.228000000000000203e+00,-8.095436096191406250e-01
2.229000000000000092e+00,-8.139186501502990723e-01
2.229999999999999982e+00,-8.120436668395996094e-01
2.230999999999999872e+00,-8.198562860488891602e-01
2.232000000000000206e+00,-7.617303729057312012e-01
2.233000000000000096e+00,-7.442300915718078613e-01
2.233999999999999986e+00,-7.498552203178405762e-01
2.234999999999999876e+00,-8.092311024665832520e-01
2.236000000000000210e+00,-8.145436644554138184e-01
2.237000000000000099e+00,-8.336064815521240234e-01
2.237999999999999989e+00,-8.757945895195007324e-01
2.238999999999999879e+00,-8.754820823669433594e-01
2.240000000000000213e+00,-8.748571276664733887e-01
2.241000000000000103e+00,-8.795446753501892090e-01
2.241999999999999993e+00,-8.201687932014465332e-01
2.242999999999999883e+00,-7.773556113243103027e-01
2.244000000000000217e+00,-7.917308211326599121e-01
2.245000000000000107e+00,-7.970433831214904785e-01
2.245999999999999996e+00,-7.982934117317199707e-01
2.246999999999999886e+00,-8.039185404777526855e-01
2.248000000000000220e+00,-8.098561167716979980e-01
2.249000000000000110e+00,-8.164187073707580566e-01
2.250000000000000000e+00,-8.126686215400695801e-01
2.250999999999999890e+00,-8.232938051223754883e-01
2.251999999999999780e+00,-7.645429372787475586e-01
2.253000000000000114e+00,-7.395425438880920410e-01
2.254000000000000004e+00,-7.495427131652832031e-01
2.254999999999999893e+00,-8.082935810089111328e-01
2.255999999999999783e+00,-8.145436644554138184e-01
2.257000000000000117e+00,-8.298563957214355469e-01
2.258000000000000007e+00,-8.723570704460144043e-01
2.258999999999999897e+00,-8.751695752143859863e-01
2.259999999999999787e+00,-8.729820847511291504e-01
2.261000000000000121e+00,-8.782946467399597168e-01
2.262000000000000011e+00,-8.198562860488891602e-01
2.262999999999999901e+00,-7.745430469512939453e-01
2.263999999999999790e+00,-7.857932448387145996e-01
2.265000000000000124e+00,-7.970433831214904785e-01
2.266000000000000014e+00,-7.951683998107910156e-01
2.266999999999999904e+00,-8.045435547828674316e-01
2.267999999999999794e+00,-8.054810166358947754e-01
2.269000000000000128e+00,-8.154811859130859375e-01
2.270000000000000018e+00,-8.107936382293701172e-01
2.270999999999999908e+00,-8.173562288284301758e-01
2.271999999999999797e+00,-7.664179205894470215e-01
2.273000000000000131e+00,-7.407925724983215332e-01
2.274000000000000021e+00,-7.464176416397094727e-01
2.274999999999999911e+00,-8.029810190200805664e-01
2.275999999999999801e+00,-8.107936382293701172e-01
2.277000000000000135e+00,-8.267313838005065918e-01
2.278000000000000025e+00,-8.670445084571838379e-01
2.278999999999999915e+00,-8.686069846153259277e-01
2.279999999999999805e+00,-8.717320561408996582e-01
2.281000000000000139e+00,-8.736070990562438965e-01
2.282000000000000028e+00,-8.132936358451843262e-01
2.282999999999999918e+00,-7.692304849624633789e-01
2.283999999999999808e+00,-7.742305397987365723e-01
2.285000000000000142e+00,-7.789181470870971680e-01
2.286000000000000032e+00,-7.786056399345397949e-01
2.286999999999999922e+00,-7.867307662963867188e-01
2.287999999999999812e+00,-7.876682877540588379e-01
2.289000000000000146e+00,-7.976683974266052246e-01
2.290000000000000036e+00,-7.948558926582336426e-01
2.290999999999999925e+00,-8.070435523986816406e-01
2.291999999999999815e+00,-7.504801750183105469e-01
2.293000000000000149e+00,-7.279798388481140137e-01
2.294000000000000039e+00,-7.417300939559936523e-01
2.294999999999999929e+00,-8.007934689521789551e-01
2.295999999999999819e+00,-8.098561167716979980e-01
2.297000000000000153e+00,-8.276689052581787109e-01
2.298000000000000043e+00,-8.720445632934570312e-01
2.298999999999999932e+00,-8.711070418357849121e-01
2.299999999999999822e+00,-8.676694631576538086e-01
2.301000000000000156e+00,-8.726695775985717773e-01
2.302000000000000046e+00,-8.145436644554138184e-01
2.302999999999999936e+00,-7.704805135726928711e-01
2.303999999999999826e+00,-7.729805707931518555e-01
2.305000000000000160e+00,-7.820431590080261230e-01
2.306000000000000050e+00,-7.798556685447692871e-01
2.306999999999999940e+00,-7.907932996749877930e-01
2.307999999999999829e+00,-7.901682853698730469e-01
2.309000000000000163e+00,-7.936058640480041504e-01
2.310000000000000053e+00,-7.923558354377746582e-01
2.310999999999999943e+00,-8.029810190200805664e-01
2.311999999999999833e+00,-7.501676678657531738e-01
2.313000000000000167e+00,-7.232922911643981934e-01
2.314000000000000057e+00,-7.342299818992614746e-01
2.314999999999999947e+00,-7.917308211326599121e-01
2.315999999999999837e+00,-7.951683998107910156e-01
2.317000000000000171e+00,-8.151686787605285645e-01
2.318000000000000060e+00,-8.526692390441894531e-01
2.318999999999999950e+00,-8.542317748069763184e-01
2.319999999999999840e+00,-8.529817461967468262e-01
2.321000000000000174e+00,-8.579818606376647949e-01
2.322000000000000064e+00,-8.039185404777526855e-01
2.322999999999999954e+00,-7.589178085327148438e-01
2.323999999999999844e+00,-7.679804563522338867e-01
2.325000000000000178e+00,-7.786056399345397949e-01
2.326000000000000068e+00,-7.789181470870971680e-01
2.326999999999999957e+00,-7.870432734489440918e-01
2.327999999999999847e+00,-7.920433282852172852e-01
2.329000000000000181e+00,-7.964184284210205078e-01
2.330000000000000071e+00,-7.954809069633483887e-01
2.330999999999999961e+00,-7.998559474945068359e-01
2.331999999999999851e+00,-7.504801750183105469e-01
2.333000000000000185e+00,-7.270423173904418945e-01
2.334000000000000075e+00,-7.332924604415893555e-01
2.334999999999999964e+00,-7.886058092117309570e-01
2.335999999999999854e+00,-7.961059212684631348e-01
2.337000000000000188e+00,-8.120436668395996094e-01
2.338000000000000078e+00,-8.520442247390747070e-01
2.338999999999999968e+00,-8.557943105697631836e-01
2.339999999999999858e+00,-8.539192676544189453e-01
2.341000000000000192e+00,-8.601693511009216309e-01
2.342000000000000082e+00,-7.989184260368347168e-01
2.342999999999999972e+00,-7.557927966117858887e-01
2.343999999999999861e+00,-7.607928514480590820e-01
2.345000000000000195e+00,-7.664179205894470215e-01
2.346000000000000085e+00,-7.642304301261901855e-01
2.346999999999999975e+00,-7.751680612564086914e-01
2.347999999999999865e+00,-7.782931327819824219e-01
2.349000000000000199e+00,-7.817306518554687500e-01
2.350000000000000089e+00,-7.792306542396545410e-01
2.350999999999999979e+00,-7.920433282852172852e-01
2.351999999999999869e+00,-7.382925152778625488e-01
2.353000000000000203e+00,-7.126671075820922852e-01
2.354000000000000092e+00,-7.326674461364746094e-01
2.354999999999999982e+00,-7.898557782173156738e-01
2.355999999999999872e+00,-7.945433855056762695e-01
2.357000000000000206e+00,-8.139186501502990723e-01
2.358000000000000096e+00,-8.482941985130310059e-01
2.358999999999999986e+00,-8.567318320274353027e-01
2.359999999999999876e+00,-8.517317175865173340e-01
2.361000000000000210e+00,-8.573568463325500488e-01
2.362000000000000099e+00,-8.014184832572937012e-01
2.362999999999999989e+00,-7.536052465438842773e-01
2.363999999999999879e+00,-7.595428228378295898e-01
2.365000000000000213e+00,-7.682929635047912598e-01
2.366000000000000103e+00,-7.645429372787475586e-01
2.366999999999999993e+00,-7.745430469512939453e-01
2.367999999999999883e+00,-7.767305970191955566e-01
2.369000000000000217e+00,-7.836056947708129883e-01
2.370000000000000107e+00,-7.798556685447692871e-01
2.370999999999999996e+00,-7.886058092117309570e-01
2.371999999999999886e+00,-7.370424866676330566e-01
2.373000000000000220e+00,-7.095420956611633301e-01
2.374000000000000110e+00,-7.295423746109008789e-01
2.375000000000000000e+00,-7.861057519912719727e-01
2.375999999999999890e+00,-7.929808497428894043e-01
2.376999999999999780e+00,-8.079810738563537598e-01
2.378000000000000114e+00,-8.454816341400146484e-01
2.379000000000000004e+00,-8.551692962646484375e-01
2.379999999999999893e+00,-8.501692414283752441e-01
2.380999999999999783e+00,-8.536067605018615723e-01
2.382000000000000117e+00,-7.957934141159057617e-01
2.383000000000000007e+00,-7.532927393913269043e-01
2.383999999999999897e+00,-7.567303180694580078e-01
2.384999999999999787e+00,-7.636054158210754395e-01
2.386000000000000121e+00,-7.629804015159606934e-01
2.387000000000000011e+00,-7.701680064201354980e-01
2.387999999999999901e+00,-7.732930779457092285e-01
2.388999999999999790e+00,-7.776681184768676758e-01
2.390000000000000124e+00,-7.770431041717529297e-01
2.391000000000000014e+00,-7.832931876182556152e-01
2.391999999999999904e+00,-7.361049652099609375e-01
2.392999999999999794e+00,-7.057920098304748535e-01
2.394000000000000128e+00,-7.176672220230102539e-01
2.395000000000000018e+00,-7.751680612564086914e-01
2.395999999999999908e+00,-7.761055827140808105e-01
2.396999999999999797e+00,-7.964184284210205078e-01
2.398000000000000131e+00,-8.282938599586486816e-01
2.399000000000000021e+00,-8.423566222190856934e-01
2.399999999999999911e+00,-8.361064791679382324e-01
2.400999999999999801e+00,-8.367314934730529785e-01
2.402000000000000135e+00,-7.845432162284851074e-01
2.403000000000000025e+00,-7.429800629615783691e-01
2.403999999999999915e+00,-7.511051893234252930e-01
2.404999999999999805e+00,-7.614178657531738281e-01
2.406000000000000139e+00,-7.607928514480590820e-01
2.407000000000000028e+00,-7.726680636405944824e-01
2.407999999999999918e+00,-7.707930207252502441e-01
2.408999999999999808e+00,-7.770431041717529297e-01
2.410000000000000142e+00,-7.761055827140808105e-01
2.411000000000000032e+00,-7.854807376861572266e-01
2.411999999999999922e+00,-7.351674437522888184e-01
2.412999999999999812e+00,-7.051669955253601074e-01
2.414000000000000146e+00,-7.217297554016113281e-01
2.415000000000000036e+00,-7.770431041717529297e-01
2.415999999999999925e+00,-7.757930755615234375e-01
2.416999999999999815e+00,-7.907932996749877930e-01
2.418000000000000149e+00,-8.236063122749328613e-01
2.419000000000000039e+00,-8.382940292358398438e-01
2.419999999999999929e+00,-8.370440006256103516e-01
2.420999999999999819e+00,-8.392315506935119629e-01
2.422000000000000153e+00,-7.820431590080261230e-01
2.423000000000000043e+00,-7.376675009727478027e-01
2.423999999999999932e+00,-7.392300367355346680e-01
2.424999999999999822e+00,-7.489176988601684570e-01
2.426000000000000156e+00,-7.482926845550537109e-01
2.427000000000000046e+00,-7.564178109169006348e-01
2.427999999999999936e+00,-7.582927942276000977e-01
2.428999999999999826e+00,-7.654804587364196777e-01
2.430000000000000160e+00,-7.651679515838623047e-01
2.431000000000000050e+00,-7.729805707931518555e-01
2.431999999999999940e+00,-7.276673316955566406e-01
2.432999999999999829e+00,-6.967293620109558105e-01
2.434000000000000163e+00,-7.201672196388244629e-01
2.435000000000000053e+00,-7.792306542396545410e-01
2.435999999999999943e+00,-7.776681184768676758e-01
2.436999999999999833e+00,-7.951683998107910156e-01
2.438000000000000167e+00,-8.239188194274902344e-01
2.439000000000000057e+00,-8.404815793037414551e-01
2.439999999999999947e+00,-8.367314934730529785e-01
2.440999999999999837e+00,-8.414191007614135742e-01
2.442000000000000171e+00,-7.851682305335998535e-01
2.443000000000000060e+00,-7.382925152778625488e-01
2.443999999999999950e+00,-7.398550510406494141e-01
2.444999999999999840e+00,-7.467301487922668457e-01
2.446000000000000174e+00,-7.498552203178405762e-01
2.447000000000000064e+00,-7.567303180694580078e-01
2.447999999999999954e+00,-7.576678395271301270e-01
2.448999999999999844e+00,-7.639179229736328125e-01
2.450000000000000178e+00,-7.642304301261901855e-01
2.451000000000000068e+00,-7.717305421829223633e-01
2.451999999999999957e+00,-7.226672768592834473e-01
2.452999999999999847e+00,-6.926668286323547363e-01
2.454000000000000181e+00,-7.104796171188354492e-01
2.455000000000000071e+00,-7.620428800582885742e-01
2.455999999999999961e+00,-7.642304301261901855e-01
2.456999999999999851e+00,-7.836056947708129883e-01
2.458000000000000185e+00,-8.086060881614685059e-01
2.459000000000000075e+00,-8.264188766479492188e-01
2.459999999999999964e+00,-8.264188766479492188e-01
2.460999999999999854e+00,-8.292313814163208008e-01
2.462000000000000188e+00,-7.720430493354797363e-01
2.463000000000000078e+00,-7.282923460006713867e-01
2.463999999999999968e+00,-7.361049652099609375e-01
2.464999999999999858e+00,-7.495427131652832031e-01
2.466000000000000192e+00,-7.454801201820373535e-01
2.467000000000000082e+00,-7.564178109169006348e-01
2.467999999999999972e+00,-7.567303180694580078e-01
2.468999999999999861e+00,-7.664179205894470215e-01
2.470000000000000195e+00,-7.667304277420043945e-01
2.471000000000000085e+00,-7.689179778099060059e-01
2.471999999999999975e+00,-7.254798412322998047e-01
2.472999999999999865e+00,-6.920418143272399902e-01
2.474000000000000199e+00,-7.120420932769775391e-01
2.475000000000000089e+00,-7.636054158210754395e-01
2.475999999999999979e+00,-7.611053586006164551e-01
2.476999999999999869e+00,-7.807931900024414062e-01
2.478000000000000203e+00,-8.051685094833374023e-01
2.479000000000000092e+00,-8.236063122749328613e-01
2.479999999999999982e+00,-8.226687908172607422e-01
2.480999999999999872e+00,-8.301689028739929199e-01
2.482000000000000206e+00,-7.679804563522338867e-01
2.483000000000000096e+00,-7.267298102378845215e-01
2.483999999999999986e+00,-7.317299246788024902e-01
2.484999999999999876e+00,-7.457926273345947266e-01
2.486000000000000210e+00,-7.467301487922668457e-01
2.487000000000000099e+00,-7.570428252220153809e-01
2.487999999999999989e+00,-7.511051893234252930e-01
2.488999999999999879e+00,-7.629804015159606934e-01
2.490000000000000213e+00,-7.611053586006164551e-01
2.491000000000000103e+00,-7.664179205894470215e-01
2.491999999999999993e+00,-7.223547697067260742e-01
2.492999999999999883e+00,-6.901667714118957520e-01
2.494000000000000217e+00,-7.107921242713928223e-01
2.495000000000000107e+00,-7.598553299903869629e-01
2.495999999999999996e+00,-7.614178657531738281e-01
2.496999999999999886e+00,-7.798556685447692871e-01
2.498000000000000220e+00,-8.017309904098510742e-01
2.499000000000000110e+00,-8.251688480377197266e-01
2.500000000000000000e+00,-8.207937479019165039e-01
2.500999999999999890e+00,-8.204812407493591309e-01
2.501999999999999780e+00,-7.676679491996765137e-01
2.503000000000000114e+00,-7.207922339439392090e-01
2.504000000000000004e+00,-7.261048555374145508e-01
2.504999999999999893e+00,-7.336049675941467285e-01
2.505999999999999783e+00,-7.320424318313598633e-01
2.507000000000000117e+00,-7.423550486564636230e-01
2.508000000000000007e+00,-7.379800081253051758e-01
2.508999999999999897e+00,-7.498552203178405762e-01
2.509999999999999787e+00,-7.479801774024963379e-01
2.511000000000000121e+00,-7.548552751541137695e-01
2.512000000000000011e+00,-7.114170789718627930e-01
2.512999999999999901e+00,-6.814166307449340820e-01
2.513999999999999790e+00,-7.061045169830322266e-01
2.515000000000000124e+00,-7.595428228378295898e-01
2.516000000000000014e+00,-7.604803442955017090e-01
2.516999999999999904e+00,-7.836056947708129883e-01
2.517999999999999794e+00,-7.995434403419494629e-01
2.519000000000000128e+00,-8.267313838005065918e-01
2.520000000000000018e+00,-8.245438337326049805e-01
2.520999999999999908e+00,-8.236063122749328613e-01
2.521999999999999797e+00,-7.667304277420043945e-01
2.523000000000000131e+00,-7.220422625541687012e-01
2.524000000000000021e+00,-7.264173626899719238e-01
2.524999999999999911e+00,-7.329799532890319824e-01
2.525999999999999801e+00,-7.295423746109008789e-01
2.527000000000000135e+00,-7.404800653457641602e-01
2.528000000000000025e+00,-7.373549938201904297e-01
2.528999999999999915e+00,-7.479801774024963379e-01
2.529999999999999805e+00,-7.489176988601684570e-01
2.531000000000000139e+00,-7.498552203178405762e-01
2.532000000000000028e+00,-7.123546004295349121e-01
2.532999999999999918e+00,-6.732915043830871582e-01
2.533999999999999808e+00,-7.011044621467590332e-01
2.535000000000000142e+00,-7.470426559448242188e-01
2.536000000000000032e+00,-7.479801774024963379e-01
2.536999999999999922e+00,-7.667304277420043945e-01
2.537999999999999812e+00,-7.889183163642883301e-01
2.539000000000000146e+00,-8.120436668395996094e-01
2.540000000000000036e+00,-8.061060309410095215e-01
2.540999999999999925e+00,-8.157936930656433105e-01
2.541999999999999815e+00,-7.548552751541137695e-01
2.543000000000000149e+00,-7.092295885086059570e-01
2.544000000000000039e+00,-7.201672196388244629e-01
2.544999999999999929e+00,-7.295423746109008789e-01
2.545999999999999819e+00,-7.320424318313598633e-01
2.547000000000000153e+00,-7.417300939559936523e-01
2.548000000000000043e+00,-7.432925701141357422e-01
2.548999999999999932e+00,-7.498552203178405762e-01
2.549999999999999822e+00,-7.495427131652832031e-01
2.551000000000000156e+00,-7.526677250862121582e-01
2.552000000000000046e+00,-7.142296433448791504e-01
2.552999999999999936e+00,-6.736040115356445312e-01
2.553999999999999826e+00,-7.004794478416442871e-01
2.555000000000000160e+00,-7.476676702499389648e-01
2.556000000000000050e+00,-7.467301487922668457e-01
2.556999999999999940e+00,-7.657929062843322754e-01
2.557999999999999829e+00,-7.864182591438293457e-01
2.559000000000000163e+00,-8.098561167716979980e-01
2.560000000000000053e+00,-8.114186525344848633e-01
2.560999999999999943e+00,-8.139186501502990723e-01
2.561999999999999833e+00,-7.548552751541137695e-01
2.563000000000000167e+00,-7.082920670509338379e-01
2.564000000000000057e+00,-7.164171934127807617e-01
2.564999999999999947e+00,-7.236047983169555664e-01
2.565999999999999837e+00,-7.182922363281250000e-01
2.567000000000000171e+00,-7.301673889160156250e-01
2.568000000000000060e+00,-7.279798388481140137e-01
2.568999999999999950e+00,-7.361049652099609375e-01
2.569999999999999840e+00,-7.361049652099609375e-01
2.571000000000000174e+00,-7.445425987243652344e-01
2.572000000000000064e+00,-7.023544907569885254e-01
2.572999999999999954e+00,-6.626663804054260254e-01
2.573999999999999844e+00,-6.970418691635131836e-01
2.575000000000000178e+00,-7.457926273345947266e-01
2.576000000000000068e+00,-7.473551630973815918e-01
2.576999999999999957e+00,-7.695429921150207520e-01
2.577999999999999847e+00,-7.873557806015014648e-01
2.579000000000000181e+00,-8.136061429977416992e-01
2.580000000000000071e+00,-8.089185953140258789e-01
2.580999999999999961e+00,-8.173562288284301758e-01
2.581999999999999851e+00,-7.542302608489990234e-01
2.583000000000000185e+00,-7.101671099662780762e-01
2.584000000000000075e+00,-7.126671075820922852e-01
2.584999999999999964e+00,-7.239173054695129395e-01
2.585999999999999854e+00,-7.189171910285949707e-01
2.587000000000000188e+00,-7.276673316955566406e-01
2.588000000000000078e+00,-7.279798388481140137e-01
2.588999999999999968e+00,-7.361049652099609375e-01
2.589999999999999858e+00,-7.367299795150756836e-01
2.591000000000000192e+00,-7.445425987243652344e-01
2.592000000000000082e+00,-7.045419812202453613e-01
2.592999999999999972e+00,-6.604788303375244141e-01
2.593999999999999861e+00,-6.917293071746826172e-01
2.595000000000000195e+00,-7.432925701141357422e-01
2.596000000000000085e+00,-7.436050772666931152e-01
2.596999999999999975e+00,-7.648554444313049316e-01
2.597999999999999865e+00,-7.851682305335998535e-01
2.599000000000000199e+00,-8.132936358451843262e-01
2.600000000000000089e+00,-8.067310452461242676e-01
2.600999999999999979e+00,-8.142311573028564453e-01
2.601999999999999869e+00,-7.532927393913269043e-01
2.603000000000000203e+00,-7.064170241355895996e-01
2.604000000000000092e+00,-7.101671099662780762e-01
2.604999999999999982e+00,-7.167297005653381348e-01
2.605999999999999872e+00,-7.170422077178955078e-01
2.607000000000000206e+00,-7.257923483848571777e-01
2.608000000000000096e+00,-7.245423197746276855e-01
2.608999999999999986e+00,-7.342299818992614746e-01
2.609999999999999876e+00,-7.301673889160156250e-01
2.611000000000000210e+00,-7.398550510406494141e-01
2.612000000000000099e+00,-6.979793906211853027e-01
2.612999999999999989e+00,-6.573537588119506836e-01
2.613999999999999879e+00,-6.817291378974914551e-01
2.615000000000000213e+00,-7.298548817634582520e-01
2.616000000000000103e+00,-7.298548817634582520e-01
2.616999999999999993e+00,-7.501676678657531738e-01
2.617999999999999883e+00,-7.689179778099060059e-01
2.619000000000000217e+00,-7.998559474945068359e-01
2.620000000000000107e+00,-7.939183712005615234e-01
2.620999999999999996e+00,-8.048560023307800293e-01
2.621999999999999886e+00,-7.417300939559936523e-01
2.623000000000000220e+00,-6.948543787002563477e-01
2.624000000000000110e+00,-7.067295312881469727e-01
2.625000000000000000e+00,-7.157921791076660156e-01
2.625999999999999890e+00,-7.242298126220703125e-01
2.626999999999999780e+00,-7.273548245429992676e-01
2.628000000000000114e+00,-7.261048555374145508e-01
2.629000000000000004e+00,-7.326674461364746094e-01
2.629999999999999893e+00,-7.354799509048461914e-01
2.630999999999999783e+00,-7.389175295829772949e-01
2.632000000000000117e+00,-7.017294764518737793e-01
2.633000000000000007e+00,-6.570412516593933105e-01
2.633999999999999897e+00,-6.842291951179504395e-01
2.634999999999999787e+00,-7.295423746109008789e-01
2.636000000000000121e+00,-7.279798388481140137e-01
2.637000000000000011e+00,-7.526677250862121582e-01
2.637999999999999901e+00,-7.657929062843322754e-01
2.638999999999999790e+00,-7.976683974266052246e-01
2.640000000000000124e+00,-7.923558354377746582e-01
2.641000000000000014e+00,-8.014184832572937012e-01
2.641999999999999904e+00,-7.414175868034362793e-01
2.642999999999999794e+00,-6.920418143272399902e-01
2.644000000000000128e+00,-6.982918977737426758e-01
2.645000000000000018e+00,-7.067295312881469727e-01
2.645999999999999908e+00,-7.054795026779174805e-01
2.646999999999999797e+00,-7.139171361923217773e-01
2.648000000000000131e+00,-7.120420932769775391e-01
2.649000000000000021e+00,-7.211047410964965820e-01
2.649999999999999911e+00,-7.186047434806823730e-01
2.650999999999999801e+00,-7.301673889160156250e-01
2.652000000000000135e+00,-6.932918429374694824e-01
2.653000000000000025e+00,-6.432910561561584473e-01
2.653999999999999915e+00,-6.801666021347045898e-01
2.654999999999999805e+00,-7.264173626899719238e-01
2.656000000000000139e+00,-7.289173603057861328e-01
2.657000000000000028e+00,-7.523552179336547852e-01
2.657999999999999918e+00,-7.676679491996765137e-01
2.658999999999999808e+00,-7.989184260368347168e-01
2.660000000000000142e+00,-7.951683998107910156e-01
2.661000000000000032e+00,-8.036060333251953125e-01
2.661999999999999922e+00,-7.423550486564636230e-01
2.662999999999999812e+00,-6.948543787002563477e-01
2.664000000000000146e+00,-6.951668858528137207e-01
2.665000000000000036e+00,-7.076670527458190918e-01
2.665999999999999925e+00,-7.064170241355895996e-01
2.666999999999999815e+00,-7.114170789718627930e-01
2.668000000000000149e+00,-7.120420932769775391e-01
2.669000000000000039e+00,-7.220422625541687012e-01
2.669999999999999929e+00,-7.204797267913818359e-01
2.670999999999999819e+00,-7.254798412322998047e-01
2.672000000000000153e+00,-6.917293071746826172e-01
2.673000000000000043e+00,-6.461036205291748047e-01
2.673999999999999932e+00,-6.686039566993713379e-01
2.674999999999999822e+00,-7.189171910285949707e-01
2.676000000000000156e+00,-7.195422053337097168e-01
2.677000000000000046e+00,-7.370424866676330566e-01
2.677999999999999936e+00,-7.567303180694580078e-01
2.678999999999999826e+00,-7.861057519912719727e-01
2.680000000000000160e+00,-7.848557233810424805e-01
2.681000000000000050e+00,-7.939183712005615234e-01
2.681999999999999940e+00,-7.320424318313598633e-01
2.682999999999999829e+00,-6.832916736602783203e-01
2.684000000000000163e+00,-6.904792785644531250e-01
2.685000000000000053e+00,-7.064170241355895996e-01
2.685999999999999943e+00,-7.057920098304748535e-01
2.686999999999999833e+00,-7.148546576499938965e-01
2.688000000000000167e+00,-7.132921218872070312e-01
2.689000000000000057e+00,-7.223547697067260742e-01
2.689999999999999947e+00,-7.257923483848571777e-01
2.690999999999999837e+00,-7.307924032211303711e-01
2.692000000000000171e+00,-6.948543787002563477e-01
2.693000000000000060e+00,-6.470411419868469238e-01
2.693999999999999950e+00,-6.711040139198303223e-01
2.694999999999999840e+00,-7.173547148704528809e-01
2.696000000000000174e+00,-7.186047434806823730e-01
2.697000000000000064e+00,-7.376675009727478027e-01
2.697999999999999954e+00,-7.545427680015563965e-01
2.698999999999999844e+00,-7.873557806015014648e-01
2.700000000000000178e+00,-7.804806828498840332e-01
2.701000000000000068e+00,-7.942308783531188965e-01
2.701999999999999957e+00,-7.320424318313598633e-01
2.702999999999999847e+00,-6.826666593551635742e-01
2.704000000000000181e+00,-6.861042380332946777e-01
2.705000000000000071e+00,-6.929793357849121094e-01
2.705999999999999961e+00,-6.954793334007263184e-01
2.706999999999999851e+00,-6.986044049263000488e-01
2.708000000000000185e+00,-7.020419836044311523e-01
2.709000000000000075e+00,-7.095420956611633301e-01
2.709999999999999964e+00,-7.107921242713928223e-01
2.710999999999999854e+00,-7.211047410964965820e-01
2.712000000000000188e+00,-6.851667165756225586e-01
2.713000000000000078e+00,-6.326659321784973145e-01
2.713999999999999968e+00,-6.651663780212402344e-01
2.714999999999999858e+00,-7.136046290397644043e-01
2.716000000000000192e+00,-7.189171910285949707e-01
2.717000000000000082e+00,-7.395425438880920410e-01
2.717999999999999972e+00,-7.592303156852722168e-01
2.718999999999999861e+00,-7.895432710647583008e-01
2.720000000000000195e+00,-7.879807949066162109e-01
2.721000000000000085e+00,-7.929808497428894043e-01
2.721999999999999975e+00,-7.361049652099609375e-01
2.722999999999999865e+00,-6.811041235923767090e-01
2.724000000000000199e+00,-6.876667141914367676e-01
2.725000000000000089e+00,-6.939168572425842285e-01
2.725999999999999979e+00,-6.957918405532836914e-01
2.726999999999999869e+00,-7.029795050621032715e-01
2.728000000000000203e+00,-6.986044049263000488e-01
2.729000000000000092e+00,-7.070420384407043457e-01
2.729999999999999982e+00,-7.095420956611633301e-01
2.730999999999999872e+00,-7.186047434806823730e-01
2.732000000000000206e+00,-6.870417594909667969e-01
2.733000000000000096e+00,-6.311033964157104492e-01
2.733999999999999986e+00,-6.642288565635681152e-01
2.734999999999999876e+00,-7.117295861244201660e-01
2.736000000000000210e+00,-7.195422053337097168e-01
2.737000000000000099e+00,-7.392300367355346680e-01
2.737999999999999989e+00,-7.554802894592285156e-01
2.738999999999999879e+00,-7.898557782173156738e-01
2.740000000000000213e+00,-7.845432162284851074e-01
2.741000000000000103e+00,-7.942308783531188965e-01
2.741999999999999993e+00,-7.317299246788024902e-01
2.742999999999999883e+00,-6.804791092872619629e-01
2.744000000000000217e+00,-6.839166879653930664e-01
2.745000000000000107e+00,-6.907917857170104980e-01
2.745999999999999996e+00,-6.907917857170104980e-01
2.746999999999999886e+00,-6.976668834686279297e-01
2.748000000000000220e+00,-6.973543763160705566e-01
2.749000000000000110e+00,-7.048544883728027344e-01
2.750000000000000000e+00,-7.104796171188354492e-01
2.750999999999999890e+00,-7.195422053337097168e-01
2.751999999999999780e+00,-6.836041808128356934e-01
2.753000000000000114e+00,-6.279783248901367188e-01
2.754000000000000004e+00,-6.542287468910217285e-01
2.754999999999999893e+00,-6.973543763160705566e-01
2.755999999999999783e+00,-7.032919526100158691e-01
2.757000000000000117e+00,-7.242298126220703125e-01
2.758000000000000007e+00,-7.414175868034362793e-01
2.758999999999999897e+00,-7.764180898666381836e-01
2.759999999999999787e+00,-7.711055278778076172e-01
2.761000000000000121e+00,-7.817306518554687500e-01
2.762000000000000011e+00,-7.229797840118408203e-01
2.762999999999999901e+00,-6.701664924621582031e-01
2.763999999999999790e+00,-6.767290830612182617e-01
2.765000000000000124e+00,-6.911042928695678711e-01
2.766000000000000014e+00,-6.904792785644531250e-01
2.766999999999999904e+00,-7.011044621467590332e-01
2.767999999999999794e+00,-7.007919549942016602e-01
2.769000000000000128e+00,-7.067295312881469727e-01
2.770000000000000018e+00,-7.104796171188354492e-01
2.770999999999999908e+00,-7.176672220230102539e-01
2.771999999999999797e+00,-6.876667141914367676e-01
2.773000000000000131e+00,-6.295408606529235840e-01
2.774000000000000021e+00,-6.526662111282348633e-01
2.774999999999999911e+00,-6.964168548583984375e-01
2.775999999999999801e+00,-7.061045169830322266e-01
2.777000000000000135e+00,-7.254798412322998047e-01
2.778000000000000025e+00,-7.382925152778625488e-01
2.778999999999999915e+00,-7.748555541038513184e-01
2.779999999999999805e+00,-7.667304277420043945e-01
2.781000000000000139e+00,-7.820431590080261230e-01
2.782000000000000028e+00,-7.226672768592834473e-01
2.782999999999999918e+00,-6.701664924621582031e-01
2.783999999999999808e+00,-6.745415329933166504e-01
2.785000000000000142e+00,-6.820416450500488281e-01
2.786000000000000032e+00,-6.801666021347045898e-01
2.786999999999999922e+00,-6.882917284965515137e-01
2.787999999999999812e+00,-6.864167451858520508e-01
2.789000000000000146e+00,-6.967293620109558105e-01
2.790000000000000036e+00,-6.964168548583984375e-01
2.790999999999999925e+00,-7.042294740676879883e-01
2.791999999999999815e+00,-6.814166307449340820e-01
2.793000000000000149e+00,-6.207907199859619141e-01
2.794000000000000039e+00,-6.486036181449890137e-01
2.794999999999999929e+00,-6.936043500900268555e-01
2.795999999999999819e+00,-7.082920670509338379e-01
2.797000000000000153e+00,-7.257923483848571777e-01
2.798000000000000043e+00,-7.411050796508789062e-01
2.798999999999999932e+00,-7.782931327819824219e-01
2.799999999999999822e+00,-7.745430469512939453e-01
2.801000000000000156e+00,-7.804806828498840332e-01
2.802000000000000046e+00,-7.286048531532287598e-01
2.802999999999999936e+00,-6.742290258407592773e-01
2.803999999999999826e+00,-6.739165186882019043e-01
2.805000000000000160e+00,-6.792291402816772461e-01
2.806000000000000050e+00,-6.782916188240051270e-01
2.806999999999999940e+00,-6.864167451858520508e-01
2.807999999999999829e+00,-6.892292499542236328e-01
2.809000000000000163e+00,-6.945418715476989746e-01
2.810000000000000053e+00,-6.973543763160705566e-01
2.810999999999999943e+00,-7.073545455932617188e-01
2.811999999999999833e+00,-6.786041259765625000e-01
2.813000000000000167e+00,-6.179781556129455566e-01
2.814000000000000057e+00,-6.389160156250000000e-01
2.814999999999999947e+00,-6.801666021347045898e-01
2.815999999999999837e+00,-6.951668858528137207e-01
2.817000000000000171e+00,-7.154796719551086426e-01
2.818000000000000060e+00,-7.286048531532287598e-01
2.818999999999999950e+00,-7.654804587364196777e-01
2.819999999999999840e+00,-7.620428800582885742e-01
2.821000000000000174e+00,-7.695429921150207520e-01
2.822000000000000064e+00,-7.176672220230102539e-01
2.822999999999999954e+00,-6.598538160324096680e-01
2.823999999999999844e+00,-6.707915067672729492e-01
2.825000000000000178e+00,-6.782916188240051270e-01
2.826000000000000068e+00,-6.832916736602783203e-01
2.826999999999999957e+00,-6.892292499542236328e-01
2.827999999999999847e+00,-6.904792785644531250e-01
2.829000000000000181e+00,-6.970418691635131836e-01
2.830000000000000071e+00,-7.017294764518737793e-01
2.830999999999999961e+00,-7.045419812202453613e-01
2.831999999999999851e+00,-6.848542094230651855e-01
2.833000000000000185e+00,-6.195406913757324219e-01
2.834000000000000075e+00,-6.386035084724426270e-01
2.834999999999999964e+00,-6.792291402816772461e-01
2.835999999999999854e+00,-6.989169120788574219e-01
2.837000000000000188e+00,-7.142296433448791504e-01
2.838000000000000078e+00,-7.257923483848571777e-01
2.838999999999999968e+00,-7.686054706573486328e-01
2.839999999999999858e+00,-7.570428252220153809e-01
2.841000000000000192e+00,-7.654804587364196777e-01
2.842000000000000082e+00,-7.154796719551086426e-01
2.842999999999999972e+00,-6.595413088798522949e-01
2.843999999999999861e+00,-6.686039566993713379e-01
2.845000000000000195e+00,-6.798540949821472168e-01
2.846000000000000085e+00,-6.820416450500488281e-01
2.846999999999999975e+00,-6.898542642593383789e-01
2.847999999999999865e+00,-6.882917284965515137e-01
2.849000000000000199e+00,-6.936043500900268555e-01
2.850000000000000089e+00,-7.001669406890869141e-01
2.850999999999999979e+00,-7.051669955253601074e-01
2.851999999999999869e+00,-6.811041235923767090e-01
2.853000000000000203e+00,-6.176656484603881836e-01
2.854000000000000092e+00,-6.367284655570983887e-01
2.854999999999999982e+00,-6.732915043830871582e-01
2.855999999999999872e+00,-6.907917857170104980e-01
2.857000000000000206e+00,-7.107921242713928223e-01
2.858000000000000096e+00,-7.226672768592834473e-01
2.858999999999999986e+00,-7.648554444313049316e-01
2.859999999999999876e+00,-7.573553323745727539e-01
2.861000000000000210e+00,-7.626678943634033203e-01
2.862000000000000099e+00,-7.126671075820922852e-01
2.862999999999999989e+00,-6.561037898063659668e-01
2.863999999999999879e+00,-6.589162945747375488e-01
2.865000000000000213e+00,-6.645413637161254883e-01
2.866000000000000103e+00,-6.679789423942565918e-01
2.866999999999999993e+00,-6.748540401458740234e-01
2.867999999999999883e+00,-6.754790544509887695e-01
2.869000000000000217e+00,-6.820416450500488281e-01
2.870000000000000107e+00,-6.864167451858520508e-01
2.870999999999999996e+00,-6.911042928695678711e-01
2.871999999999999886e+00,-6.732915043830871582e-01
2.873000000000000220e+00,-6.067280173301696777e-01
2.874000000000000110e+00,-6.317284107208251953e-01
2.875000000000000000e+00,-6.732915043830871582e-01
2.875999999999999890e+00,-6.926668286323547363e-01
2.876999999999999780e+00,-7.092295885086059570e-01
2.878000000000000114e+00,-7.257923483848571777e-01
2.879000000000000004e+00,-7.673554420471191406e-01
2.879999999999999893e+00,-7.564178109169006348e-01
2.880999999999999783e+00,-7.626678943634033203e-01
2.882000000000000117e+00,-7.182922363281250000e-01
2.883000000000000007e+00,-6.576662659645080566e-01
2.883999999999999897e+00,-6.604788303375244141e-01
2.884999999999999787e+00,-6.639164090156555176e-01
2.886000000000000121e+00,-6.673539280891418457e-01
2.887000000000000011e+00,-6.779791116714477539e-01
2.887999999999999901e+00,-6.764165759086608887e-01
2.888999999999999790e+00,-6.873542666435241699e-01
2.890000000000000124e+00,-6.886042356491088867e-01
2.891000000000000014e+00,-6.904792785644531250e-01
2.891999999999999904e+00,-6.742290258407592773e-01
2.892999999999999794e+00,-6.051654815673828125e-01
2.894000000000000128e+00,-6.242282986640930176e-01
2.895000000000000018e+00,-6.617288589477539062e-01
2.895999999999999908e+00,-6.804791092872619629e-01
2.896999999999999797e+00,-7.020419836044311523e-01
2.898000000000000131e+00,-7.126671075820922852e-01
2.899000000000000021e+00,-7.539177536964416504e-01
2.899999999999999911e+00,-7.445425987243652344e-01
2.900999999999999801e+00,-7.511051893234252930e-01
2.902000000000000135e+00,-7.089170813560485840e-01
2.903000000000000025e+00,-6.479786634445190430e-01
2.903999999999999915e+00,-6.542287468910217285e-01
2.904999999999999805e+00,-6.636039018630981445e-01
2.906000000000000139e+00,-6.695414781570434570e-01
2.907000000000000028e+00,-6.770415902137756348e-01
2.907999999999999918e+00,-6.786041259765625000e-01
2.908999999999999808e+00,-6.876667141914367676e-01
2.910000000000000142e+00,-6.907917857170104980e-01
2.911000000000000032e+00,-6.917293071746826172e-01
2.911999999999999922e+00,-6.770415902137756348e-01
2.912999999999999812e+00,-6.070405244827270508e-01
2.914000000000000146e+00,-6.236032843589782715e-01
2.915000000000000036e+00,-6.564162373542785645e-01
2.915999999999999925e+00,-6.798540949821472168e-01
2.916999999999999815e+00,-7.020419836044311523e-01
2.918000000000000149e+00,-7.098546028137207031e-01
2.919000000000000039e+00,-7.526677250862121582e-01
2.919999999999999929e+00,-7.448551058769226074e-01
2.920999999999999819e+00,-7.486051917076110840e-01
2.922000000000000153e+00,-7.079795598983764648e-01
2.923000000000000043e+00,-6.479786634445190430e-01
2.923999999999999932e+00,-6.511036753654479980e-01
2.924999999999999822e+00,-6.536037325859069824e-01
2.926000000000000156e+00,-6.592288017272949219e-01
2.927000000000000046e+00,-6.645413637161254883e-01
2.927999999999999936e+00,-6.661038994789123535e-01
2.928999999999999826e+00,-6.717290282249450684e-01
2.930000000000000160e+00,-6.764165759086608887e-01
2.931000000000000050e+00,-6.829791665077209473e-01
2.931999999999999940e+00,-6.679789423942565918e-01
2.932999999999999829e+00,-5.982903838157653809e-01
2.934000000000000163e+00,-6.195406913757324219e-01
2.935000000000000053e+00,-6.532912254333496094e-01
2.935999999999999943e+00,-6.817291378974914551e-01
2.936999999999999833e+00,-7.032919526100158691e-01
2.938000000000000167e+00,-7.132921218872070312e-01
2.939000000000000057e+00,-7.536052465438842773e-01
2.939999999999999947e+00,-7.473551630973815918e-01
2.940999999999999837e+00,-7.482926845550537109e-01
2.942000000000000171e+00,-7.120420932769775391e-01
2.943000000000000060e+00,-6.520411968231201172e-01
2.943999999999999950e+00,-6.507911682128906250e-01
2.944999999999999840e+00,-6.539162397384643555e-01
2.946000000000000174e+00,-6.564162373542785645e-01
2.947000000000000064e+00,-6.648538708686828613e-01
2.947999999999999954e+00,-6.673539280891418457e-01
2.948999999999999844e+00,-6.717290282249450684e-01
2.950000000000000178e+00,-6.795416474342346191e-01
2.951000000000000068e+00,-6.779791116714477539e-01
2.951999999999999957e+00,-6.686039566993713379e-01
2.952999999999999847e+00,-5.957903265953063965e-01
2.954000000000000181e+00,-6.157906651496887207e-01
2.955000000000000071e+00,-6.514161825180053711e-01
2.955999999999999961e+00,-6.811041235923767090e-01
2.956999999999999851e+00,-7.032919526100158691e-01
2.958000000000000185e+00,-7.104796171188354492e-01
2.959000000000000075e+00,-7.532927393913269043e-01
2.959999999999999964e+00,-7.489176988601684570e-01
2.960999999999999854e+00,-7.445425987243652344e-01
2.962000000000000188e+00,-7.117295861244201660e-01
2.963000000000000078e+00,-6.470411419868469238e-01
2.963999999999999968e+00,-6.479786634445190430e-01
2.964999999999999858e+00,-6.504786610603332520e-01
2.966000000000000192e+00,-6.579787731170654297e-01
2.967000000000000082e+00,-6.661038994789123535e-01
2.967999999999999972e+00,-6.651663780212402344e-01
2.968999999999999861e+00,-6.682914495468139648e-01
2.970000000000000195e+00,-6.742290258407592773e-01
2.971000000000000085e+00,-6.776666045188903809e-01
2.971999999999999975e+00,-6.689164638519287109e-01
2.972999999999999865e+00,-5.976653695106506348e-01
2.974000000000000199e+00,-6.117280721664428711e-01
2.975000000000000089e+00,-6.376659870147705078e-01
2.975999999999999979e+00,-6.670414209365844727e-01
2.976999999999999869e+00,-6.898542642593383789e-01
2.978000000000000203e+00,-6.967293620109558105e-01
2.979000000000000092e+00,-7.404800653457641602e-01
2.979999999999999982e+00,-7.339174747467041016e-01
2.980999999999999872e+00,-7.307924032211303711e-01
2.982000000000000206e+00,-7.029795050621032715e-01
2.983000000000000096e+00,-6.386035084724426270e-01
2.983999999999999986e+00,-6.445410847663879395e-01
2.984999999999999876e+00,-6.514161825180053711e-01
2.986000000000000210e+00,-6.579787731170654297e-01
2.987000000000000099e+00,-6.673539280891418457e-01
2.987999999999999989e+00,-6.645413637161254883e-01
2.988999999999999879e+00,-6.745415329933166504e-01
2.990000000000000213e+00,-6.789166331291198730e-01
2.991000000000000103e+00,-6.795416474342346191e-01
2.991999999999999993e+00,-6.707915067672729492e-01
2.992999999999999883e+00,-5.973528623580932617e-01
2.994000000000000217e+00,-6.076655387878417969e-01
2.995000000000000107e+00,-6.364159584045410156e-01
2.995999999999999996e+00,-6.673539280891418457e-01
2.996999999999999886e+00,-6.889167428016662598e-01
2.998000000000000220e+00,-6.964168548583984375e-01
2.999000000000000110e+00,-7.389175295829772949e-01
3.000000000000000000e+00,-7.339174747467041016e-01
3.000999999999999890e+00,-7.320424318313598633e-01
3.001999999999999780e+00,-7.011044621467590332e-01
3.003000000000000114e+00,-6.379784941673278809e-01
3.004000000000000004e+00,-6.392285227775573730e-01
3.004999999999999893e+00,-6.439160704612731934e-01
3.005999999999999783e+00,-6.492286324501037598e-01
3.007000000000000117e+00,-6.545412540435791016e-01
3.008000000000000007e+00,-6.557912826538085938e-01
3.008999999999999897e+00,-6.614163517951965332e-01
3.009999999999999787e+00,-6.654788851737976074e-01
3.011000000000000121e+00,-6.692289710044860840e-01
3.012000000000000011e+00,-6.639164090156555176e-01
3.012999999999999901e+00,-5.879777073860168457e-01
3.013999999999999790e+00,-6.042279601097106934e-01
3.015000000000000124e+00,-6.379784941673278809e-01
3.016000000000000014e+00,-6.689164638519287109e-01
3.016999999999999904e+00,-6.920418143272399902e-01
3.017999999999999794e+00,-6.995419263839721680e-01
3.019000000000000128e+00,-7.382925152778625488e-01
3.020000000000000018e+00,-7.364174723625183105e-01
3.020999999999999908e+00,-7.326674461364746094e-01
3.021999999999999797e+00,-7.064170241355895996e-01
3.023000000000000131e+00,-6.420410275459289551e-01
3.024000000000000021e+00,-6.373534798622131348e-01
3.024999999999999911e+00,-6.423535346984863281e-01
3.025999999999999801e+00,-6.476661562919616699e-01
3.027000000000000135e+00,-6.532912254333496094e-01
3.028000000000000025e+00,-6.539162397384643555e-01
3.028999999999999915e+00,-6.604788303375244141e-01
3.029999999999999805e+00,-6.664164066314697266e-01
3.031000000000000139e+00,-6.642288565635681152e-01
3.032000000000000028e+00,-6.617288589477539062e-01
3.032999999999999918e+00,-5.848526954650878906e-01
3.033999999999999808e+00,-5.973528623580932617e-01
3.035000000000000142e+00,-6.264157891273498535e-01
3.036000000000000032e+00,-6.554787755012512207e-01
3.036999999999999922e+00,-6.801666021347045898e-01
3.037999999999999812e+00,-6.892292499542236328e-01
3.039000000000000146e+00,-7.298548817634582520e-01
3.040000000000000036e+00,-7.264173626899719238e-01
3.040999999999999925e+00,-7.176672220230102539e-01
3.041999999999999815e+00,-6.992294192314147949e-01
3.043000000000000149e+00,-6.314159035682678223e-01
3.044000000000000039e+00,-6.332908868789672852e-01
3.044999999999999929e+00,-6.436035633087158203e-01
3.045999999999999819e+00,-6.492286324501037598e-01
3.047000000000000153e+00,-6.551662683486938477e-01
3.048000000000000043e+00,-6.592288017272949219e-01
3.048999999999999932e+00,-6.611038446426391602e-01
3.049999999999999822e+00,-6.714165210723876953e-01
3.051000000000000156e+00,-6.723539829254150391e-01
3.052000000000000046e+00,-6.661038994789123535e-01
3.052999999999999936e+00,-5.848526954650878906e-01
3.053999999999999826e+00,-5.948528051376342773e-01
3.055000000000000160e+00,-6.236032843589782715e-01
3.056000000000000050e+00,-6.564162373542785645e-01
3.056999999999999940e+00,-6.811041235923767090e-01
3.057999999999999829e+00,-6.879792213439941406e-01
3.059000000000000163e+00,-7.282923460006713867e-01
3.060000000000000053e+00,-7.251673340797424316e-01
3.060999999999999943e+00,-7.189171910285949707e-01
3.061999999999999833e+00,-6.970418691635131836e-01
3.063000000000000167e+00,-6.298533678054809570e-01
3.064000000000000057e+00,-6.311033964157104492e-01
3.064999999999999947e+00,-6.439160704612731934e-01
3.065999999999999837e+00,-6.489161252975463867e-01
3.067000000000000171e+00,-6.548537611961364746e-01
3.068000000000000060e+00,-6.573537588119506836e-01
3.068999999999999950e+00,-6.607913374900817871e-01
3.069999999999999840e+00,-6.670414209365844727e-01
3.071000000000000174e+00,-6.673539280891418457e-01
3.072000000000000064e+00,-6.639164090156555176e-01
3.072999999999999954e+00,-5.848526954650878906e-01
3.073999999999999844e+00,-5.976653695106506348e-01
3.075000000000000178e+00,-6.195406913757324219e-01
3.076000000000000068e+00,-6.586037874221801758e-01
3.076999999999999957e+00,-6.789166331291198730e-01
3.077999999999999847e+00,-6.867292523384094238e-01
3.079000000000000181e+00,-7.273548245429992676e-01
3.080000000000000071e+00,-7.261048555374145508e-01
3.080999999999999961e+00,-7.167297005653381348e-01
3.081999999999999851e+00,-6.973543763160705566e-01
3.083000000000000185e+00,-6.311033964157104492e-01
3.084000000000000075e+00,-6.236032843589782715e-01
3.084999999999999964e+00,-6.282908320426940918e-01
3.085999999999999854e+00,-6.379784941673278809e-01
3.087000000000000188e+00,-6.445410847663879395e-01
3.088000000000000078e+00,-6.432910561561584473e-01
3.088999999999999968e+00,-6.482911705970764160e-01
3.089999999999999858e+00,-6.579787731170654297e-01
3.091000000000000192e+00,-6.579787731170654297e-01
3.092000000000000082e+00,-6.542287468910217285e-01
3.092999999999999972e+00,-5.745400190353393555e-01
3.093999999999999861e+00,-5.917277932167053223e-01
3.095000000000000195e+00,-6.198531985282897949e-01
3.096000000000000085e+00,-6.632913947105407715e-01
3.096999999999999975e+00,-6.817291378974914551e-01
3.097999999999999865e+00,-6.901667714118957520e-01
3.099000000000000199e+00,-7.301673889160156250e-01
3.100000000000000089e+00,-7.261048555374145508e-01
3.100999999999999979e+00,-7.198547124862670898e-01
3.101999999999999869e+00,-7.007919549942016602e-01
3.103000000000000203e+00,-6.317284107208251953e-01
3.104000000000000092e+00,-6.245408058166503906e-01
3.104999999999999982e+00,-6.320409178733825684e-01
3.105999999999999872e+00,-6.367284655570983887e-01
3.107000000000000206e+00,-6.445410847663879395e-01
3.108000000000000096e+00,-6.414160132408142090e-01
3.108999999999999986e+00,-6.457911133766174316e-01
3.109999999999999876e+00,-6.567287445068359375e-01
3.111000000000000210e+00,-6.564162373542785645e-01
3.112000000000000099e+00,-6.548537611961364746e-01
3.112999999999999989e+00,-5.757900476455688477e-01
3.113999999999999879e+00,-5.870401859283447266e-01
3.115000000000000213e+00,-6.079780459403991699e-01
3.116000000000000103e+00,-6.467286348342895508e-01
3.116999999999999993e+00,-6.692289710044860840e-01
3.117999999999999883e+00,-6.761040687561035156e-01
3.119000000000000217e+00,-7.148546576499938965e-01
3.120000000000000107e+00,-7.145421504974365234e-01
3.120999999999999996e+00,-7.076670527458190918e-01
3.121999999999999886e+00,-6.970418691635131836e-01
3.123000000000000220e+00,-6.236032843589782715e-01
3.124000000000000110e+00,-6.211032271385192871e-01
3.125000000000000000e+00,-6.320409178733825684e-01
3.125999999999999890e+00,-6.382910013198852539e-01
3.126999999999999780e+00,-6.467286348342895508e-01
3.128000000000000114e+00,-6.495411396026611328e-01
3.129000000000000004e+00,-6.539162397384643555e-01
3.129999999999999893e+00,-6.598538160324096680e-01
3.130999999999999783e+00,-6.620413661003112793e-01
3.132000000000000117e+00,-6.601663231849670410e-01
3.133000000000000007e+00,-5.764150619506835938e-01
3.133999999999999897e+00,-5.870401859283447266e-01
3.134999999999999787e+00,-6.098530292510986328e-01
3.136000000000000121e+00,-6.476661562919616699e-01
3.137000000000000011e+00,-6.692289710044860840e-01
3.137999999999999901e+00,-6.757915616035461426e-01
3.138999999999999790e+00,-7.142296433448791504e-01
3.140000000000000124e+00,-7.148546576499938965e-01
3.141000000000000014e+00,-7.070420384407043457e-01
3.141999999999999904e+00,-6.951668858528137207e-01
3.142999999999999794e+00,-6.211032271385192871e-01
3.144000000000000128e+00,-6.192281842231750488e-01
3.145000000000000018e+00,-6.257907748222351074e-01
3.145999999999999908e+00,-6.279783248901367188e-01
3.146999999999999797e+00,-6.326659321784973145e-01
3.148000000000000131e+00,-6.395410299301147461e-01
3.149000000000000021e+00,-6.414160132408142090e-01
3.149999999999999911e+00,-6.501661539077758789e-01
3.150999999999999801e+00,-6.479786634445190430e-01
3.152000000000000135e+00,-6.507911682128906250e-01
3.153000000000000025e+00,-5.682899355888366699e-01
3.153999999999999915e+00,-5.861026644706726074e-01
3.154999999999999805e+00,-6.120405793190002441e-01
3.156000000000000139e+00,-6.492286324501037598e-01
3.157000000000000028e+00,-6.704789996147155762e-01
3.157999999999999918e+00,-6.773540973663330078e-01
3.158999999999999808e+00,-7.189171910285949707e-01
3.160000000000000142e+00,-7.173547148704528809e-01
3.161000000000000032e+00,-7.082920670509338379e-01
3.161999999999999922e+00,-6.989169120788574219e-01
3.162999999999999812e+00,-6.254782676696777344e-01
3.164000000000000146e+00,-6.179781556129455566e-01
3.165000000000000036e+00,-6.232907772064208984e-01
3.165999999999999925e+00,-6.279783248901367188e-01
3.166999999999999815e+00,-6.364159584045410156e-01
3.168000000000000149e+00,-6.373534798622131348e-01
3.169000000000000039e+00,-6.407909989356994629e-01
3.169999999999999929e+00,-6.467286348342895508e-01
3.170999999999999819e+00,-6.486036181449890137e-01
3.172000000000000153e+00,-6.504786610603332520e-01
3.173000000000000043e+00,-5.679774284362792969e-01
3.173999999999999932e+00,-5.776650905609130859e-01
3.174999999999999822e+00,-6.039154529571533203e-01
3.176000000000000156e+00,-6.370409727096557617e-01
3.177000000000000046e+00,-6.604788303375244141e-01
3.177999999999999936e+00,-6.673539280891418457e-01
3.178999999999999826e+00,-7.089170813560485840e-01
3.180000000000000160e+00,-7.057920098304748535e-01
3.181000000000000050e+00,-6.992294192314147949e-01
3.181999999999999940e+00,-6.917293071746826172e-01
3.182999999999999829e+00,-6.192281842231750488e-01
3.184000000000000163e+00,-6.129781007766723633e-01
3.185000000000000053e+00,-6.236032843589782715e-01
3.185999999999999943e+00,-6.320409178733825684e-01
3.186999999999999833e+00,-6.351659297943115234e-01
3.188000000000000167e+00,-6.407909989356994629e-01
3.189000000000000057e+00,-6.432910561561584473e-01
3.189999999999999947e+00,-6.520411968231201172e-01
3.190999999999999837e+00,-6.520411968231201172e-01
3.192000000000000171e+00,-6.520411968231201172e-01
3.193000000000000060e+00,-5.673524141311645508e-01
3.193999999999999950e+00,-5.801650881767272949e-01
3.194999999999999840e+00,-6.079780459403991699e-01
3.196000000000000174e+00,-6.370409727096557617e-01
3.197000000000000064e+00,-6.617288589477539062e-01
3.197999999999999954e+00,-6.629788875579833984e-01
3.198999999999999844e+00,-7.070420384407043457e-01
3.200000000000000178e+00,-7.045419812202453613e-01
3.201000000000000068e+00,-7.023544907569885254e-01
3.201999999999999957e+00,-6.926668286323547363e-01
3.202999999999999847e+00,-6.170406937599182129e-01
3.204000000000000181e+00,-6.092280745506286621e-01
3.205000000000000071e+00,-6.236032843589782715e-01
3.205999999999999961e+00,-6.307908892631530762e-01
3.206999999999999851e+00,-6.392285227775573730e-01
3.208000000000000185e+00,-6.407909989356994629e-01
3.209000000000000075e+00,-6.432910561561584473e-01
3.209999999999999964e+00,-6.473536491394042969e-01
3.210999999999999854e+00,-6.517286896705627441e-01
3.212000000000000188e+00,-6.523537039756774902e-01
3.213000000000000078e+00,-5.679774284362792969e-01
3.213999999999999968e+00,-5.786025524139404297e-01
3.214999999999999858e+00,-6.014154553413391113e-01
3.216000000000000192e+00,-6.364159584045410156e-01
3.217000000000000082e+00,-6.579787731170654297e-01
3.217999999999999972e+00,-6.661038994789123535e-01
3.218999999999999861e+00,-7.039169669151306152e-01
3.220000000000000195e+00,-7.039169669151306152e-01
3.221000000000000085e+00,-6.989169120788574219e-01
3.221999999999999975e+00,-6.923543214797973633e-01
3.222999999999999865e+00,-6.179781556129455566e-01
3.224000000000000199e+00,-6.045404672622680664e-01
3.225000000000000089e+00,-6.151656508445739746e-01
3.225999999999999979e+00,-6.214157342910766602e-01
3.226999999999999869e+00,-6.226657629013061523e-01
3.228000000000000203e+00,-6.264157891273498535e-01
3.229000000000000092e+00,-6.273533105850219727e-01
3.229999999999999982e+00,-6.367284655570983887e-01
3.230999999999999872e+00,-6.417285203933715820e-01
3.232000000000000206e+00,-6.445410847663879395e-01
3.233000000000000096e+00,-5.579772591590881348e-01
3.233999999999999986e+00,-5.754775404930114746e-01
3.234999999999999876e+00,-6.029779314994812012e-01
3.236000000000000210e+00,-6.370409727096557617e-01
3.237000000000000099e+00,-6.589162945747375488e-01
3.237999999999999989e+00,-6.689164638519287109e-01
3.238999999999999879e+00,-7.095420956611633301e-01
3.240000000000000213e+00,-7.051669955253601074e-01
3.241000000000000103e+00,-7.017294764518737793e-01
3.241999999999999993e+00,-6.948543787002563477e-01
3.242999999999999883e+00,-6.179781556129455566e-01
3.244000000000000217e+00,-6.051654815673828125e-01
3.245000000000000107e+00,-6.117280721664428711e-01
3.245999999999999996e+00,-6.186031699180603027e-01
3.246999999999999886e+00,-6.242282986640930176e-01
3.248000000000000220e+00,-6.254782676696777344e-01
3.249000000000000110e+00,-6.307908892631530762e-01
3.250000000000000000e+00,-6.379784941673278809e-01
3.250999999999999890e+00,-6.382910013198852539e-01
3.251999999999999780e+00,-6.411035060882568359e-01
3.253000000000000114e+00,-5.582897663116455078e-01
3.254000000000000004e+00,-5.664148926734924316e-01
3.254999999999999893e+00,-5.932903289794921875e-01
3.255999999999999783e+00,-6.267282962799072266e-01
3.257000000000000117e+00,-6.464161276817321777e-01
3.258000000000000007e+00,-6.582912802696228027e-01
3.258999999999999897e+00,-6.995419263839721680e-01
3.259999999999999787e+00,-6.964168548583984375e-01
3.261000000000000121e+00,-6.942293643951416016e-01
3.262000000000000011e+00,-6.842291951179504395e-01
3.262999999999999901e+00,-6.120405793190002441e-01
3.263999999999999790e+00,-6.007904410362243652e-01
3.265000000000000124e+00,-6.170406937599182129e-01
3.266000000000000014e+00,-6.248533129692077637e-01
3.266999999999999904e+00,-6.242282986640930176e-01
3.267999999999999794e+00,-6.292283535003662109e-01
3.269000000000000128e+00,-6.348534226417541504e-01
3.270000000000000018e+00,-6.392285227775573730e-01
3.270999999999999908e+00,-6.401660442352294922e-01
3.271999999999999797e+00,-6.439160704612731934e-01
3.273000000000000131e+00,-5.607898235321044922e-01
3.274000000000000021e+00,-5.679774284362792969e-01
3.274999999999999911e+00,-5.957903265953063965e-01
3.275999999999999801e+00,-6.273533105850219727e-01
3.277000000000000135e+00,-6.482911705970764160e-01
3.278000000000000025e+00,-6.586037874221801758e-01
3.278999999999999915e+00,-6.957918405532836914e-01
3.279999999999999805e+00,-6.964168548583984375e-01
3.281000000000000139e+00,-6.964168548583984375e-01
3.282000000000000028e+00,-6.867292523384094238e-01
3.282999999999999918e+00,-6.126655936241149902e-01
3.283999999999999808e+00,-5.936028361320495605e-01
3.285000000000000142e+00,-6.014154553413391113e-01
3.286000000000000032e+00,-6.126655936241149902e-01
3.286999999999999922e+00,-6.192281842231750488e-01
3.287999999999999812e+00,-6.182906627655029297e-01
3.289000000000000146e+00,-6.264157891273498535e-01
3.290000000000000036e+00,-6.292283535003662109e-01
3.290999999999999925e+00,-6.304783821105957031e-01
3.291999999999999815e+00,-6.345409154891967773e-01
3.293000000000000149e+00,-5.529772043228149414e-01
3.294000000000000039e+00,-5.626648068428039551e-01
3.294999999999999929e+00,-5.945402979850769043e-01
3.295999999999999819e+00,-6.311033964157104492e-01
3.297000000000000153e+00,-6.486036181449890137e-01
3.298000000000000043e+00,-6.636039018630981445e-01
3.298999999999999932e+00,-6.998544335365295410e-01
3.299999999999999822e+00,-6.979793906211853027e-01
3.301000000000000156e+00,-6.970418691635131836e-01
3.302000000000000046e+00,-6.920418143272399902e-01
3.302999999999999936e+00,-6.157906651496887207e-01
3.303999999999999826e+00,-5.967278480529785156e-01
3.305000000000000160e+00,-6.048529744148254395e-01
3.306000000000000050e+00,-6.136031150817871094e-01
3.306999999999999940e+00,-6.157906651496887207e-01
3.307999999999999829e+00,-6.189156770706176758e-01
3.309000000000000163e+00,-6.239157915115356445e-01
3.310000000000000053e+00,-6.298533678054809570e-01
3.310999999999999943e+00,-6.298533678054809570e-01
3.311999999999999833e+00,-6.354784369468688965e-01
3.313000000000000167e+00,-5.504771471023559570e-01
3.314000000000000057e+00,-5.645398497581481934e-01
3.314999999999999947e+00,-5.932903289794921875e-01
3.315999999999999837e+00,-6.289158463478088379e-01
3.317000000000000171e+00,-6.507911682128906250e-01
3.318000000000000060e+00,-6.629788875579833984e-01
3.318999999999999950e+00,-6.998544335365295410e-01
3.319999999999999840e+00,-6.957918405532836914e-01
3.321000000000000174e+00,-6.992294192314147949e-01
3.322000000000000064e+00,-6.882917284965515137e-01
3.322999999999999954e+00,-6.145406365394592285e-01
3.323999999999999844e+00,-5.982903838157653809e-01
3.325000000000000178e+00,-6.029779314994812012e-01
3.326000000000000068e+00,-6.086030602455139160e-01
3.326999999999999957e+00,-6.136031150817871094e-01
3.327999999999999847e+00,-6.176656484603881836e-01
3.329000000000000181e+00,-6.217282414436340332e-01
3.330000000000000071e+00,-6.279783248901367188e-01
3.330999999999999961e+00,-6.267282962799072266e-01
3.331999999999999851e+00,-6.323534250259399414e-01
3.333000000000000185e+00,-5.492271184921264648e-01
3.334000000000000075e+00,-5.557897090911865234e-01
3.334999999999999964e+00,-5.798525810241699219e-01
3.335999999999999854e+00,-6.176656484603881836e-01
3.337000000000000188e+00,-6.398535370826721191e-01
3.338000000000000078e+00,-6.501661539077758789e-01
3.338999999999999968e+00,-6.839166879653930664e-01
3.339999999999999858e+00,-6.873542666435241699e-01
3.341000000000000192e+00,-6.867292523384094238e-01
3.342000000000000082e+00,-6.820416450500488281e-01
3.342999999999999972e+00,-6.079780459403991699e-01
3.343999999999999861e+00,-5.901652574539184570e-01
3.345000000000000195e+00,-6.039154529571533203e-01
3.346000000000000085e+00,-6.101655364036560059e-01
3.346999999999999975e+00,-6.176656484603881836e-01
3.347999999999999865e+00,-6.211032271385192871e-01
3.349000000000000199e+00,-6.242282986640930176e-01
3.350000000000000089e+00,-6.326659321784973145e-01
3.350999999999999979e+00,-6.311033964157104492e-01
3.351999999999999869e+00,-6.364159584045410156e-01
3.353000000000000203e+00,-5.532897114753723145e-01
3.354000000000000092e+00,-5.564147233963012695e-01
3.354999999999999982e+00,-5.817276239395141602e-01
3.355999999999999872e+00,-6.139156222343444824e-01
3.357000000000000206e+00,-6.376659870147705078e-01
3.358000000000000096e+00,-6.495411396026611328e-01
3.358999999999999986e+00,-6.861042380332946777e-01
3.359999999999999876e+00,-6.870417594909667969e-01
3.361000000000000210e+00,-6.901667714118957520e-01
3.362000000000000099e+00,-6.839166879653930664e-01
3.362999999999999989e+00,-6.129781007766723633e-01
3.363999999999999879e+00,-5.857902169227600098e-01
3.365000000000000213e+00,-5.948528051376342773e-01
3.366000000000000103e+00,-5.982903838157653809e-01
3.366999999999999993e+00,-6.045404672622680664e-01
3.367999999999999883e+00,-6.076655387878417969e-01
3.369000000000000217e+00,-6.136031150817871094e-01
3.370000000000000107e+00,-6.167281866073608398e-01
3.370999999999999996e+00,-6.192281842231750488e-01
3.371999999999999886e+00,-6.276658177375793457e-01
3.373000000000000220e+00,-5.423520207405090332e-01
3.374000000000000110e+00,-5.536022186279296875e-01
3.375000000000000000e+00,-5.839151740074157715e-01
3.375999999999999890e+00,-6.201657056808471680e-01
3.376999999999999780e+00,-6.426660418510437012e-01
3.378000000000000114e+00,-6.526662111282348633e-01
3.379000000000000004e+00,-6.889167428016662598e-01
3.379999999999999893e+00,-6.892292499542236328e-01
3.380999999999999783e+00,-6.907917857170104980e-01
3.382000000000000117e+00,-6.845417022705078125e-01
3.383000000000000007e+00,-6.151656508445739746e-01
3.383999999999999897e+00,-5.864151716232299805e-01
3.384999999999999787e+00,-5.932903289794921875e-01
3.386000000000000121e+00,-6.032904386520385742e-01
3.387000000000000011e+00,-6.054779887199401855e-01
3.387999999999999901e+00,-6.061030030250549316e-01
3.388999999999999790e+00,-6.129781007766723633e-01
3.390000000000000124e+00,-6.164156794548034668e-01
3.391000000000000014e+00,-6.236032843589782715e-01
3.391999999999999904e+00,-6.276658177375793457e-01
3.392999999999999794e+00,-5.492271184921264648e-01
3.394000000000000128e+00,-5.489146113395690918e-01
3.395000000000000018e+00,-5.689149498939514160e-01
3.395999999999999908e+00,-6.092280745506286621e-01
3.396999999999999797e+00,-6.295408606529235840e-01
3.398000000000000131e+00,-6.432910561561584473e-01
3.399000000000000021e+00,-6.757915616035461426e-01
3.399999999999999911e+00,-6.779791116714477539e-01
3.400999999999999801e+00,-6.814166307449340820e-01
3.402000000000000135e+00,-6.742290258407592773e-01
3.403000000000000025e+00,-6.082905530929565430e-01
3.403999999999999915e+00,-5.832901597023010254e-01
3.404999999999999805e+00,-5.970403552055358887e-01
3.406000000000000139e+00,-6.011029481887817383e-01
3.407000000000000028e+00,-6.076655387878417969e-01
3.407999999999999918e+00,-6.157906651496887207e-01
3.408999999999999808e+00,-6.157906651496887207e-01
3.410000000000000142e+00,-6.229782700538635254e-01
3.411000000000000032e+00,-6.236032843589782715e-01
3.411999999999999922e+00,-6.273533105850219727e-01
3.412999999999999812e+00,-5.482895970344543457e-01
3.414000000000000146e+00,-5.473520755767822266e-01
3.415000000000000036e+00,-5.723524689674377441e-01
3.415999999999999925e+00,-6.104780435562133789e-01
3.416999999999999815e+00,-6.273533105850219727e-01
3.418000000000000149e+00,-6.426660418510437012e-01
3.419000000000000039e+00,-6.751665472984313965e-01
3.419999999999999929e+00,-6.767290830612182617e-01
3.420999999999999819e+00,-6.826666593551635742e-01
3.422000000000000153e+00,-6.739165186882019043e-01
3.423000000000000043e+00,-6.107905507087707520e-01
3.423999999999999932e+00,-5.832901597023010254e-01
3.424999999999999822e+00,-5.961028337478637695e-01
3.426000000000000156e+00,-6.023529171943664551e-01
3.427000000000000046e+00,-6.073530316352844238e-01
3.427999999999999936e+00,-6.092280745506286621e-01
3.428999999999999826e+00,-6.164156794548034668e-01
3.430000000000000160e+00,-6.217282414436340332e-01
3.431000000000000050e+00,-6.232907772064208984e-01
3.431999999999999940e+00,-6.298533678054809570e-01
3.432999999999999829e+00,-5.501646399497985840e-01
3.434000000000000163e+00,-5.486021041870117188e-01
3.435000000000000053e+00,-5.673524141311645508e-01
3.435999999999999943e+00,-6.120405793190002441e-01
3.436999999999999833e+00,-6.304783821105957031e-01
3.438000000000000167e+00,-6.420410275459289551e-01
3.439000000000000057e+00,-6.742290258407592773e-01
3.439999999999999947e+00,-6.739165186882019043e-01
3.440999999999999837e+00,-6.823541522026062012e-01
3.442000000000000171e+00,-6.773540973663330078e-01
3.443000000000000060e+00,-6.104780435562133789e-01
3.443999999999999950e+00,-5.776650905609130859e-01
3.444999999999999840e+00,-5.848526954650878906e-01
3.446000000000000174e+00,-5.904777646064758301e-01
3.447000000000000064e+00,-5.961028337478637695e-01
3.447999999999999954e+00,-6.017279028892517090e-01
3.448999999999999844e+00,-6.061030030250549316e-01
3.450000000000000178e+00,-6.111030578613281250e-01
3.451000000000000068e+00,-6.120405793190002441e-01
3.451999999999999957e+00,-6.170406937599182129e-01
3.452999999999999847e+00,-5.451645851135253906e-01
3.454000000000000181e+00,-5.442270636558532715e-01
3.455000000000000071e+00,-5.704774260520935059e-01
3.455999999999999961e+00,-6.111030578613281250e-01
3.456999999999999851e+00,-6.326659321784973145e-01
3.458000000000000185e+00,-6.445410847663879395e-01
3.459000000000000075e+00,-6.801666021347045898e-01
3.459999999999999964e+00,-6.792291402816772461e-01
3.460999999999999854e+00,-6.823541522026062012e-01
3.462000000000000188e+00,-6.789166331291198730e-01
3.463000000000000078e+00,-6.164156794548034668e-01
3.463999999999999968e+00,-5.779775977134704590e-01
3.464999999999999858e+00,-5.857902169227600098e-01
3.466000000000000192e+00,-5.907902717590332031e-01
3.467000000000000082e+00,-5.945402979850769043e-01
3.467999999999999972e+00,-5.998529195785522461e-01
3.468999999999999861e+00,-6.054779887199401855e-01
3.470000000000000195e+00,-6.082905530929565430e-01
3.471000000000000085e+00,-6.120405793190002441e-01
3.471999999999999975e+00,-6.204782128334045410e-01
3.472999999999999865e+00,-5.436020493507385254e-01
3.474000000000000199e+00,-5.398519635200500488e-01
3.475000000000000089e+00,-5.561022162437438965e-01
3.475999999999999979e+00,-6.032904386520385742e-01
3.476999999999999869e+00,-6.179781556129455566e-01
3.478000000000000203e+00,-6.342284083366394043e-01
3.479000000000000092e+00,-6.701664924621582031e-01
3.479999999999999982e+00,-6.704789996147155762e-01
3.480999999999999872e+00,-6.732915043830871582e-01
3.482000000000000206e+00,-6.698539853096008301e-01
3.483000000000000096e+00,-6.067280173301696777e-01
3.483999999999999986e+00,-5.742275118827819824e-01
3.484999999999999876e+00,-5.864151716232299805e-01
3.486000000000000210e+00,-5.954778194427490234e-01
3.487000000000000099e+00,-5.995404124259948730e-01
3.487999999999999989e+00,-6.054779887199401855e-01
3.488999999999999879e+00,-6.061030030250549316e-01
3.490000000000000213e+00,-6.157906651496887207e-01
3.491000000000000103e+00,-6.132906079292297363e-01
3.491999999999999993e+00,-6.211032271385192871e-01
3.492999999999999883e+00,-5.473520755767822266e-01
3.494000000000000217e+00,-5.423520207405090332e-01
3.495000000000000107e+00,-5.567272305488586426e-01
3.495999999999999996e+00,-6.029779314994812012e-01
3.496999999999999886e+00,-6.192281842231750488e-01
3.498000000000000220e+00,-6.329783797264099121e-01
3.499000000000000110e+00,-6.673539280891418457e-01
3.500000000000000000e+00,-6.679789423942565918e-01
3.500999999999999890e+00,-6.761040687561035156e-01
3.501999999999999780e+00,-6.698539853096008301e-01
3.503000000000000114e+00,-6.086030602455139160e-01
3.504000000000000004e+00,-5.673524141311645508e-01
3.504999999999999893e+00,-5.767275691032409668e-01
3.505999999999999783e+00,-5.795400738716125488e-01
3.507000000000000117e+00,-5.882902145385742188e-01
3.508000000000000007e+00,-5.942277908325195312e-01
3.508999999999999897e+00,-5.964153409004211426e-01
3.509999999999999787e+00,-6.045404672622680664e-01
3.511000000000000121e+00,-6.026654243469238281e-01
3.512000000000000011e+00,-6.111030578613281250e-01
3.512999999999999901e+00,-5.407894849777221680e-01
3.513999999999999790e+00,-5.364144444465637207e-01
3.515000000000000124e+00,-5.557897090911865234e-01
3.516000000000000014e+00,-6.098530292510986328e-01
3.516999999999999904e+00,-6.207907199859619141e-01
3.517999999999999794e+00,-6.364159584045410156e-01
3.519000000000000128e+00,-6.714165210723876953e-01
3.520000000000000018e+00,-6.729789972305297852e-01
3.520999999999999908e+00,-6.779791116714477539e-01
3.521999999999999797e+00,-6.726664900779724121e-01
3.523000000000000131e+00,-6.157906651496887207e-01
3.524000000000000021e+00,-5.673524141311645508e-01
3.524999999999999911e+00,-5.776650905609130859e-01
3.525999999999999801e+00,-5.798525810241699219e-01
3.527000000000000135e+00,-5.898527503013610840e-01
3.528000000000000025e+00,-5.961028337478637695e-01
3.528999999999999915e+00,-6.001654267311096191e-01
3.529999999999999805e+00,-6.036029458045959473e-01
3.531000000000000139e+00,-6.029779314994812012e-01
3.532000000000000028e+00,-6.176656484603881836e-01
3.532999999999999918e+00,-5.398519635200500488e-01
3.533999999999999808e+00,-5.370394587516784668e-01
3.535000000000000142e+00,-5.529772043228149414e-01
3.536000000000000032e+00,-6.051654815673828125e-01
3.536999999999999922e+00,-6.214157342910766602e-01
3.537999999999999812e+00,-6.370409727096557617e-01
3.539000000000000146e+00,-6.695414781570434570e-01
3.540000000000000036e+00,-6.701664924621582031e-01
3.540999999999999925e+00,-6.739165186882019043e-01
3.541999999999999815e+00,-6.732915043830871582e-01
3.543000000000000149e+00,-6.148531436920166016e-01
3.544000000000000039e+00,-5.689149498939514160e-01
3.544999999999999929e+00,-5.711024403572082520e-01
3.545999999999999819e+00,-5.817276239395141602e-01
3.547000000000000153e+00,-5.879777073860168457e-01
3.548000000000000043e+00,-5.923528075218200684e-01
3.548999999999999932e+00,-5.967278480529785156e-01
3.549999999999999822e+00,-6.039154529571533203e-01
3.551000000000000156e+00,-6.042279601097106934e-01
3.552000000000000046e+00,-6.107905507087707520e-01
3.552999999999999936e+00,-5.407894849777221680e-01
3.553999999999999826e+00,-5.317268371582031250e-01
3.555000000000000160e+00,-5.417270064353942871e-01
3.556000000000000050e+00,-5.976653695106506348e-01
3.556999999999999940e+00,-6.073530316352844238e-01
3.557999999999999829e+00,-6.245408058166503906e-01
3.559000000000000163e+00,-6.611038446426391602e-01
3.560000000000000053e+00,-6.620413661003112793e-01
3.560999999999999943e+00,-6.636039018630981445e-01
3.561999999999999833e+00,-6.670414209365844727e-01
3.563000000000000167e+00,-6.057904958724975586e-01
3.564000000000000057e+00,-5.661023855209350586e-01
3.564999999999999947e+00,-5.776650905609130859e-01
3.565999999999999837e+00,-5.867276787757873535e-01
3.567000000000000171e+00,-5.867276787757873535e-01
3.568000000000000060e+00,-5.957903265953063965e-01
3.568999999999999950e+00,-5.995404124259948730e-01
3.569999999999999840e+00,-6.064155101776123047e-01
3.571000000000000174e+00,-6.036029458045959473e-01
3.572000000000000064e+00,-6.145406365394592285e-01
3.572999999999999954e+00,-5.420395135879516602e-01
3.573999999999999844e+00,-5.282893180847167969e-01
3.575000000000000178e+00,-5.451645851135253906e-01
3.576000000000000068e+00,-5.961028337478637695e-01
3.576999999999999957e+00,-6.104780435562133789e-01
3.577999999999999847e+00,-6.226657629013061523e-01
3.579000000000000181e+00,-6.601663231849670410e-01
3.580000000000000071e+00,-6.629788875579833984e-01
3.580999999999999961e+00,-6.620413661003112793e-01
3.581999999999999851e+00,-6.632913947105407715e-01
3.583000000000000185e+00,-6.057904958724975586e-01
3.584000000000000075e+00,-5.595397949218750000e-01
3.584999999999999964e+00,-5.667273998260498047e-01
3.585999999999999854e+00,-5.726649761199951172e-01
3.587000000000000188e+00,-5.742275118827819824e-01
3.588000000000000078e+00,-5.842276811599731445e-01
3.588999999999999968e+00,-5.907902717590332031e-01
3.589999999999999858e+00,-5.948528051376342773e-01
3.591000000000000192e+00,-5.951653122901916504e-01
3.592000000000000082e+00,-6.070405244827270508e-01
3.592999999999999972e+00,-5.373519659042358398e-01
3.593999999999999861e+00,-5.270392894744873047e-01
3.595000000000000195e+00,-5.417270064353942871e-01
3.596000000000000085e+00,-6.014154553413391113e-01
3.596999999999999975e+00,-6.123530864715576172e-01
3.597999999999999865e+00,-6.267282962799072266e-01
3.599000000000000199e+00,-6.632913947105407715e-01
3.600000000000000089e+00,-6.642288565635681152e-01
3.600999999999999979e+00,-6.636039018630981445e-01
3.601999999999999869e+00,-6.695414781570434570e-01
3.603000000000000203e+00,-6.095405220985412598e-01
3.604000000000000092e+00,-5.564147233963012695e-01
3.604999999999999982e+00,-5.648523569107055664e-01
3.605999999999999872e+00,-5.789150595664978027e-01
3.607000000000000206e+00,-5.795400738716125488e-01
3.608000000000000096e+00,-5.857902169227600098e-01
3.608999999999999986e+00,-5.945402979850769043e-01
3.609999999999999876e+00,-5.979778766632080078e-01
3.611000000000000210e+00,-5.951653122901916504e-01
3.612000000000000099e+00,-6.048529744148254395e-01
3.612999999999999989e+00,-5.382894873619079590e-01
3.613999999999999879e+00,-5.198516845703125000e-01
3.615000000000000213e+00,-5.317268371582031250e-01
3.616000000000000103e+00,-5.889152288436889648e-01
3.616999999999999993e+00,-6.014154553413391113e-01
3.617999999999999883e+00,-6.176656484603881836e-01
3.619000000000000217e+00,-6.551662683486938477e-01
3.620000000000000107e+00,-6.548537611961364746e-01
3.620999999999999996e+00,-6.532912254333496094e-01
3.621999999999999886e+00,-6.611038446426391602e-01
3.623000000000000220e+00,-6.004779338836669922e-01
3.624000000000000110e+00,-5.573522448539733887e-01
3.625000000000000000e+00,-5.682899355888366699e-01
3.625999999999999890e+00,-5.764150619506835938e-01
3.626999999999999780e+00,-5.845401883125305176e-01
3.628000000000000114e+00,-5.889152288436889648e-01
3.629000000000000004e+00,-5.979778766632080078e-01
3.629999999999999893e+00,-5.982903838157653809e-01
3.630999999999999783e+00,-5.970403552055358887e-01
3.632000000000000117e+00,-6.079780459403991699e-01
3.633000000000000007e+00,-5.398519635200500488e-01
3.633999999999999897e+00,-5.248517394065856934e-01
3.634999999999999787e+00,-5.329768657684326172e-01
3.636000000000000121e+00,-5.907902717590332031e-01
3.637000000000000011e+00,-6.026654243469238281e-01
3.637999999999999901e+00,-6.157906651496887207e-01
3.638999999999999790e+00,-6.589162945747375488e-01
3.640000000000000124e+00,-6.526662111282348633e-01
3.641000000000000014e+00,-6.557912826538085938e-01
3.641999999999999904e+00,-6.592288017272949219e-01
3.642999999999999794e+00,-5.989153981208801270e-01
3.644000000000000128e+00,-5.539147257804870605e-01
3.645000000000000018e+00,-5.604773163795471191e-01
3.645999999999999908e+00,-5.682899355888366699e-01
3.646999999999999797e+00,-5.698524713516235352e-01
3.648000000000000131e+00,-5.792275667190551758e-01
3.649000000000000021e+00,-5.845401883125305176e-01
3.649999999999999911e+00,-5.911027789115905762e-01
3.650999999999999801e+00,-5.886027216911315918e-01
3.652000000000000135e+00,-5.976653695106506348e-01
3.653000000000000025e+00,-5.357894301414489746e-01
3.653999999999999915e+00,-5.195391774177551270e-01
3.654999999999999805e+00,-5.317268371582031250e-01
3.656000000000000139e+00,-5.945402979850769043e-01
3.657000000000000028e+00,-6.032904386520385742e-01
3.657999999999999918e+00,-6.204782128334045410e-01
3.658999999999999808e+00,-6.598538160324096680e-01
3.660000000000000142e+00,-6.601663231849670410e-01
3.661000000000000032e+00,-6.573537588119506836e-01
3.661999999999999922e+00,-6.620413661003112793e-01
3.662999999999999812e+00,-6.032904386520385742e-01
3.664000000000000146e+00,-5.504771471023559570e-01
3.665000000000000036e+00,-5.607898235321044922e-01
3.665999999999999925e+00,-5.686024427413940430e-01
3.666999999999999815e+00,-5.736024975776672363e-01
3.668000000000000149e+00,-5.786025524139404297e-01
3.669000000000000039e+00,-5.845401883125305176e-01
3.669999999999999929e+00,-5.889152288436889648e-01
3.670999999999999819e+00,-5.907902717590332031e-01
3.672000000000000153e+00,-5.986028909683227539e-01
3.673000000000000043e+00,-5.354769229888916016e-01
3.673999999999999932e+00,-5.198516845703125000e-01
3.674999999999999822e+00,-5.298518538475036621e-01
3.676000000000000156e+00,-5.917277932167053223e-01
3.677000000000000046e+00,-6.042279601097106934e-01
3.677999999999999936e+00,-6.176656484603881836e-01
3.678999999999999826e+00,-6.570412516593933105e-01
3.680000000000000160e+00,-6.551662683486938477e-01
3.681000000000000050e+00,-6.589162945747375488e-01
3.681999999999999940e+00,-6.604788303375244141e-01
3.682999999999999829e+00,-6.029779314994812012e-01
3.684000000000000163e+00,-5.523521900177001953e-01
3.685000000000000053e+00,-5.589147806167602539e-01
3.685999999999999943e+00,-5.686024427413940430e-01
3.686999999999999833e+00,-5.698524713516235352e-01
3.688000000000000167e+00,-5.798525810241699219e-01
3.689000000000000057e+00,-5.801650881767272949e-01
3.689999999999999947e+00,-5.904777646064758301e-01
3.690999999999999837e+00,-5.848526954650878906e-01
3.692000000000000171e+00,-6.014154553413391113e-01
3.693000000000000060e+00,-5.379769802093505859e-01
3.693999999999999950e+00,-5.114140510559082031e-01
3.694999999999999840e+00,-5.214142203330993652e-01
3.696000000000000174e+00,-5.807901024818420410e-01
3.697000000000000064e+00,-5.929778218269348145e-01
3.697999999999999954e+00,-6.070405244827270508e-01
3.698999999999999844e+00,-6.486036181449890137e-01
3.700000000000000178e+00,-6.464161276817321777e-01
3.701000000000000068e+00,-6.473536491394042969e-01
3.701999999999999957e+00,-6.539162397384643555e-01
3.702999999999999847e+00,-5.929778218269348145e-01
3.704000000000000181e+00,-5.467271208763122559e-01
3.705000000000000071e+00,-5.570397377014160156e-01
3.705999999999999961e+00,-5.717274546623229980e-01
3.706999999999999851e+00,-5.739150047302246094e-01
3.708000000000000185e+00,-5.814151167869567871e-01
3.709000000000000075e+00,-5.876652002334594727e-01
3.709999999999999964e+00,-5.939152836799621582e-01
3.710999999999999854e+00,-5.898527503013610840e-01
3.712000000000000188e+00,-5.992279052734375000e-01
3.713000000000000078e+00,-5.379769802093505859e-01
3.713999999999999968e+00,-5.129765868186950684e-01
3.714999999999999858e+00,-5.232892632484436035e-01
3.716000000000000192e+00,-5.857902169227600098e-01
3.717000000000000082e+00,-5.907902717590332031e-01
3.717999999999999972e+00,-6.082905530929565430e-01
3.718999999999999861e+00,-6.507911682128906250e-01
3.720000000000000195e+00,-6.479786634445190430e-01
3.721000000000000085e+00,-6.470411419868469238e-01
3.721999999999999975e+00,-6.511036753654479980e-01
3.722999999999999865e+00,-5.932903289794921875e-01
3.724000000000000199e+00,-5.392269492149353027e-01
3.725000000000000089e+00,-5.489146113395690918e-01
3.725999999999999979e+00,-5.586022734642028809e-01
3.726999999999999869e+00,-5.626648068428039551e-01
3.728000000000000203e+00,-5.720399618148803711e-01
3.729000000000000092e+00,-5.742275118827819824e-01
3.729999999999999982e+00,-5.829776525497436523e-01
3.730999999999999872e+00,-5.836026668548583984e-01
3.732000000000000206e+00,-5.895402431488037109e-01
3.733000000000000096e+00,-5.370394587516784668e-01
3.733999999999999986e+00,-5.079764723777770996e-01
3.734999999999999876e+00,-5.236017107963562012e-01
3.736000000000000210e+00,-5.892277359962463379e-01
3.737000000000000099e+00,-5.964153409004211426e-01
3.737999999999999989e+00,-6.107905507087707520e-01
3.738999999999999879e+00,-6.473536491394042969e-01
3.740000000000000213e+00,-6.514161825180053711e-01
3.741000000000000103e+00,-6.498536467552185059e-01
3.741999999999999993e+00,-6.573537588119506836e-01
3.742999999999999883e+00,-5.986028909683227539e-01
3.744000000000000217e+00,-5.414144992828369141e-01
3.745000000000000107e+00,-5.542272329330444336e-01
3.745999999999999996e+00,-5.626648068428039551e-01
3.746999999999999886e+00,-5.620398521423339844e-01
3.748000000000000220e+00,-5.742275118827819824e-01
3.749000000000000110e+00,-5.770400762557983398e-01
3.750000000000000000e+00,-5.829776525497436523e-01
3.750999999999999890e+00,-5.814151167869567871e-01
3.751999999999999780e+00,-5.876652002334594727e-01
3.753000000000000114e+00,-5.354769229888916016e-01
3.754000000000000004e+00,-5.029764175415039062e-01
3.754999999999999893e+00,-5.179766416549682617e-01
3.755999999999999783e+00,-5.751650333404541016e-01
3.757000000000000117e+00,-5.851652026176452637e-01
3.758000000000000007e+00,-6.014154553413391113e-01
3.758999999999999897e+00,-6.426660418510437012e-01
3.759999999999999787e+00,-6.398535370826721191e-01
3.761000000000000121e+00,-6.404785513877868652e-01
3.762000000000000011e+00,-6.439160704612731934e-01
3.762999999999999901e+00,-5.882902145385742188e-01
3.763999999999999790e+00,-5.382894873619079590e-01
3.765000000000000124e+00,-5.486021041870117188e-01
3.766000000000000014e+00,-5.639148354530334473e-01
3.766999999999999904e+00,-5.651648640632629395e-01
3.767999999999999794e+00,-5.742275118827819824e-01
3.769000000000000128e+00,-5.792275667190551758e-01
3.770000000000000018e+00,-5.832901597023010254e-01
3.770999999999999908e+00,-5.832901597023010254e-01
3.771999999999999797e+00,-5.932903289794921875e-01
3.773000000000000131e+00,-5.386019945144653320e-01
3.774000000000000021e+00,-5.023514032363891602e-01
3.774999999999999911e+00,-5.201641917228698730e-01
3.775999999999999801e+00,-5.820401310920715332e-01
3.777000000000000135e+00,-5.845401883125305176e-01
3.778000000000000025e+00,-6.023529171943664551e-01
3.778999999999999915e+00,-6.389160156250000000e-01
3.779999999999999805e+00,-6.436035633087158203e-01
3.781000000000000139e+00,-6.401660442352294922e-01
3.782000000000000028e+00,-6.420410275459289551e-01
3.782999999999999918e+00,-5.873526930809020996e-01
3.783999999999999808e+00,-5.373519659042358398e-01
3.785000000000000142e+00,-5.523521900177001953e-01
3.786000000000000032e+00,-5.639148354530334473e-01
3.786999999999999922e+00,-5.654773712158203125e-01
3.787999999999999812e+00,-5.751650333404541016e-01
3.789000000000000146e+00,-5.764150619506835938e-01
3.790000000000000036e+00,-5.823526382446289062e-01
3.790999999999999925e+00,-5.817276239395141602e-01
3.791999999999999815e+00,-5.929778218269348145e-01
3.793000000000000149e+00,-5.367269515991210938e-01
3.794000000000000039e+00,-5.023514032363891602e-01
3.794999999999999929e+00,-5.179766416549682617e-01
3.795999999999999819e+00,-5.770400762557983398e-01
3.797000000000000153e+00,-5.851652026176452637e-01
3.798000000000000043e+00,-6.017279028892517090e-01
3.798999999999999932e+00,-6.364159584045410156e-01
3.799999999999999822e+00,-6.407909989356994629e-01
3.801000000000000156e+00,-6.373534798622131348e-01
3.802000000000000046e+00,-6.414160132408142090e-01
3.802999999999999936e+00,-5.870401859283447266e-01
3.803999999999999826e+00,-5.329768657684326172e-01
3.805000000000000160e+00,-5.432895421981811523e-01
3.806000000000000050e+00,-5.529772043228149414e-01
3.806999999999999940e+00,-5.542272329330444336e-01
3.807999999999999829e+00,-5.636023283004760742e-01
3.809000000000000163e+00,-5.670399069786071777e-01
3.810000000000000053e+00,-5.704774260520935059e-01
3.810999999999999943e+00,-5.732899904251098633e-01
3.811999999999999833e+00,-5.792275667190551758e-01
3.813000000000000167e+00,-5.273517966270446777e-01
3.814000000000000057e+00,-5.020388960838317871e-01
3.814999999999999947e+00,-5.176641345024108887e-01
3.815999999999999837e+00,-5.798525810241699219e-01
3.817000000000000171e+00,-5.848526954650878906e-01
3.818000000000000060e+00,-6.032904386520385742e-01
3.818999999999999950e+00,-6.348534226417541504e-01
3.819999999999999840e+00,-6.404785513877868652e-01
3.821000000000000174e+00,-6.411035060882568359e-01
3.822000000000000064e+00,-6.423535346984863281e-01
3.822999999999999954e+00,-5.857902169227600098e-01
3.823999999999999844e+00,-5.348519086837768555e-01
3.825000000000000178e+00,-5.439145565032958984e-01
3.826000000000000068e+00,-5.551646947860717773e-01
3.826999999999999957e+00,-5.561022162437438965e-01
3.827999999999999847e+00,-5.639148354530334473e-01
3.829000000000000181e+00,-5.692274570465087891e-01
3.830000000000000071e+00,-5.732899904251098633e-01
3.830999999999999961e+00,-5.704774260520935059e-01
3.831999999999999851e+00,-5.782900452613830566e-01
3.833000000000000185e+00,-5.332893729209899902e-01
3.834000000000000075e+00,-4.939137995243072510e-01
3.834999999999999964e+00,-5.104765295982360840e-01
3.835999999999999854e+00,-5.717274546623229980e-01
3.837000000000000188e+00,-5.754775404930114746e-01
3.838000000000000078e+00,-5.945402979850769043e-01
3.838999999999999968e+00,-6.261032819747924805e-01
3.839999999999999858e+00,-6.351659297943115234e-01
3.841000000000000192e+00,-6.307908892631530762e-01
3.842000000000000082e+00,-6.326659321784973145e-01
3.842999999999999972e+00,-5.811026096343994141e-01
3.843999999999999861e+00,-5.311018824577331543e-01
3.845000000000000195e+00,-5.414144992828369141e-01
3.846000000000000085e+00,-5.595397949218750000e-01
3.846999999999999975e+00,-5.579772591590881348e-01
3.847999999999999865e+00,-5.682899355888366699e-01
3.849000000000000199e+00,-5.711024403572082520e-01
3.850000000000000089e+00,-5.764150619506835938e-01
3.850999999999999979e+00,-5.751650333404541016e-01
3.851999999999999869e+00,-5.811026096343994141e-01
3.853000000000000203e+00,-5.323518514633178711e-01
3.854000000000000092e+00,-4.929762780666351318e-01
3.854999999999999982e+00,-5.132890939712524414e-01
3.855999999999999872e+00,-5.757900476455688477e-01
3.857000000000000206e+00,-5.773525834083557129e-01
3.858000000000000096e+00,-5.923528075218200684e-01
3.858999999999999986e+00,-6.204782128334045410e-01
3.859999999999999876e+00,-6.320409178733825684e-01
3.861000000000000210e+00,-6.304783821105957031e-01
3.862000000000000099e+00,-6.329783797264099121e-01
3.862999999999999989e+00,-5.801650881767272949e-01
3.863999999999999879e+00,-5.254767537117004395e-01
3.865000000000000213e+00,-5.336018800735473633e-01
3.866000000000000103e+00,-5.467271208763122559e-01
3.866999999999999993e+00,-5.451645851135253906e-01
3.867999999999999883e+00,-5.620398521423339844e-01
3.869000000000000217e+00,-5.598523020744323730e-01
3.870000000000000107e+00,-5.664148926734924316e-01
3.870999999999999996e+00,-5.645398497581481934e-01
3.871999999999999886e+00,-5.732899904251098633e-01
3.873000000000000220e+00,-5.257892608642578125e-01
3.874000000000000110e+00,-4.917262494564056396e-01
3.875000000000000000e+00,-5.198516845703125000e-01
3.875999999999999890e+00,-5.767275691032409668e-01
3.876999999999999780e+00,-5.839151740074157715e-01
3.878000000000000114e+00,-5.954778194427490234e-01
3.879000000000000004e+00,-6.248533129692077637e-01
3.879999999999999893e+00,-6.379784941673278809e-01
3.880999999999999783e+00,-6.326659321784973145e-01
3.882000000000000117e+00,-6.336033940315246582e-01
3.883000000000000007e+00,-5.804775953292846680e-01
3.883999999999999897e+00,-5.254767537117004395e-01
3.884999999999999787e+00,-5.336018800735473633e-01
3.886000000000000121e+00,-5.501646399497985840e-01
3.887000000000000011e+00,-5.464146137237548828e-01
3.887999999999999901e+00,-5.592272877693176270e-01
3.888999999999999790e+00,-5.626648068428039551e-01
3.890000000000000124e+00,-5.654773712158203125e-01
3.891000000000000014e+00,-5.648523569107055664e-01
3.891999999999999904e+00,-5.717274546623229980e-01
3.892999999999999794e+00,-5.264142751693725586e-01
3.894000000000000128e+00,-4.917262494564056396e-01
3.895000000000000018e+00,-5.173516273498535156e-01
3.895999999999999908e+00,-5.770400762557983398e-01
3.896999999999999797e+00,-5.761025547981262207e-01
3.898000000000000131e+00,-5.945402979850769043e-01
3.899000000000000021e+00,-6.214157342910766602e-01
3.899999999999999911e+00,-6.345409154891967773e-01
3.900999999999999801e+00,-6.345409154891967773e-01
3.902000000000000135e+00,-6.348534226417541504e-01
3.903000000000000025e+00,-5.770400762557983398e-01
3.903999999999999915e+00,-5.242267251014709473e-01
3.904999999999999805e+00,-5.336018800735473633e-01
3.906000000000000139e+00,-5.445395708084106445e-01
3.907000000000000028e+00,-5.439145565032958984e-01
3.907999999999999918e+00,-5.564147233963012695e-01
3.908999999999999808e+00,-5.548521876335144043e-01
3.910000000000000142e+00,-5.620398521423339844e-01
3.911000000000000032e+00,-5.620398521423339844e-01
3.911999999999999922e+00,-5.698524713516235352e-01
3.912999999999999812e+00,-5.261017680168151855e-01
3.914000000000000146e+00,-4.832886159420013428e-01
3.915000000000000036e+00,-5.111015439033508301e-01
3.915999999999999925e+00,-5.629773139953613281e-01
3.916999999999999815e+00,-5.654773712158203125e-01
3.918000000000000149e+00,-5.851652026176452637e-01
3.919000000000000039e+00,-6.092280745506286621e-01
3.919999999999999929e+00,-6.257907748222351074e-01
3.920999999999999819e+00,-6.204782128334045410e-01
3.922000000000000153e+00,-6.242282986640930176e-01
3.923000000000000043e+00,-5.692274570465087891e-01
3.923999999999999932e+00,-5.211017131805419922e-01
3.924999999999999822e+00,-5.314143300056457520e-01
3.926000000000000156e+00,-5.486021041870117188e-01
3.927000000000000046e+00,-5.511021614074707031e-01
3.927999999999999936e+00,-5.601648092269897461e-01
3.928999999999999826e+00,-5.579772591590881348e-01
3.930000000000000160e+00,-5.679774284362792969e-01
3.931000000000000050e+00,-5.657898783683776855e-01
3.931999999999999940e+00,-5.742275118827819824e-01
3.932999999999999829e+00,-5.304768681526184082e-01
3.934000000000000163e+00,-4.851636588573455811e-01
3.935000000000000053e+00,-5.095390081405639648e-01
3.935999999999999943e+00,-5.645398497581481934e-01
3.936999999999999833e+00,-5.648523569107055664e-01
3.938000000000000167e+00,-5.851652026176452637e-01
3.939000000000000057e+00,-6.079780459403991699e-01
3.939999999999999947e+00,-6.286033391952514648e-01
3.940999999999999837e+00,-6.229782700538635254e-01
3.942000000000000171e+00,-6.223532557487487793e-01
3.943000000000000060e+00,-5.682899355888366699e-01
3.943999999999999950e+00,-5.151641368865966797e-01
3.944999999999999840e+00,-5.254767537117004395e-01
3.946000000000000174e+00,-5.398519635200500488e-01
3.947000000000000064e+00,-5.376644730567932129e-01
3.947999999999999954e+00,-5.514146685600280762e-01
3.948999999999999844e+00,-5.486021041870117188e-01
3.950000000000000178e+00,-5.545397400856018066e-01
3.951000000000000068e+00,-5.548521876335144043e-01
3.951999999999999957e+00,-5.623523592948913574e-01
3.952999999999999847e+00,-5.223517417907714844e-01
3.954000000000000181e+00,-4.826636016368865967e-01
3.955000000000000071e+00,-5.164141058921813965e-01
3.955999999999999961e+00,-5.667273998260498047e-01
3.956999999999999851e+00,-5.698524713516235352e-01
3.958000000000000185e+00,-5.898527503013610840e-01
3.959000000000000075e+00,-6.070405244827270508e-01
3.959999999999999964e+00,-6.323534250259399414e-01
3.960999999999999854e+00,-6.245408058166503906e-01
3.962000000000000188e+00,-6.282908320426940918e-01
3.963000000000000078e+00,-5.720399618148803711e-01
3.963999999999999968e+00,-5.136016011238098145e-01
3.964999999999999858e+00,-5.232892632484436035e-01
3.966000000000000192e+00,-5.373519659042358398e-01
3.967000000000000082e+00,-5.395394563674926758e-01
3.967999999999999972e+00,-5.498521327972412109e-01
3.968999999999999861e+00,-5.495396256446838379e-01
3.970000000000000195e+00,-5.564147233963012695e-01
3.971000000000000085e+00,-5.551646947860717773e-01
3.971999999999999975e+00,-5.626648068428039551e-01
3.972999999999999865e+00,-5.204766988754272461e-01
3.974000000000000199e+00,-4.732884764671325684e-01
3.975000000000000089e+00,-5.089139938354492188e-01
3.975999999999999979e+00,-5.567272305488586426e-01
3.976999999999999869e+00,-5.570397377014160156e-01
3.978000000000000203e+00,-5.779775977134704590e-01
3.979000000000000092e+00,-6.001654267311096191e-01
3.979999999999999982e+00,-6.170406937599182129e-01
3.980999999999999872e+00,-6.176656484603881836e-01
3.982000000000000206e+00,-6.182906627655029297e-01
3.983000000000000096e+00,-5.620398521423339844e-01
3.983999999999999986e+00,-5.120390653610229492e-01
3.984999999999999876e+00,-5.264142751693725586e-01
3.986000000000000210e+00,-5.373519659042358398e-01
3.987000000000000099e+00,-5.407894849777221680e-01
3.987999999999999989e+00,-5.539147257804870605e-01
3.988999999999999879e+00,-5.529772043228149414e-01
3.990000000000000213e+00,-5.614148378372192383e-01
3.991000000000000103e+00,-5.542272329330444336e-01
3.991999999999999993e+00,-5.661023855209350586e-01
3.992999999999999883e+00,-5.229767560958862305e-01
3.994000000000000217e+00,-4.751634895801544189e-01
3.995000000000000107e+00,-5.064139962196350098e-01
3.995999999999999996e+00,-5.607898235321044922e-01
3.996999999999999886e+00,-5.601648092269897461e-01
3.998000000000000220e+00,-5.757900476455688477e-01
3.999000000000000110e+00,-5.948528051376342773e-01
4.000000000000000000e+00,-6.207907199859619141e-01
4.001000000000000334e+00,-6.164156794548034668e-01
4.001999999999999780e+00,-6.211032271385192871e-01
4.003000000000000114e+00,-5.626648068428039551e-01
4.003999999999999559e+00,-5.092265009880065918e-01
4.004999999999999893e+00,-5.198516845703125000e-01
4.006000000000000227e+00,-5.311018824577331543e-01
4.006999999999999673e+00,-5.332893729209899902e-01
4.008000000000000007e+00,-5.429770350456237793e-01
4.009000000000000341e+00,-5.401644706726074219e-01
4.009999999999999787e+00,-5.526646971702575684e-01
4.011000000000000121e+00,-5.526646971702575684e-01
4.011999999999999567e+00,-5.604773163795471191e-01
4.012999999999999901e+00,-5.151641368865966797e-01
4.014000000000000234e+00,-4.751634895801544189e-01
4.014999999999999680e+00,-5.123515725135803223e-01
4.016000000000000014e+00,-5.595397949218750000e-01
4.017000000000000348e+00,-5.645398497581481934e-01
4.017999999999999794e+00,-5.807901024818420410e-01
4.019000000000000128e+00,-6.045404672622680664e-01
4.019999999999999574e+00,-6.270408034324645996e-01
4.020999999999999908e+00,-6.201657056808471680e-01
4.022000000000000242e+00,-6.226657629013061523e-01
4.022999999999999687e+00,-5.632898211479187012e-01
4.024000000000000021e+00,-5.111015439033508301e-01
4.025000000000000355e+00,-5.189141631126403809e-01
4.025999999999999801e+00,-5.317268371582031250e-01
4.027000000000000135e+00,-5.336018800735473633e-01
4.027999999999999581e+00,-5.420395135879516602e-01
4.028999999999999915e+00,-5.414144992828369141e-01
4.030000000000000249e+00,-5.507896542549133301e-01
4.030999999999999694e+00,-5.504771471023559570e-01
4.032000000000000028e+00,-5.579772591590881348e-01
4.033000000000000362e+00,-5.167266130447387695e-01
4.033999999999999808e+00,-4.726634621620178223e-01
4.035000000000000142e+00,-5.107890367507934570e-01
4.035999999999999588e+00,-5.620398521423339844e-01
4.036999999999999922e+00,-5.595397949218750000e-01
4.038000000000000256e+00,-5.820401310920715332e-01
4.038999999999999702e+00,-5.995404124259948730e-01
4.040000000000000036e+00,-6.239157915115356445e-01
4.041000000000000369e+00,-6.161031723022460938e-01
4.041999999999999815e+00,-6.239157915115356445e-01
4.043000000000000149e+00,-5.629773139953613281e-01
4.043999999999999595e+00,-5.076640248298645020e-01
4.044999999999999929e+00,-5.145391225814819336e-01
4.046000000000000263e+00,-5.307893753051757812e-01
4.046999999999999709e+00,-5.292268395423889160e-01
4.048000000000000043e+00,-5.392269492149353027e-01
4.049000000000000377e+00,-5.401644706726074219e-01
4.049999999999999822e+00,-5.495396256446838379e-01
4.051000000000000156e+00,-5.461021065711975098e-01
4.051999999999999602e+00,-5.554772019386291504e-01
4.052999999999999936e+00,-5.161015987396240234e-01
4.054000000000000270e+00,-4.679758846759796143e-01
4.054999999999999716e+00,-4.964138269424438477e-01
4.056000000000000050e+00,-5.520396828651428223e-01
4.057000000000000384e+00,-5.507896542549133301e-01
4.057999999999999829e+00,-5.714149475097656250e-01
4.059000000000000163e+00,-5.836026668548583984e-01
4.059999999999999609e+00,-6.148531436920166016e-01
4.060999999999999943e+00,-6.064155101776123047e-01
4.062000000000000277e+00,-6.154781579971313477e-01
4.062999999999999723e+00,-5.548521876335144043e-01
4.064000000000000057e+00,-5.039139389991760254e-01
4.065000000000000391e+00,-5.173516273498535156e-01
4.065999999999999837e+00,-5.326643586158752441e-01
4.067000000000000171e+00,-5.376644730567932129e-01
4.067999999999999616e+00,-5.451645851135253906e-01
4.068999999999999950e+00,-5.420395135879516602e-01
4.070000000000000284e+00,-5.507896542549133301e-01
4.070999999999999730e+00,-5.501646399497985840e-01
4.072000000000000064e+00,-5.561022162437438965e-01
4.073000000000000398e+00,-5.176641345024108887e-01
4.073999999999999844e+00,-4.642258286476135254e-01
4.075000000000000178e+00,-4.979763627052307129e-01
4.075999999999999623e+00,-5.511021614074707031e-01
4.076999999999999957e+00,-5.504771471023559570e-01
4.078000000000000291e+00,-5.689149498939514160e-01
4.078999999999999737e+00,-5.857902169227600098e-01
4.080000000000000071e+00,-6.120405793190002441e-01
4.081000000000000405e+00,-6.079780459403991699e-01
4.081999999999999851e+00,-6.161031723022460938e-01
4.083000000000000185e+00,-5.545397400856018066e-01
4.083999999999999631e+00,-4.989138543605804443e-01
4.084999999999999964e+00,-5.111015439033508301e-01
4.086000000000000298e+00,-5.229767560958862305e-01
4.086999999999999744e+00,-5.239142179489135742e-01
4.088000000000000078e+00,-5.342268943786621094e-01
4.089000000000000412e+00,-5.320393443107604980e-01
4.089999999999999858e+00,-5.429770350456237793e-01
4.091000000000000192e+00,-5.423520207405090332e-01
4.091999999999999638e+00,-5.498521327972412109e-01
4.092999999999999972e+00,-5.111015439033508301e-01
4.094000000000000306e+00,-4.636008143424987793e-01
4.094999999999999751e+00,-4.995388686656951904e-01
4.096000000000000085e+00,-5.520396828651428223e-01
4.097000000000000419e+00,-5.536022186279296875e-01
4.097999999999999865e+00,-5.707899332046508789e-01
4.099000000000000199e+00,-5.898527503013610840e-01
4.099999999999999645e+00,-6.161031723022460938e-01
4.100999999999999979e+00,-6.089155673980712891e-01
4.102000000000000313e+00,-6.201657056808471680e-01
4.102999999999999758e+00,-5.570397377014160156e-01
4.104000000000000092e+00,-5.007888674736022949e-01
4.105000000000000426e+00,-5.098515152931213379e-01
4.105999999999999872e+00,-5.245392322540283203e-01
4.107000000000000206e+00,-5.229767560958862305e-01
4.107999999999999652e+00,-5.361019372940063477e-01
4.108999999999999986e+00,-5.323518514633178711e-01
4.110000000000000320e+00,-5.423520207405090332e-01
4.110999999999999766e+00,-5.473520755767822266e-01
4.112000000000000099e+00,-5.498521327972412109e-01
4.113000000000000433e+00,-5.123515725135803223e-01
4.113999999999999879e+00,-4.601632654666900635e-01
4.115000000000000213e+00,-4.879761934280395508e-01
4.115999999999999659e+00,-5.411019921302795410e-01
4.116999999999999993e+00,-5.401644706726074219e-01
4.118000000000000327e+00,-5.636023283004760742e-01
4.118999999999999773e+00,-5.764150619506835938e-01
4.120000000000000107e+00,-6.061030030250549316e-01
4.121000000000000441e+00,-6.017279028892517090e-01
4.121999999999999886e+00,-6.104780435562133789e-01
4.123000000000000220e+00,-5.511021614074707031e-01
4.123999999999999666e+00,-4.979763627052307129e-01
4.125000000000000000e+00,-5.123515725135803223e-01
4.126000000000000334e+00,-5.273517966270446777e-01
4.126999999999999780e+00,-5.292268395423889160e-01
4.128000000000000114e+00,-5.389145016670227051e-01
4.128999999999999559e+00,-5.376644730567932129e-01
4.129999999999999893e+00,-5.461021065711975098e-01
4.131000000000000227e+00,-5.482895970344543457e-01
4.131999999999999673e+00,-5.517271757125854492e-01
4.133000000000000007e+00,-5.192266702651977539e-01
4.134000000000000341e+00,-4.579757452011108398e-01
4.134999999999999787e+00,-4.911012351512908936e-01
4.136000000000000121e+00,-5.407894849777221680e-01
4.136999999999999567e+00,-5.454770922660827637e-01
4.137999999999999901e+00,-5.667273998260498047e-01
4.139000000000000234e+00,-5.782900452613830566e-01
4.139999999999999680e+00,-6.092280745506286621e-01
4.141000000000000014e+00,-6.020404100418090820e-01
4.142000000000000348e+00,-6.111030578613281250e-01
4.142999999999999794e+00,-5.526646971702575684e-01
4.144000000000000128e+00,-4.964138269424438477e-01
4.144999999999999574e+00,-5.095390081405639648e-01
4.145999999999999908e+00,-5.264142751693725586e-01
4.147000000000000242e+00,-5.273517966270446777e-01
4.147999999999999687e+00,-5.357894301414489746e-01
4.149000000000000021e+00,-5.361019372940063477e-01
4.150000000000000355e+00,-5.451645851135253906e-01
4.150999999999999801e+00,-5.445395708084106445e-01
4.152000000000000135e+00,-5.495396256446838379e-01
4.152999999999999581e+00,-5.186016559600830078e-01
4.153999999999999915e+00,-4.570382237434387207e-01
4.155000000000000249e+00,-4.889137148857116699e-01
4.155999999999999694e+00,-5.357894301414489746e-01
4.157000000000000028e+00,-5.398519635200500488e-01
4.158000000000000362e+00,-5.626648068428039551e-01
4.158999999999999808e+00,-5.751650333404541016e-01
4.160000000000000142e+00,-6.057904958724975586e-01
4.160999999999999588e+00,-5.989153981208801270e-01
4.161999999999999922e+00,-6.111030578613281250e-01
4.163000000000000256e+00,-5.482895970344543457e-01
4.163999999999999702e+00,-4.901637434959411621e-01
4.165000000000000036e+00,-5.017263889312744141e-01
4.166000000000000369e+00,-5.136016011238098145e-01
4.166999999999999815e+00,-5.157890915870666504e-01
4.168000000000000149e+00,-5.270392894744873047e-01
4.168999999999999595e+00,-5.248517394065856934e-01
4.169999999999999929e+00,-5.364144444465637207e-01
4.171000000000000263e+00,-5.323518514633178711e-01
4.171999999999999709e+00,-5.401644706726074219e-01
4.173000000000000043e+00,-5.120390653610229492e-01
4.174000000000000377e+00,-4.539131820201873779e-01
4.174999999999999822e+00,-4.895387291908264160e-01
4.176000000000000156e+00,-5.379769802093505859e-01
4.176999999999999602e+00,-5.439145565032958984e-01
4.177999999999999936e+00,-5.592272877693176270e-01
4.179000000000000270e+00,-5.773525834083557129e-01
4.179999999999999716e+00,-6.151656508445739746e-01
4.181000000000000050e+00,-5.998529195785522461e-01
4.182000000000000384e+00,-6.117280721664428711e-01
4.182999999999999829e+00,-5.554772019386291504e-01
4.184000000000000163e+00,-4.911012351512908936e-01
4.184999999999999609e+00,-4.995388686656951904e-01
4.185999999999999943e+00,-5.139141082763671875e-01
4.187000000000000277e+00,-5.182891488075256348e-01
4.187999999999999723e+00,-5.276643037796020508e-01
4.189000000000000057e+00,-5.257892608642578125e-01
4.190000000000000391e+00,-5.339143872261047363e-01
4.190999999999999837e+00,-5.373519659042358398e-01
4.192000000000000171e+00,-5.414144992828369141e-01
4.192999999999999616e+00,-5.129765868186950684e-01
4.193999999999999950e+00,-4.492256045341491699e-01
4.195000000000000284e+00,-4.761010110378265381e-01
4.195999999999999730e+00,-5.292268395423889160e-01
4.197000000000000064e+00,-5.342268943786621094e-01
4.198000000000000398e+00,-5.536022186279296875e-01
4.198999999999999844e+00,-5.664148926734924316e-01
4.200000000000000178e+00,-6.007904410362243652e-01
4.200999999999999623e+00,-5.939152836799621582e-01
4.201999999999999957e+00,-6.051654815673828125e-01
4.203000000000000291e+00,-5.479770898818969727e-01
4.203999999999999737e+00,-4.892262220382690430e-01
4.205000000000000071e+00,-5.026639103889465332e-01
4.206000000000000405e+00,-5.164141058921813965e-01
4.206999999999999851e+00,-5.182891488075256348e-01
4.208000000000000185e+00,-5.311018824577331543e-01
4.208999999999999631e+00,-5.314143300056457520e-01
4.209999999999999964e+00,-5.354769229888916016e-01
4.211000000000000298e+00,-5.407894849777221680e-01
4.211999999999999744e+00,-5.436020493507385254e-01
4.213000000000000078e+00,-5.139141082763671875e-01
4.214000000000000412e+00,-4.454755485057830811e-01
4.214999999999999858e+00,-4.795385599136352539e-01
4.216000000000000192e+00,-5.270392894744873047e-01
4.216999999999999638e+00,-5.329768657684326172e-01
4.217999999999999972e+00,-5.511021614074707031e-01
4.219000000000000306e+00,-5.679774284362792969e-01
4.219999999999999751e+00,-5.992279052734375000e-01
4.221000000000000085e+00,-5.961028337478637695e-01
4.222000000000000419e+00,-6.042279601097106934e-01
4.222999999999999865e+00,-5.479770898818969727e-01
4.224000000000000199e+00,-4.832886159420013428e-01
4.224999999999999645e+00,-4.948512911796569824e-01
4.225999999999999979e+00,-5.079764723777770996e-01
4.227000000000000313e+00,-5.095390081405639648e-01
4.227999999999999758e+00,-5.164141058921813965e-01
4.229000000000000092e+00,-5.182891488075256348e-01
4.230000000000000426e+00,-5.261017680168151855e-01
4.230999999999999872e+00,-5.282893180847167969e-01
4.232000000000000206e+00,-5.348519086837768555e-01
4.232999999999999652e+00,-5.098515152931213379e-01
4.233999999999999986e+00,-4.467255771160125732e-01
4.235000000000000320e+00,-4.792260527610778809e-01
4.235999999999999766e+00,-5.295393466949462891e-01
4.237000000000000099e+00,-5.370394587516784668e-01
4.238000000000000433e+00,-5.539147257804870605e-01
4.238999999999999879e+00,-5.714149475097656250e-01
4.240000000000000213e+00,-6.054779887199401855e-01
4.240999999999999659e+00,-5.986028909683227539e-01
4.241999999999999993e+00,-6.051654815673828125e-01
4.243000000000000327e+00,-5.492271184921264648e-01
4.243999999999999773e+00,-4.867261648178100586e-01
4.245000000000000107e+00,-4.954763054847717285e-01
4.246000000000000441e+00,-5.086014866828918457e-01
4.246999999999999886e+00,-5.111015439033508301e-01
4.248000000000000220e+00,-5.161015987396240234e-01
4.248999999999999666e+00,-5.170391201972961426e-01
4.250000000000000000e+00,-5.286018252372741699e-01
4.251000000000000334e+00,-5.304768681526184082e-01
4.251999999999999780e+00,-5.364144444465637207e-01
4.253000000000000114e+00,-5.098515152931213379e-01
4.253999999999999559e+00,-4.498506188392639160e-01
4.254999999999999893e+00,-4.776635468006134033e-01
4.256000000000000227e+00,-5.248517394065856934e-01
4.256999999999999673e+00,-5.386019945144653320e-01
4.258000000000000007e+00,-5.564147233963012695e-01
4.259000000000000341e+00,-5.692274570465087891e-01
4.259999999999999787e+00,-6.026654243469238281e-01
4.261000000000000121e+00,-5.989153981208801270e-01
4.261999999999999567e+00,-6.045404672622680664e-01
4.262999999999999901e+00,-5.492271184921264648e-01
4.264000000000000234e+00,-4.829761087894439697e-01
4.264999999999999680e+00,-4.945387840270996094e-01
4.266000000000000014e+00,-5.054764747619628906e-01
4.267000000000000348e+00,-5.045389533042907715e-01
4.267999999999999794e+00,-5.189141631126403809e-01
4.269000000000000128e+00,-5.164141058921813965e-01
4.269999999999999574e+00,-5.214142203330993652e-01
4.270999999999999908e+00,-5.261017680168151855e-01
4.272000000000000242e+00,-5.357894301414489746e-01
4.272999999999999687e+00,-5.101640224456787109e-01
4.274000000000000021e+00,-4.376629292964935303e-01
4.275000000000000355e+00,-4.661008715629577637e-01
4.275999999999999801e+00,-5.107890367507934570e-01
4.277000000000000135e+00,-5.261017680168151855e-01
4.277999999999999581e+00,-5.445395708084106445e-01
4.278999999999999915e+00,-5.570397377014160156e-01
4.280000000000000249e+00,-5.951653122901916504e-01
4.280999999999999694e+00,-5.870401859283447266e-01
4.282000000000000028e+00,-5.942277908325195312e-01
4.283000000000000362e+00,-5.420395135879516602e-01
4.283999999999999808e+00,-4.801635742187500000e-01
4.285000000000000142e+00,-4.923512637615203857e-01
4.285999999999999588e+00,-5.092265009880065918e-01
4.286999999999999922e+00,-5.129765868186950684e-01
4.288000000000000256e+00,-5.226642489433288574e-01
4.288999999999999702e+00,-5.198516845703125000e-01
4.290000000000000036e+00,-5.298518538475036621e-01
4.291000000000000369e+00,-5.289143323898315430e-01
4.291999999999999815e+00,-5.351644158363342285e-01
4.293000000000000149e+00,-5.148516297340393066e-01
4.293999999999999595e+00,-4.432880282402038574e-01
4.294999999999999929e+00,-4.661008715629577637e-01
4.296000000000000263e+00,-5.104765295982360840e-01
4.296999999999999709e+00,-5.276643037796020508e-01
4.298000000000000043e+00,-5.426645278930664062e-01
4.299000000000000377e+00,-5.579772591590881348e-01
4.299999999999999822e+00,-5.920403003692626953e-01
4.301000000000000156e+00,-5.876652002334594727e-01
4.301999999999999602e+00,-5.901652574539184570e-01
4.302999999999999936e+00,-5.423520207405090332e-01
4.304000000000000270e+00,-4.748509824275970459e-01
4.304999999999999716e+00,-4.873511791229248047e-01
4.306000000000000050e+00,-4.967263340950012207e-01
4.307000000000000384e+00,-5.020388960838317871e-01
4.307999999999999829e+00,-5.107890367507934570e-01
4.309000000000000163e+00,-5.086014866828918457e-01
4.309999999999999609e+00,-5.186016559600830078e-01
4.310999999999999943e+00,-5.211017131805419922e-01
4.312000000000000277e+00,-5.304768681526184082e-01
4.312999999999999723e+00,-5.051639676094055176e-01
4.314000000000000057e+00,-4.392254650592803955e-01
4.315000000000000391e+00,-4.679758846759796143e-01
4.315999999999999837e+00,-5.107890367507934570e-01
4.317000000000000171e+00,-5.292268395423889160e-01
4.317999999999999616e+00,-5.495396256446838379e-01
4.318999999999999950e+00,-5.592272877693176270e-01
4.320000000000000284e+00,-5.948528051376342773e-01
4.320999999999999730e+00,-5.870401859283447266e-01
4.322000000000000064e+00,-5.948528051376342773e-01
4.323000000000000398e+00,-5.448520779609680176e-01
4.323999999999999844e+00,-4.782885611057281494e-01
4.325000000000000178e+00,-4.848511517047882080e-01
4.325999999999999623e+00,-4.976638555526733398e-01
4.326999999999999957e+00,-5.017263889312744141e-01
4.328000000000000291e+00,-5.092265009880065918e-01
4.328999999999999737e+00,-5.095390081405639648e-01
4.330000000000000071e+00,-5.186016559600830078e-01
4.331000000000000405e+00,-5.207892060279846191e-01
4.331999999999999851e+00,-5.261017680168151855e-01
4.333000000000000185e+00,-5.064139962196350098e-01
4.333999999999999631e+00,-4.332878589630126953e-01
4.334999999999999964e+00,-4.598507583141326904e-01
4.336000000000000298e+00,-5.004763603210449219e-01
4.336999999999999744e+00,-5.173516273498535156e-01
4.338000000000000078e+00,-5.379769802093505859e-01
4.339000000000000412e+00,-5.473520755767822266e-01
4.339999999999999858e+00,-5.879777073860168457e-01
4.341000000000000192e+00,-5.789150595664978027e-01
4.341999999999999638e+00,-5.823526382446289062e-01
4.342999999999999972e+00,-5.370394587516784668e-01
4.344000000000000306e+00,-4.757885038852691650e-01
4.344999999999999751e+00,-4.886012077331542969e-01
4.346000000000000085e+00,-4.995388686656951904e-01
4.347000000000000419e+00,-5.070390105247497559e-01
4.347999999999999865e+00,-5.179766416549682617e-01
4.349000000000000199e+00,-5.129765868186950684e-01
4.349999999999999645e+00,-5.211017131805419922e-01
4.350999999999999979e+00,-5.236017107963562012e-01
4.352000000000000313e+00,-5.282893180847167969e-01
4.352999999999999758e+00,-5.098515152931213379e-01
4.354000000000000092e+00,-4.320378303527832031e-01
4.355000000000000426e+00,-4.579757452011108398e-01
4.355999999999999872e+00,-4.973513484001159668e-01
4.357000000000000206e+00,-5.189141631126403809e-01
4.357999999999999652e+00,-5.382894873619079590e-01
4.358999999999999986e+00,-5.486021041870117188e-01
4.360000000000000320e+00,-5.889152288436889648e-01
4.360999999999999766e+00,-5.832901597023010254e-01
4.362000000000000099e+00,-5.795400738716125488e-01
4.363000000000000433e+00,-5.386019945144653320e-01
4.363999999999999879e+00,-4.773510396480560303e-01
4.365000000000000213e+00,-4.895387291908264160e-01
4.365999999999999659e+00,-5.011013746261596680e-01
4.366999999999999993e+00,-5.023514032363891602e-01
4.368000000000000327e+00,-5.151641368865966797e-01
4.368999999999999773e+00,-5.111015439033508301e-01
4.370000000000000107e+00,-5.189141631126403809e-01
4.371000000000000441e+00,-5.239142179489135742e-01
4.371999999999999886e+00,-5.270392894744873047e-01
4.373000000000000220e+00,-5.095390081405639648e-01
4.373999999999999666e+00,-4.298503100872039795e-01
4.375000000000000000e+00,-4.548507034778594971e-01
4.376000000000000334e+00,-4.911012351512908936e-01
4.376999999999999780e+00,-5.173516273498535156e-01
4.378000000000000114e+00,-5.361019372940063477e-01
4.378999999999999559e+00,-5.454770922660827637e-01
4.379999999999999893e+00,-5.851652026176452637e-01
4.381000000000000227e+00,-5.757900476455688477e-01
4.381999999999999673e+00,-5.767275691032409668e-01
4.383000000000000007e+00,-5.370394587516784668e-01
4.384000000000000341e+00,-4.667258858680725098e-01
4.384999999999999787e+00,-4.745385050773620605e-01
4.386000000000000121e+00,-4.867261648178100586e-01
4.386999999999999567e+00,-4.907887279987335205e-01
4.387999999999999901e+00,-5.017263889312744141e-01
4.389000000000000234e+00,-5.061014890670776367e-01
4.389999999999999680e+00,-5.098515152931213379e-01
4.391000000000000014e+00,-5.173516273498535156e-01
4.392000000000000348e+00,-5.167266130447387695e-01
4.392999999999999794e+00,-5.057889819145202637e-01
4.394000000000000128e+00,-4.320378303527832031e-01
4.394999999999999574e+00,-4.551631808280944824e-01
4.395999999999999908e+00,-4.926637709140777588e-01
4.397000000000000242e+00,-5.220392346382141113e-01
4.397999999999999687e+00,-5.392269492149353027e-01
4.399000000000000021e+00,-5.457895994186401367e-01
4.400000000000000355e+00,-5.901652574539184570e-01
4.400999999999999801e+00,-5.829776525497436523e-01
4.402000000000000135e+00,-5.789150595664978027e-01
4.402999999999999581e+00,-5.395394563674926758e-01
4.403999999999999915e+00,-4.682883918285369873e-01
4.405000000000000249e+00,-4.795385599136352539e-01
4.405999999999999694e+00,-4.895387291908264160e-01
4.407000000000000028e+00,-4.961013197898864746e-01
4.408000000000000362e+00,-5.017263889312744141e-01
4.408999999999999808e+00,-5.042264461517333984e-01
4.410000000000000142e+00,-5.132890939712524414e-01
4.410999999999999588e+00,-5.129765868186950684e-01
4.411999999999999922e+00,-5.167266130447387695e-01
4.413000000000000256e+00,-5.045389533042907715e-01
4.413999999999999702e+00,-4.261002540588378906e-01
4.415000000000000036e+00,-4.454755485057830811e-01
4.416000000000000369e+00,-4.817261099815368652e-01
4.416999999999999815e+00,-5.114140510559082031e-01
4.418000000000000149e+00,-5.276643037796020508e-01
4.418999999999999595e+00,-5.354769229888916016e-01
4.419999999999999929e+00,-5.795400738716125488e-01
4.421000000000000263e+00,-5.695399641990661621e-01
4.421999999999999709e+00,-5.717274546623229980e-01
4.423000000000000043e+00,-5.342268943786621094e-01
4.424000000000000377e+00,-4.714134335517883301e-01
4.424999999999999822e+00,-4.792260527610778809e-01
4.426000000000000156e+00,-4.882887005805969238e-01
4.426999999999999602e+00,-4.989138543605804443e-01
4.427999999999999936e+00,-5.054764747619628906e-01
4.429000000000000270e+00,-5.070390105247497559e-01
4.429999999999999716e+00,-5.136016011238098145e-01
4.431000000000000050e+00,-5.211017131805419922e-01
4.432000000000000384e+00,-5.211017131805419922e-01
4.432999999999999829e+00,-5.070390105247497559e-01
4.434000000000000163e+00,-4.292252957820892334e-01
4.434999999999999609e+00,-4.482880830764770508e-01
4.435999999999999943e+00,-4.776635468006134033e-01
4.437000000000000277e+00,-5.114140510559082031e-01
4.437999999999999723e+00,-5.282893180847167969e-01
4.439000000000000057e+00,-5.382894873619079590e-01
4.440000000000000391e+00,-5.764150619506835938e-01
4.440999999999999837e+00,-5.717274546623229980e-01
4.442000000000000171e+00,-5.676649212837219238e-01
4.442999999999999616e+00,-5.345394015312194824e-01
4.443999999999999950e+00,-4.642258286476135254e-01
4.445000000000000284e+00,-4.692259132862091064e-01
4.445999999999999730e+00,-4.807885885238647461e-01
4.447000000000000064e+00,-4.876636862754821777e-01
4.448000000000000398e+00,-4.948512911796569824e-01
4.448999999999999844e+00,-4.973513484001159668e-01
4.450000000000000178e+00,-5.073515176773071289e-01
4.450999999999999623e+00,-5.120390653610229492e-01
4.451999999999999957e+00,-5.120390653610229492e-01
4.453000000000000291e+00,-5.026639103889465332e-01
4.453999999999999737e+00,-4.267252683639526367e-01
4.455000000000000071e+00,-4.461005628108978271e-01
4.456000000000000405e+00,-4.811010956764221191e-01
4.456999999999999851e+00,-5.145391225814819336e-01
4.458000000000000185e+00,-5.317268371582031250e-01
4.458999999999999631e+00,-5.389145016670227051e-01
4.459999999999999964e+00,-5.814151167869567871e-01
4.461000000000000298e+00,-5.717274546623229980e-01
4.461999999999999744e+00,-5.682899355888366699e-01
4.463000000000000078e+00,-5.401644706726074219e-01
4.464000000000000412e+00,-4.664133787155151367e-01
4.464999999999999858e+00,-4.695384204387664795e-01
4.466000000000000192e+00,-4.832886159420013428e-01
4.466999999999999638e+00,-4.895387291908264160e-01
4.467999999999999972e+00,-4.967263340950012207e-01
4.469000000000000306e+00,-4.957888126373291016e-01
4.469999999999999751e+00,-5.039139389991760254e-01
4.471000000000000085e+00,-5.098515152931213379e-01
4.472000000000000419e+00,-5.129765868186950684e-01
4.472999999999999865e+00,-5.020388960838317871e-01
4.474000000000000199e+00,-4.211001694202423096e-01
4.474999999999999645e+00,-4.392254650592803955e-01
4.475999999999999979e+00,-4.701634347438812256e-01
4.477000000000000313e+00,-5.061014890670776367e-01
4.477999999999999758e+00,-5.245392322540283203e-01
4.479000000000000092e+00,-5.314143300056457520e-01
4.480000000000000426e+00,-5.679774284362792969e-01
4.480999999999999872e+00,-5.682899355888366699e-01
4.482000000000000206e+00,-5.582897663116455078e-01
4.482999999999999652e+00,-5.336018800735473633e-01
4.483999999999999986e+00,-4.629758000373840332e-01
4.485000000000000320e+00,-4.729759693145751953e-01
4.485999999999999766e+00,-4.864136576652526855e-01
4.487000000000000099e+00,-4.932887852191925049e-01
4.488000000000000433e+00,-5.023514032363891602e-01
4.488999999999999879e+00,-5.023514032363891602e-01
4.490000000000000213e+00,-5.045389533042907715e-01
4.490999999999999659e+00,-5.136016011238098145e-01
4.491999999999999993e+00,-5.117265582084655762e-01
4.493000000000000327e+00,-5.054764747619628906e-01
4.493999999999999773e+00,-4.176626205444335938e-01
4.495000000000000107e+00,-4.351629018783569336e-01
4.496000000000000441e+00,-4.732884764671325684e-01
4.496999999999999886e+00,-5.051639676094055176e-01
4.498000000000000220e+00,-5.248517394065856934e-01
4.498999999999999666e+00,-5.311018824577331543e-01
4.500000000000000000e+00,-5.704774260520935059e-01
4.501000000000000334e+00,-5.642273426055908203e-01
4.501999999999999780e+00,-5.579772591590881348e-01
4.503000000000000114e+00,-5.345394015312194824e-01
4.503999999999999559e+00,-4.626633226871490479e-01
4.504999999999999893e+00,-4.726634621620178223e-01
4.506000000000000227e+00,-4.876636862754821777e-01
4.506999999999999673e+00,-4.911012351512908936e-01
4.508000000000000007e+00,-5.001638531684875488e-01
4.509000000000000341e+00,-4.998513758182525635e-01
4.509999999999999787e+00,-5.032889246940612793e-01
4.511000000000000121e+00,-5.104765295982360840e-01
4.511999999999999567e+00,-5.107890367507934570e-01
4.512999999999999901e+00,-5.070390105247497559e-01
4.514000000000000234e+00,-4.198501706123352051e-01
4.514999999999999680e+00,-4.367254078388214111e-01
4.516000000000000014e+00,-4.670383632183074951e-01
4.517000000000000348e+00,-5.020388960838317871e-01
4.517999999999999794e+00,-5.232892632484436035e-01
4.519000000000000128e+00,-5.292268395423889160e-01
4.519999999999999574e+00,-5.711024403572082520e-01
4.520999999999999908e+00,-5.645398497581481934e-01
4.522000000000000242e+00,-5.564147233963012695e-01
4.522999999999999687e+00,-5.348519086837768555e-01
4.524000000000000021e+00,-4.561007022857666016e-01
4.525000000000000355e+00,-4.589132666587829590e-01
4.525999999999999801e+00,-4.764135181903839111e-01
4.527000000000000135e+00,-4.823511242866516113e-01
4.527999999999999581e+00,-4.873511791229248047e-01
4.528999999999999915e+00,-4.907887279987335205e-01
4.530000000000000249e+00,-4.970388412475585938e-01
4.530999999999999694e+00,-4.979763627052307129e-01
4.532000000000000028e+00,-5.029764175415039062e-01
4.533000000000000362e+00,-4.989138543605804443e-01
4.533999999999999808e+00,-4.164125919342041016e-01
4.535000000000000142e+00,-4.395379424095153809e-01
4.535999999999999588e+00,-4.695384204387664795e-01
4.536999999999999922e+00,-5.048514604568481445e-01
4.538000000000000256e+00,-5.282893180847167969e-01
4.538999999999999702e+00,-5.298518538475036621e-01
4.540000000000000036e+00,-5.695399641990661621e-01
4.541000000000000369e+00,-5.623523592948913574e-01
4.541999999999999815e+00,-5.576647520065307617e-01
4.543000000000000149e+00,-5.376644730567932129e-01
4.543999999999999595e+00,-4.592257440090179443e-01
4.544999999999999929e+00,-4.611007869243621826e-01
4.546000000000000263e+00,-4.757885038852691650e-01
4.546999999999999709e+00,-4.814136028289794922e-01
4.548000000000000043e+00,-4.898512363433837891e-01
4.549000000000000377e+00,-4.904762208461761475e-01
4.549999999999999822e+00,-4.957888126373291016e-01
4.551000000000000156e+00,-5.001638531684875488e-01
4.551999999999999602e+00,-5.045389533042907715e-01
4.552999999999999936e+00,-4.976638555526733398e-01
4.554000000000000270e+00,-4.117250442504882812e-01
4.554999999999999716e+00,-4.317253232002258301e-01
4.556000000000000050e+00,-4.570382237434387207e-01
4.557000000000000384e+00,-4.948512911796569824e-01
4.557999999999999829e+00,-5.161015987396240234e-01
4.559000000000000163e+00,-5.223517417907714844e-01
4.559999999999999609e+00,-5.614148378372192383e-01
4.560999999999999943e+00,-5.570397377014160156e-01
4.562000000000000277e+00,-5.482895970344543457e-01
4.562999999999999723e+00,-5.317268371582031250e-01
4.564000000000000057e+00,-4.579757452011108398e-01
4.565000000000000391e+00,-4.611007869243621826e-01
4.565999999999999837e+00,-4.773510396480560303e-01
4.567000000000000171e+00,-4.851636588573455811e-01
4.567999999999999616e+00,-4.901637434959411621e-01
4.568999999999999950e+00,-4.948512911796569824e-01
4.570000000000000284e+00,-4.989138543605804443e-01
4.570999999999999730e+00,-5.051639676094055176e-01
4.572000000000000064e+00,-5.051639676094055176e-01
4.573000000000000398e+00,-5.036014318466186523e-01
4.573999999999999844e+00,-4.148500859737396240e-01
4.575000000000000178e+00,-4.298503100872039795e-01
4.575999999999999623e+00,-4.576632380485534668e-01
4.576999999999999957e+00,-4.945387840270996094e-01
4.578000000000000291e+00,-5.167266130447387695e-01
4.578999999999999737e+00,-5.254767537117004395e-01
4.580000000000000071e+00,-5.586022734642028809e-01
4.581000000000000405e+00,-5.570397377014160156e-01
4.581999999999999851e+00,-5.457895994186401367e-01
4.583000000000000185e+00,-5.329768657684326172e-01
4.583999999999999631e+00,-4.520381391048431396e-01
4.584999999999999964e+00,-4.526631534099578857e-01
4.586000000000000298e+00,-4.654758572578430176e-01
4.586999999999999744e+00,-4.770385324954986572e-01
4.588000000000000078e+00,-4.804760813713073730e-01
4.589000000000000412e+00,-4.864136576652526855e-01
4.589999999999999858e+00,-4.882887005805969238e-01
4.591000000000000192e+00,-4.970388412475585938e-01
4.591999999999999638e+00,-4.967263340950012207e-01
4.592999999999999972e+00,-4.954763054847717285e-01
4.594000000000000306e+00,-4.117250442504882812e-01
4.594999999999999751e+00,-4.320378303527832031e-01
4.596000000000000085e+00,-4.598507583141326904e-01
4.597000000000000419e+00,-4.976638555526733398e-01
4.597999999999999865e+00,-5.229767560958862305e-01
4.599000000000000199e+00,-5.239142179489135742e-01
4.599999999999999645e+00,-5.614148378372192383e-01
4.600999999999999979e+00,-5.595397949218750000e-01
4.602000000000000313e+00,-5.526646971702575684e-01
4.602999999999999758e+00,-5.342268943786621094e-01
4.604000000000000092e+00,-4.564132094383239746e-01
4.605000000000000426e+00,-4.548507034778594971e-01
4.605999999999999872e+00,-4.689134061336517334e-01
4.607000000000000206e+00,-4.764135181903839111e-01
4.607999999999999652e+00,-4.820386171340942383e-01
4.608999999999999986e+00,-4.857886731624603271e-01
4.610000000000000320e+00,-4.879761934280395508e-01
4.610999999999999766e+00,-4.979763627052307129e-01
4.612000000000000099e+00,-5.001638531684875488e-01
4.613000000000000433e+00,-4.957888126373291016e-01
4.613999999999999879e+00,-4.111000299453735352e-01
4.615000000000000213e+00,-4.301628172397613525e-01
4.615999999999999659e+00,-4.598507583141326904e-01
4.616999999999999993e+00,-4.976638555526733398e-01
4.618000000000000327e+00,-5.182891488075256348e-01
4.618999999999999773e+00,-5.245392322540283203e-01
4.620000000000000107e+00,-5.589147806167602539e-01
4.621000000000000441e+00,-5.561022162437438965e-01
4.621999999999999886e+00,-5.486021041870117188e-01
4.623000000000000220e+00,-5.364144444465637207e-01
4.623999999999999666e+00,-4.557881951332092285e-01
4.625000000000000000e+00,-4.520381391048431396e-01
4.626000000000000334e+00,-4.679758846759796143e-01
4.626999999999999780e+00,-4.745385050773620605e-01
4.628000000000000114e+00,-4.801635742187500000e-01
4.628999999999999559e+00,-4.814136028289794922e-01
4.629999999999999893e+00,-4.911012351512908936e-01
4.631000000000000227e+00,-4.954763054847717285e-01
4.631999999999999673e+00,-4.945387840270996094e-01
4.633000000000000007e+00,-4.942262768745422363e-01
4.634000000000000341e+00,-4.042249321937561035e-01
4.634999999999999787e+00,-4.232877194881439209e-01
4.636000000000000121e+00,-4.457880556583404541e-01
4.636999999999999567e+00,-4.845386445522308350e-01
4.637999999999999901e+00,-5.073515176773071289e-01
4.639000000000000234e+00,-5.136016011238098145e-01
4.639999999999999680e+00,-5.520396828651428223e-01
4.641000000000000014e+00,-5.495396256446838379e-01
4.642000000000000348e+00,-5.432895421981811523e-01
4.642999999999999794e+00,-5.286018252372741699e-01
4.644000000000000128e+00,-4.532881677150726318e-01
4.644999999999999574e+00,-4.554756879806518555e-01
4.645999999999999908e+00,-4.692259132862091064e-01
4.647000000000000242e+00,-4.767260253429412842e-01
4.647999999999999687e+00,-4.826636016368865967e-01
4.649000000000000021e+00,-4.867261648178100586e-01
4.650000000000000355e+00,-4.892262220382690430e-01
4.650999999999999801e+00,-4.961013197898864746e-01
4.652000000000000135e+00,-4.976638555526733398e-01
4.652999999999999581e+00,-4.973513484001159668e-01
4.653999999999999915e+00,-4.026623964309692383e-01
4.655000000000000249e+00,-4.245377182960510254e-01
4.655999999999999694e+00,-4.511006474494934082e-01
4.657000000000000028e+00,-4.851636588573455811e-01
4.658000000000000362e+00,-5.095390081405639648e-01
4.658999999999999808e+00,-5.139141082763671875e-01
4.660000000000000142e+00,-5.486021041870117188e-01
4.660999999999999588e+00,-5.482895970344543457e-01
4.661999999999999922e+00,-5.411019921302795410e-01
4.663000000000000256e+00,-5.314143300056457520e-01
4.663999999999999702e+00,-4.501631259918212891e-01
4.665000000000000036e+00,-4.429755210876464844e-01
4.666000000000000369e+00,-4.592257440090179443e-01
4.666999999999999815e+00,-4.654758572578430176e-01
4.668000000000000149e+00,-4.726634621620178223e-01
4.668999999999999595e+00,-4.776635468006134033e-01
4.669999999999999929e+00,-4.814136028289794922e-01
4.671000000000000263e+00,-4.873511791229248047e-01
4.671999999999999709e+00,-4.882887005805969238e-01
4.673000000000000043e+00,-4.857886731624603271e-01
4.674000000000000377e+00,-4.048499166965484619e-01
4.674999999999999822e+00,-4.254752397537231445e-01
4.676000000000000156e+00,-4.542256891727447510e-01
4.676999999999999602e+00,-4.882887005805969238e-01
4.677999999999999936e+00,-5.107890367507934570e-01
4.679000000000000270e+00,-5.173516273498535156e-01
4.679999999999999716e+00,-5.532897114753723145e-01
4.681000000000000050e+00,-5.476645827293395996e-01
4.682000000000000384e+00,-5.457895994186401367e-01
4.682999999999999829e+00,-5.342268943786621094e-01
4.684000000000000163e+00,-4.507881402969360352e-01
4.684999999999999609e+00,-4.429755210876464844e-01
4.685999999999999943e+00,-4.586007595062255859e-01
4.687000000000000277e+00,-4.679758846759796143e-01
4.687999999999999723e+00,-4.732884764671325684e-01
4.689000000000000057e+00,-4.745385050773620605e-01
4.690000000000000391e+00,-4.807885885238647461e-01
4.690999999999999837e+00,-4.892262220382690430e-01
4.692000000000000171e+00,-4.889137148857116699e-01
4.692999999999999616e+00,-4.886012077331542969e-01
4.693999999999999950e+00,-3.985998332500457764e-01
4.695000000000000284e+00,-4.170376062393188477e-01
4.695999999999999730e+00,-4.432880282402038574e-01
4.697000000000000064e+00,-4.789135456085205078e-01
4.698000000000000398e+00,-5.020388960838317871e-01
4.698999999999999844e+00,-5.101640224456787109e-01
4.700000000000000178e+00,-5.423520207405090332e-01
4.700999999999999623e+00,-5.401644706726074219e-01
4.701999999999999957e+00,-5.411019921302795410e-01
4.703000000000000291e+00,-5.254767537117004395e-01
4.703999999999999737e+00,-4.523506462574005127e-01
4.705000000000000071e+00,-4.470380842685699463e-01
4.706000000000000405e+00,-4.654758572578430176e-01
4.706999999999999851e+00,-4.711009263992309570e-01
4.708000000000000185e+00,-4.748509824275970459e-01
4.708999999999999631e+00,-4.826636016368865967e-01
4.709999999999999964e+00,-4.832886159420013428e-01
4.711000000000000298e+00,-4.861011803150177002e-01
4.711999999999999744e+00,-4.920387566089630127e-01
4.713000000000000078e+00,-4.907887279987335205e-01
4.714000000000000412e+00,-3.982873260974884033e-01
4.714999999999999858e+00,-4.157876074314117432e-01
4.716000000000000192e+00,-4.420379996299743652e-01
4.716999999999999638e+00,-4.807885885238647461e-01
4.717999999999999972e+00,-4.995388686656951904e-01
4.719000000000000306e+00,-5.086014866828918457e-01
4.719999999999999751e+00,-5.426645278930664062e-01
4.721000000000000085e+00,-5.379769802093505859e-01
4.722000000000000419e+00,-5.389145016670227051e-01
4.722999999999999865e+00,-5.273517966270446777e-01
4.724000000000000199e+00,-4.507881402969360352e-01
4.724999999999999645e+00,-4.461005628108978271e-01
4.725999999999999979e+00,-4.626633226871490479e-01
4.727000000000000313e+00,-4.707884192466735840e-01
4.727999999999999758e+00,-4.773510396480560303e-01
4.729000000000000092e+00,-4.798510670661926270e-01
4.730000000000000426e+00,-4.839136302471160889e-01
4.730999999999999872e+00,-4.867261648178100586e-01
4.732000000000000206e+00,-4.882887005805969238e-01
4.732999999999999652e+00,-4.904762208461761475e-01
4.733999999999999986e+00,-4.001623690128326416e-01
4.735000000000000320e+00,-4.120375514030456543e-01
4.735999999999999766e+00,-4.445380270481109619e-01
4.737000000000000099e+00,-4.782885611057281494e-01
4.738000000000000433e+00,-4.982888400554656982e-01
4.738999999999999879e+00,-5.076640248298645020e-01
4.740000000000000213e+00,-5.420395135879516602e-01
4.740999999999999659e+00,-5.386019945144653320e-01
4.741999999999999993e+00,-5.354769229888916016e-01
4.743000000000000327e+00,-5.292268395423889160e-01
4.743999999999999773e+00,-4.451630413532257080e-01
4.745000000000000107e+00,-4.354754090309143066e-01
4.746000000000000441e+00,-4.504756331443786621e-01
4.746999999999999886e+00,-4.601632654666900635e-01
4.748000000000000220e+00,-4.651633501052856445e-01
4.748999999999999666e+00,-4.707884192466735840e-01
4.750000000000000000e+00,-4.742259979248046875e-01
4.751000000000000334e+00,-4.795385599136352539e-01
4.751999999999999780e+00,-4.795385599136352539e-01
4.753000000000000114e+00,-4.820386171340942383e-01
4.753999999999999559e+00,-3.960998058319091797e-01
4.754999999999999893e+00,-4.157876074314117432e-01
4.756000000000000227e+00,-4.467255771160125732e-01
4.756999999999999673e+00,-4.792260527610778809e-01
4.758000000000000007e+00,-4.992263615131378174e-01
4.759000000000000341e+00,-5.104765295982360840e-01
4.759999999999999787e+00,-5.401644706726074219e-01
4.761000000000000121e+00,-5.401644706726074219e-01
4.761999999999999567e+00,-5.404769778251647949e-01
4.762999999999999901e+00,-5.286018252372741699e-01
4.764000000000000234e+00,-4.498506188392639160e-01
4.764999999999999680e+00,-4.367254078388214111e-01
4.766000000000000014e+00,-4.523506462574005127e-01
4.767000000000000348e+00,-4.601632654666900635e-01
4.767999999999999794e+00,-4.670383632183074951e-01
4.769000000000000128e+00,-4.695384204387664795e-01
4.769999999999999574e+00,-4.748509824275970459e-01
4.770999999999999908e+00,-4.782885611057281494e-01
4.772000000000000242e+00,-4.795385599136352539e-01
4.772999999999999687e+00,-4.807885885238647461e-01
4.774000000000000021e+00,-3.898496925830841064e-01
4.775000000000000355e+00,-4.026623964309692383e-01
4.775999999999999801e+00,-4.376629292964935303e-01
4.777000000000000135e+00,-4.707884192466735840e-01
4.777999999999999581e+00,-4.889137148857116699e-01
4.778999999999999915e+00,-4.995388686656951904e-01
4.780000000000000249e+00,-5.329768657684326172e-01
4.780999999999999694e+00,-5.320393443107604980e-01
4.782000000000000028e+00,-5.370394587516784668e-01
4.783000000000000362e+00,-5.211017131805419922e-01
4.783999999999999808e+00,-4.454755485057830811e-01
4.785000000000000142e+00,-4.361003935337066650e-01
4.785999999999999588e+00,-4.561007022857666016e-01
4.786999999999999922e+00,-4.648508429527282715e-01
4.788000000000000256e+00,-4.670383632183074951e-01
4.788999999999999702e+00,-4.726634621620178223e-01
4.790000000000000036e+00,-4.764135181903839111e-01
4.791000000000000369e+00,-4.820386171340942383e-01
4.791999999999999815e+00,-4.832886159420013428e-01
4.793000000000000149e+00,-4.829761087894439697e-01
4.793999999999999595e+00,-3.917247354984283447e-01
4.794999999999999929e+00,-4.076624810695648193e-01
4.796000000000000263e+00,-4.351629018783569336e-01
4.796999999999999709e+00,-4.729759693145751953e-01
4.798000000000000043e+00,-4.932887852191925049e-01
4.799000000000000377e+00,-5.042264461517333984e-01
4.799999999999999822e+00,-5.351644158363342285e-01
4.801000000000000156e+00,-5.332893729209899902e-01
4.801999999999999602e+00,-5.311018824577331543e-01
4.802999999999999936e+00,-5.207892060279846191e-01
4.804000000000000270e+00,-4.451630413532257080e-01
4.804999999999999716e+00,-4.292252957820892334e-01
4.806000000000000050e+00,-4.417254924774169922e-01
4.807000000000000384e+00,-4.542256891727447510e-01
4.807999999999999829e+00,-4.573507308959960938e-01
4.809000000000000163e+00,-4.614132940769195557e-01
4.809999999999999609e+00,-4.670383632183074951e-01
4.810999999999999943e+00,-4.720384478569030762e-01
4.812000000000000277e+00,-4.698509275913238525e-01
4.812999999999999723e+00,-4.789135456085205078e-01
4.814000000000000057e+00,-3.914122283458709717e-01
4.815000000000000391e+00,-4.057874381542205811e-01
4.815999999999999837e+00,-4.373504221439361572e-01
4.817000000000000171e+00,-4.726634621620178223e-01
4.817999999999999616e+00,-5.007888674736022949e-01
4.818999999999999950e+00,-5.067265033721923828e-01
4.820000000000000284e+00,-5.345394015312194824e-01
4.820999999999999730e+00,-5.323518514633178711e-01
4.822000000000000064e+00,-5.345394015312194824e-01
4.823000000000000398e+00,-5.242267251014709473e-01
4.823999999999999844e+00,-4.436005055904388428e-01
4.825000000000000178e+00,-4.286002814769744873e-01
4.825999999999999623e+00,-4.432880282402038574e-01
4.826999999999999957e+00,-4.507881402969360352e-01
4.828000000000000291e+00,-4.576632380485534668e-01
4.828999999999999737e+00,-4.632883071899414062e-01
4.830000000000000071e+00,-4.682883918285369873e-01
4.831000000000000405e+00,-4.711009263992309570e-01
4.831999999999999851e+00,-4.695384204387664795e-01
4.833000000000000185e+00,-4.767260253429412842e-01
4.833999999999999631e+00,-3.929747343063354492e-01
4.834999999999999964e+00,-4.045374095439910889e-01
4.836000000000000298e+00,-4.354754090309143066e-01
4.836999999999999744e+00,-4.723509550094604492e-01
4.838000000000000078e+00,-4.914137423038482666e-01
4.839000000000000412e+00,-5.073515176773071289e-01
4.839999999999999858e+00,-5.351644158363342285e-01
4.841000000000000192e+00,-5.323518514633178711e-01
4.841999999999999638e+00,-5.336018800735473633e-01
4.842999999999999972e+00,-5.242267251014709473e-01
4.844000000000000306e+00,-4.451630413532257080e-01
4.844999999999999751e+00,-4.273502826690673828e-01
4.846000000000000085e+00,-4.439130127429962158e-01
4.847000000000000419e+00,-4.498506188392639160e-01
4.847999999999999865e+00,-4.551631808280944824e-01
4.849000000000000199e+00,-4.592257440090179443e-01
4.849999999999999645e+00,-4.661008715629577637e-01
4.850999999999999979e+00,-4.695384204387664795e-01
4.852000000000000313e+00,-4.707884192466735840e-01
4.852999999999999758e+00,-4.751634895801544189e-01
4.854000000000000092e+00,-3.860996365547180176e-01
4.855000000000000426e+00,-3.973498046398162842e-01
4.855999999999999872e+00,-4.229752123355865479e-01
4.857000000000000206e+00,-4.620383083820343018e-01
4.857999999999999652e+00,-4.804760813713073730e-01
4.858999999999999986e+00,-4.914137423038482666e-01
4.860000000000000320e+00,-5.254767537117004395e-01
4.860999999999999766e+00,-5.232892632484436035e-01
4.862000000000000099e+00,-5.254767537117004395e-01
4.863000000000000433e+00,-5.157890915870666504e-01
4.863999999999999879e+00,-4.448505342006683350e-01
4.865000000000000213e+00,-4.273502826690673828e-01
4.865999999999999659e+00,-4.448505342006683350e-01
4.866999999999999993e+00,-4.514131247997283936e-01
4.868000000000000327e+00,-4.582882523536682129e-01
4.868999999999999773e+00,-4.645383358001708984e-01
4.870000000000000107e+00,-4.682883918285369873e-01
4.871000000000000441e+00,-4.736009836196899414e-01
4.871999999999999886e+00,-4.720384478569030762e-01
4.873000000000000220e+00,-4.739134907722473145e-01
4.873999999999999666e+00,-3.857871294021606445e-01
4.875000000000000000e+00,-3.957872986793518066e-01
4.876000000000000334e+00,-4.223501980304718018e-01
4.876999999999999780e+00,-4.611007869243621826e-01
4.878000000000000114e+00,-4.811010956764221191e-01
4.878999999999999559e+00,-4.914137423038482666e-01
4.879999999999999893e+00,-5.239142179489135742e-01
4.881000000000000227e+00,-5.232892632484436035e-01
4.881999999999999673e+00,-5.254767537117004395e-01
4.883000000000000007e+00,-5.198516845703125000e-01
4.884000000000000341e+00,-4.423505067825317383e-01
4.884999999999999787e+00,-4.186001420021057129e-01
4.886000000000000121e+00,-4.332878589630126953e-01
4.886999999999999567e+00,-4.445380270481109619e-01
4.887999999999999901e+00,-4.511006474494934082e-01
4.889000000000000234e+00,-4.532881677150726318e-01
4.889999999999999680e+00,-4.589132666587829590e-01
4.891000000000000014e+00,-4.614132940769195557e-01
4.892000000000000348e+00,-4.601632654666900635e-01
4.892999999999999794e+00,-4.673508703708648682e-01
4.894000000000000128e+00,-3.860996365547180176e-01
4.894999999999999574e+00,-3.979748189449310303e-01
4.895999999999999908e+00,-4.264127612113952637e-01
4.897000000000000242e+00,-4.648508429527282715e-01
4.897999999999999687e+00,-4.817261099815368652e-01
4.899000000000000021e+00,-4.957888126373291016e-01
4.900000000000000355e+00,-5.279768109321594238e-01
4.900999999999999801e+00,-5.251642465591430664e-01
4.902000000000000135e+00,-5.267267823219299316e-01
4.902999999999999581e+00,-5.214142203330993652e-01
4.903999999999999915e+00,-4.417254924774169922e-01
4.905000000000000249e+00,-4.176626205444335938e-01
4.905999999999999694e+00,-4.332878589630126953e-01
4.907000000000000028e+00,-4.407879710197448730e-01
4.908000000000000362e+00,-4.476630687713623047e-01
4.908999999999999808e+00,-4.517256319522857666e-01
4.910000000000000142e+00,-4.570382237434387207e-01
4.910999999999999588e+00,-4.617258012294769287e-01
4.911999999999999922e+00,-4.623508155345916748e-01
4.913000000000000256e+00,-4.692259132862091064e-01
4.913999999999999702e+00,-3.817245662212371826e-01
4.915000000000000036e+00,-3.885996937751770020e-01
4.916000000000000369e+00,-4.154751002788543701e-01
4.916999999999999815e+00,-4.557881951332092285e-01
4.918000000000000149e+00,-4.692259132862091064e-01
4.918999999999999595e+00,-4.832886159420013428e-01
4.919999999999999929e+00,-5.164141058921813965e-01
4.921000000000000263e+00,-5.120390653610229492e-01
4.921999999999999709e+00,-5.167266130447387695e-01
4.923000000000000043e+00,-5.136016011238098145e-01
4.924000000000000377e+00,-4.457880556583404541e-01
4.924999999999999822e+00,-4.192251563072204590e-01
4.926000000000000156e+00,-4.382879436016082764e-01
4.926999999999999602e+00,-4.457880556583404541e-01
4.927999999999999936e+00,-4.517256319522857666e-01
4.929000000000000270e+00,-4.539131820201873779e-01
4.929999999999999716e+00,-4.617258012294769287e-01
4.931000000000000050e+00,-4.648508429527282715e-01
4.932000000000000384e+00,-4.676633775234222412e-01
4.932999999999999829e+00,-4.692259132862091064e-01
4.934000000000000163e+00,-3.860996365547180176e-01
4.934999999999999609e+00,-3.892246782779693604e-01
4.935999999999999943e+00,-4.114125370979309082e-01
4.937000000000000277e+00,-4.576632380485534668e-01
4.937999999999999723e+00,-4.729759693145751953e-01
4.939000000000000057e+00,-4.836011230945587158e-01
4.940000000000000391e+00,-5.192266702651977539e-01
4.940999999999999837e+00,-5.142266154289245605e-01
4.942000000000000171e+00,-5.173516273498535156e-01
4.942999999999999616e+00,-5.148516297340393066e-01
4.943999999999999950e+00,-4.423505067825317383e-01
4.945000000000000284e+00,-4.064124524593353271e-01
4.945999999999999730e+00,-4.254752397537231445e-01
4.947000000000000064e+00,-4.348503947257995605e-01
4.948000000000000398e+00,-4.432880282402038574e-01
4.948999999999999844e+00,-4.436005055904388428e-01
4.950000000000000178e+00,-4.520381391048431396e-01
4.950999999999999623e+00,-4.551631808280944824e-01
4.951999999999999957e+00,-4.561007022857666016e-01
4.953000000000000291e+00,-4.639133214950561523e-01
4.953999999999999737e+00,-3.839121162891387939e-01
4.955000000000000071e+00,-3.914122283458709717e-01
4.956000000000000405e+00,-4.126625359058380127e-01
4.956999999999999851e+00,-4.611007869243621826e-01
4.958000000000000185e+00,-4.739134907722473145e-01
4.958999999999999631e+00,-4.851636588573455811e-01
4.959999999999999964e+00,-5.211017131805419922e-01
4.961000000000000298e+00,-5.179766416549682617e-01
4.961999999999999744e+00,-5.186016559600830078e-01
4.963000000000000078e+00,-5.151641368865966797e-01
4.964000000000000412e+00,-4.457880556583404541e-01
4.964999999999999858e+00,-4.123500287532806396e-01
4.966000000000000192e+00,-4.257877469062805176e-01
4.966999999999999638e+00,-4.354754090309143066e-01
4.967999999999999972e+00,-4.376629292964935303e-01
4.969000000000000306e+00,-4.457880556583404541e-01
4.969999999999999751e+00,-4.545381963253021240e-01
4.971000000000000085e+00,-4.564132094383239746e-01
4.972000000000000419e+00,-4.545381963253021240e-01
4.972999999999999865e+00,-4.614132940769195557e-01
4.974000000000000199e+00,-3.854746222496032715e-01
4.974999999999999645e+00,-3.867246508598327637e-01
4.975999999999999979e+00,-4.092249870300292969e-01
4.977000000000000313e+00,-4.589132666587829590e-01
4.977999999999999758e+00,-4.739134907722473145e-01
4.979000000000000092e+00,-4.886012077331542969e-01
4.980000000000000426e+00,-5.173516273498535156e-01
4.980999999999999872e+00,-5.164141058921813965e-01
4.982000000000000206e+00,-5.157890915870666504e-01
4.982999999999999652e+00,-5.170391201972961426e-01
4.983999999999999986e+00,-4.464130699634552002e-01
4.985000000000000320e+00,-4.085999727249145508e-01
4.985999999999999766e+00,-4.239127039909362793e-01
4.987000000000000099e+00,-4.317253232002258301e-01
4.988000000000000433e+00,-4.398504495620727539e-01
4.988999999999999879e+00,-4.417254924774169922e-01
4.990000000000000213e+00,-4.482880830764770508e-01
4.990999999999999659e+00,-4.542256891727447510e-01
4.991999999999999993e+00,-4.507881402969360352e-01
4.993000000000000327e+00,-4.595382511615753174e-01
4.993999999999999773e+00,-3.801620602607727051e-01
4.995000000000000107e+00,-3.754744827747344971e-01
4.996000000000000441e+00,-3.967247903347015381e-01
4.996999999999999886e+00,-4.495381116867065430e-01
4.998000000000000220e+00,-4.611007869243621826e-01
4.998999999999999666e+00,-4.770385324954986572e-01
5.000000000000000000e+00,-5.101640224456787109e-01
5.001000000000000334e+00,-5.029764175415039062e-01
5.001999999999999780e+00,-5.073515176773071289e-01
5.003000000000000114e+00,-5.073515176773071289e-01
5.003999999999999559e+00,-4.473505616188049316e-01
5.004999999999999893e+00,-4.082874655723571777e-01
5.006000000000000227e+00,-4.257877469062805176e-01
5.006999999999999673e+00,-4.342253804206848145e-01
5.008000000000000007e+00,-4.426630139350891113e-01
5.009000000000000341e+00,-4.467255771160125732e-01
5.009999999999999787e+00,-4.501631259918212891e-01
5.011000000000000121e+00,-4.564132094383239746e-01
5.011999999999999567e+00,-4.517256319522857666e-01
5.012999999999999901e+00,-4.598507583141326904e-01
5.014000000000000234e+00,-3.807870745658874512e-01
5.014999999999999680e+00,-3.760994970798492432e-01
5.016000000000000014e+00,-3.957872986793518066e-01
5.017000000000000348e+00,-4.495381116867065430e-01
5.017999999999999794e+00,-4.623508155345916748e-01
5.019000000000000128e+00,-4.720384478569030762e-01
5.019999999999999574e+00,-5.073515176773071289e-01
5.020999999999999908e+00,-5.070390105247497559e-01
5.022000000000000242e+00,-5.073515176773071289e-01
5.022999999999999687e+00,-5.048514604568481445e-01
5.024000000000000021e+00,-4.401629567146301270e-01
5.025000000000000355e+00,-3.989123404026031494e-01
5.025999999999999801e+00,-4.139125645160675049e-01
5.027000000000000135e+00,-4.270377755165100098e-01
5.027999999999999581e+00,-4.273502826690673828e-01
5.028999999999999915e+00,-4.357878863811492920e-01
5.030000000000000249e+00,-4.411004781723022461e-01
5.030999999999999694e+00,-4.467255771160125732e-01
5.032000000000000028e+00,-4.448505342006683350e-01
5.033000000000000362e+00,-4.539131820201873779e-01
5.033999999999999808e+00,-3.801620602607727051e-01
5.035000000000000142e+00,-3.770369887351989746e-01
5.035999999999999588e+00,-3.964123129844665527e-01
5.036999999999999922e+00,-4.473505616188049316e-01
5.038000000000000256e+00,-4.614132940769195557e-01
5.038999999999999702e+00,-4.773510396480560303e-01
5.040000000000000036e+00,-5.095390081405639648e-01
5.041000000000000369e+00,-5.057889819145202637e-01
5.041999999999999815e+00,-5.076640248298645020e-01
5.043000000000000149e+00,-5.076640248298645020e-01
5.043999999999999595e+00,-4.420379996299743652e-01
5.044999999999999929e+00,-3.982873260974884033e-01
5.046000000000000263e+00,-4.157876074314117432e-01
5.046999999999999709e+00,-4.236002266407012939e-01
5.048000000000000043e+00,-4.320378303527832031e-01
5.049000000000000377e+00,-4.336003661155700684e-01
5.049999999999999822e+00,-4.411004781723022461e-01
5.051000000000000156e+00,-4.451630413532257080e-01
5.051999999999999602e+00,-4.426630139350891113e-01
5.052999999999999936e+00,-4.523506462574005127e-01
5.054000000000000270e+00,-3.745369613170623779e-01
5.054999999999999716e+00,-3.651618361473083496e-01
5.056000000000000050e+00,-3.860996365547180176e-01
5.057000000000000384e+00,-4.392254650592803955e-01
5.057999999999999829e+00,-4.489130973815917969e-01
5.059000000000000163e+00,-4.682883918285369873e-01
5.059999999999999609e+00,-5.020388960838317871e-01
5.060999999999999943e+00,-4.989138543605804443e-01
5.062000000000000277e+00,-4.945387840270996094e-01
5.062999999999999723e+00,-5.011013746261596680e-01
5.064000000000000057e+00,-4.376629292964935303e-01
5.065000000000000391e+00,-4.007873535156250000e-01
5.065999999999999837e+00,-4.157876074314117432e-01
5.067000000000000171e+00,-4.292252957820892334e-01
5.067999999999999616e+00,-4.295378029346466064e-01
5.068999999999999950e+00,-4.401629567146301270e-01
5.070000000000000284e+00,-4.407879710197448730e-01
5.070999999999999730e+00,-4.479755759239196777e-01
5.072000000000000064e+00,-4.439130127429962158e-01
5.073000000000000398e+00,-4.529756605625152588e-01
5.073999999999999844e+00,-3.754744827747344971e-01
5.075000000000000178e+00,-3.660993278026580811e-01
5.075999999999999623e+00,-3.835996091365814209e-01
5.076999999999999957e+00,-4.407879710197448730e-01
5.078000000000000291e+00,-4.498506188392639160e-01
5.078999999999999737e+00,-4.632883071899414062e-01
5.080000000000000071e+00,-5.001638531684875488e-01
5.081000000000000405e+00,-4.961013197898864746e-01
5.081999999999999851e+00,-4.979763627052307129e-01
5.083000000000000185e+00,-4.998513758182525635e-01
5.083999999999999631e+00,-4.373504221439361572e-01
5.084999999999999964e+00,-3.960998058319091797e-01
5.086000000000000298e+00,-4.148500859737396240e-01
5.086999999999999744e+00,-4.273502826690673828e-01
5.088000000000000078e+00,-4.304753243923187256e-01
5.089000000000000412e+00,-4.339128732681274414e-01
5.089999999999999858e+00,-4.398504495620727539e-01
5.091000000000000192e+00,-4.445380270481109619e-01
5.091999999999999638e+00,-4.464130699634552002e-01
5.092999999999999972e+00,-4.517256319522857666e-01
5.094000000000000306e+00,-3.745369613170623779e-01
5.094999999999999751e+00,-3.651618361473083496e-01
5.096000000000000085e+00,-3.823495805263519287e-01
5.097000000000000419e+00,-4.401629567146301270e-01
5.097999999999999865e+00,-4.498506188392639160e-01
5.099000000000000199e+00,-4.629758000373840332e-01
5.099999999999999645e+00,-4.986013472080230713e-01
5.100999999999999979e+00,-4.914137423038482666e-01
5.102000000000000313e+00,-4.954763054847717285e-01
5.102999999999999758e+00,-4.967263340950012207e-01
5.104000000000000092e+00,-4.295378029346466064e-01
5.105000000000000426e+00,-3.885996937751770020e-01
5.105999999999999872e+00,-4.032874107360839844e-01
5.107000000000000206e+00,-4.145375788211822510e-01
5.107999999999999652e+00,-4.182876348495483398e-01
5.108999999999999986e+00,-4.242252111434936523e-01
5.110000000000000320e+00,-4.298503100872039795e-01
5.110999999999999766e+00,-4.361003935337066650e-01
5.112000000000000099e+00,-4.314128458499908447e-01
5.113000000000000433e+00,-4.470380842685699463e-01
5.113999999999999879e+00,-3.720369338989257812e-01
5.115000000000000213e+00,-3.645368218421936035e-01
5.115999999999999659e+00,-3.826620876789093018e-01
5.116999999999999993e+00,-4.398504495620727539e-01
5.118000000000000327e+00,-4.492256045341491699e-01
5.118999999999999773e+00,-4.642258286476135254e-01
5.120000000000000107e+00,-5.004763603210449219e-01
5.121000000000000441e+00,-4.954763054847717285e-01
5.121999999999999886e+00,-4.932887852191925049e-01
5.123000000000000220e+00,-4.992263615131378174e-01
5.123999999999999666e+00,-4.292252957820892334e-01
5.125000000000000000e+00,-3.867246508598327637e-01
5.126000000000000334e+00,-4.054749310016632080e-01
5.126999999999999780e+00,-4.136000573635101318e-01
5.128000000000000114e+00,-4.214126765727996826e-01
5.128999999999999559e+00,-4.251627326011657715e-01
5.129999999999999893e+00,-4.292252957820892334e-01
5.131000000000000227e+00,-4.351629018783569336e-01
5.131999999999999673e+00,-4.336003661155700684e-01
5.133000000000000007e+00,-4.429755210876464844e-01
5.134000000000000341e+00,-3.685993850231170654e-01
5.134999999999999787e+00,-3.526616394519805908e-01
5.136000000000000121e+00,-3.664118349552154541e-01
5.136999999999999567e+00,-4.301628172397613525e-01
5.137999999999999901e+00,-4.379754364490509033e-01
5.139000000000000234e+00,-4.517256319522857666e-01
5.139999999999999680e+00,-4.932887852191925049e-01
5.141000000000000014e+00,-4.817261099815368652e-01
5.142000000000000348e+00,-4.842261373996734619e-01
5.142999999999999794e+00,-4.914137423038482666e-01
5.144000000000000128e+00,-4.279752671718597412e-01
5.144999999999999574e+00,-3.864121437072753906e-01
5.145999999999999908e+00,-4.051624238491058350e-01
5.147000000000000242e+00,-4.167250990867614746e-01
5.147999999999999687e+00,-4.207876622676849365e-01
5.149000000000000021e+00,-4.295378029346466064e-01
5.150000000000000355e+00,-4.292252957820892334e-01
5.150999999999999801e+00,-4.345378875732421875e-01
5.152000000000000135e+00,-4.295378029346466064e-01
5.152999999999999581e+00,-4.436005055904388428e-01
5.153999999999999915e+00,-3.701618909835815430e-01
5.155000000000000249e+00,-3.557866811752319336e-01
5.155999999999999694e+00,-3.689118921756744385e-01
5.157000000000000028e+00,-4.282877743244171143e-01
5.158000000000000362e+00,-4.370379149913787842e-01
5.158999999999999808e+00,-4.507881402969360352e-01
5.160000000000000142e+00,-4.907887279987335205e-01
5.160999999999999588e+00,-4.851636588573455811e-01
5.161999999999999922e+00,-4.832886159420013428e-01
5.163000000000000256e+00,-4.879761934280395508e-01
5.163999999999999702e+00,-4.186001420021057129e-01
5.165000000000000036e+00,-3.789120316505432129e-01
5.166000000000000369e+00,-3.945372700691223145e-01
5.166999999999999815e+00,-4.051624238491058350e-01
5.168000000000000149e+00,-4.076624810695648193e-01
5.168999999999999595e+00,-4.164125919342041016e-01
5.169999999999999929e+00,-4.198501706123352051e-01
5.171000000000000263e+00,-4.254752397537231445e-01
5.171999999999999709e+00,-4.242252111434936523e-01
5.173000000000000043e+00,-4.323503375053405762e-01
5.174000000000000377e+00,-3.698493838310241699e-01
5.174999999999999822e+00,-3.542241454124450684e-01
5.176000000000000156e+00,-3.689118921756744385e-01
5.176999999999999602e+00,-4.332878589630126953e-01
5.177999999999999936e+00,-4.398504495620727539e-01
5.179000000000000270e+00,-4.523506462574005127e-01
5.179999999999999716e+00,-4.907887279987335205e-01
5.181000000000000050e+00,-4.864136576652526855e-01
5.182000000000000384e+00,-4.851636588573455811e-01
5.182999999999999829e+00,-4.879761934280395508e-01
5.184000000000000163e+00,-4.204751551151275635e-01
5.184999999999999609e+00,-3.776620030403137207e-01
5.185999999999999943e+00,-3.917247354984283447e-01
5.187000000000000277e+00,-4.070374667644500732e-01
5.187999999999999723e+00,-4.076624810695648193e-01
5.189000000000000057e+00,-4.167250990867614746e-01
5.190000000000000391e+00,-4.198501706123352051e-01
5.190999999999999837e+00,-4.261002540588378906e-01
5.192000000000000171e+00,-4.201626479625701904e-01
5.192999999999999616e+00,-4.320378303527832031e-01
5.193999999999999950e+00,-3.714119195938110352e-01
5.195000000000000284e+00,-3.507865965366363525e-01
5.195999999999999730e+00,-3.692243695259094238e-01
5.197000000000000064e+00,-4.311003386974334717e-01
5.198000000000000398e+00,-4.348503947257995605e-01
5.198999999999999844e+00,-4.498506188392639160e-01
5.200000000000000178e+00,-4.889137148857116699e-01
5.200999999999999623e+00,-4.842261373996734619e-01
5.201999999999999957e+00,-4.804760813713073730e-01
5.203000000000000291e+00,-4.864136576652526855e-01
5.203999999999999737e+00,-4.182876348495483398e-01
5.205000000000000071e+00,-3.723494410514831543e-01
5.206000000000000405e+00,-3.889121711254119873e-01
5.206999999999999851e+00,-4.014123678207397461e-01
5.208000000000000185e+00,-4.048499166965484619e-01
5.208999999999999631e+00,-4.126625359058380127e-01
5.209999999999999964e+00,-4.195376634597778320e-01
5.211000000000000298e+00,-4.217251837253570557e-01
5.211999999999999744e+00,-4.170376062393188477e-01
5.213000000000000078e+00,-4.286002814769744873e-01
5.214000000000000412e+00,-3.626617789268493652e-01
5.214999999999999858e+00,-3.414114713668823242e-01
5.216000000000000192e+00,-3.570367097854614258e-01
5.216999999999999638e+00,-4.223501980304718018e-01
5.217999999999999972e+00,-4.236002266407012939e-01
5.219000000000000306e+00,-4.389129579067230225e-01
5.219999999999999751e+00,-4.770385324954986572e-01
5.221000000000000085e+00,-4.761010110378265381e-01
5.222000000000000419e+00,-4.707884192466735840e-01
5.222999999999999865e+00,-4.757885038852691650e-01
5.224000000000000199e+00,-4.136000573635101318e-01
5.224999999999999645e+00,-3.773494958877563477e-01
5.225999999999999979e+00,-3.917247354984283447e-01
5.227000000000000313e+00,-4.045374095439910889e-01
5.227999999999999758e+00,-4.060999453067779541e-01
5.229000000000000092e+00,-4.136000573635101318e-01
5.230000000000000426e+00,-4.157876074314117432e-01
5.230999999999999872e+00,-4.204751551151275635e-01
5.232000000000000206e+00,-4.207876622676849365e-01
5.232999999999999652e+00,-4.257877469062805176e-01
5.233999999999999986e+00,-3.623492717742919922e-01
5.235000000000000320e+00,-3.398489356040954590e-01
5.235999999999999766e+00,-3.570367097854614258e-01
5.237000000000000099e+00,-4.207876622676849365e-01
5.238000000000000433e+00,-4.214126765727996826e-01
5.238999999999999879e+00,-4.364129006862640381e-01
5.240000000000000213e+00,-4.723509550094604492e-01
5.240999999999999659e+00,-4.736009836196899414e-01
5.241999999999999993e+00,-4.698509275913238525e-01
5.243000000000000327e+00,-4.732884764671325684e-01
5.243999999999999773e+00,-4.042249321937561035e-01
5.245000000000000107e+00,-3.639118075370788574e-01
5.246000000000000441e+00,-3.782870173454284668e-01
5.246999999999999886e+00,-3.910997211933135986e-01
5.248000000000000220e+00,-3.951622843742370605e-01
5.248999999999999666e+00,-4.010998606681823730e-01
5.250000000000000000e+00,-4.079749882221221924e-01
5.251000000000000334e+00,-4.136000573635101318e-01
5.251999999999999780e+00,-4.085999727249145508e-01
5.253000000000000114e+00,-4.195376634597778320e-01
5.253999999999999559e+00,-3.601617515087127686e-01
5.254999999999999893e+00,-3.389114141464233398e-01
5.256000000000000227e+00,-3.582867085933685303e-01
5.256999999999999673e+00,-4.207876622676849365e-01
5.258000000000000007e+00,-4.254752397537231445e-01
5.259000000000000341e+00,-4.382879436016082764e-01
5.259999999999999787e+00,-4.742259979248046875e-01
5.261000000000000121e+00,-4.751634895801544189e-01
5.261999999999999567e+00,-4.692259132862091064e-01
5.262999999999999901e+00,-4.714134335517883301e-01
5.264000000000000234e+00,-4.045374095439910889e-01
5.264999999999999680e+00,-3.629742860794067383e-01
5.266000000000000014e+00,-3.782870173454284668e-01
5.267000000000000348e+00,-3.917247354984283447e-01
5.267999999999999794e+00,-3.932872414588928223e-01
5.269000000000000128e+00,-4.007873535156250000e-01
5.269999999999999574e+00,-4.042249321937561035e-01
5.270999999999999908e+00,-4.117250442504882812e-01
5.272000000000000242e+00,-4.073499739170074463e-01
5.272999999999999687e+00,-4.139125645160675049e-01
5.274000000000000021e+00,-3.517241179943084717e-01
5.275000000000000355e+00,-3.264112174510955811e-01
5.275999999999999801e+00,-3.457865118980407715e-01
5.277000000000000135e+00,-4.085999727249145508e-01
5.277999999999999581e+00,-4.095374941825866699e-01
5.278999999999999915e+00,-4.267252683639526367e-01
5.280000000000000249e+00,-4.620383083820343018e-01
5.280999999999999694e+00,-4.651633501052856445e-01
5.282000000000000028e+00,-4.654758572578430176e-01
5.283000000000000362e+00,-4.611007869243621826e-01
5.283999999999999808e+00,-3.998498618602752686e-01
5.285000000000000142e+00,-3.614117503166198730e-01
5.285999999999999588e+00,-3.785995244979858398e-01
5.286999999999999922e+00,-3.914122283458709717e-01
5.288000000000000256e+00,-3.935997486114501953e-01
5.288999999999999702e+00,-4.035999178886413574e-01
5.290000000000000036e+00,-4.070374667644500732e-01
5.291000000000000369e+00,-4.092249870300292969e-01
5.291999999999999815e+00,-4.045374095439910889e-01
5.293000000000000149e+00,-4.157876074314117432e-01
5.293999999999999595e+00,-3.510991036891937256e-01
5.294999999999999929e+00,-3.235986828804016113e-01
5.296000000000000263e+00,-3.492240905761718750e-01
5.296999999999999709e+00,-4.045374095439910889e-01
5.298000000000000043e+00,-4.098500013351440430e-01
5.299000000000000377e+00,-4.239127039909362793e-01
5.299999999999999822e+00,-4.561007022857666016e-01
5.301000000000000156e+00,-4.617258012294769287e-01
5.301999999999999602e+00,-4.551631808280944824e-01
5.302999999999999936e+00,-4.598507583141326904e-01
5.304000000000000270e+00,-3.989123404026031494e-01
5.304999999999999716e+00,-3.567242026329040527e-01
5.306000000000000050e+00,-3.742244541645050049e-01
5.307000000000000384e+00,-3.892246782779693604e-01
5.307999999999999829e+00,-3.920372426509857178e-01
5.309000000000000163e+00,-3.982873260974884033e-01
5.309999999999999609e+00,-4.057874381542205811e-01
5.310999999999999943e+00,-4.076624810695648193e-01
5.312000000000000277e+00,-4.026623964309692383e-01
5.312999999999999723e+00,-4.139125645160675049e-01
5.314000000000000057e+00,-3.517241179943084717e-01
5.315000000000000391e+00,-3.226611614227294922e-01
5.315999999999999837e+00,-3.470365405082702637e-01
5.317000000000000171e+00,-4.067249596118927002e-01
5.317999999999999616e+00,-4.042249321937561035e-01
5.318999999999999950e+00,-4.186001420021057129e-01
5.320000000000000284e+00,-4.511006474494934082e-01
5.320999999999999730e+00,-4.607882797718048096e-01
5.322000000000000064e+00,-4.542256891727447510e-01
5.323000000000000398e+00,-4.529756605625152588e-01
5.323999999999999844e+00,-3.889121711254119873e-01
5.325000000000000178e+00,-3.476615548133850098e-01
5.325999999999999623e+00,-3.626617789268493652e-01
5.326999999999999957e+00,-3.773494958877563477e-01
5.328000000000000291e+00,-3.757869899272918701e-01
5.328999999999999737e+00,-3.873496651649475098e-01
5.330000000000000071e+00,-3.904747068881988525e-01
5.331000000000000405e+00,-3.970372974872589111e-01
5.331999999999999851e+00,-3.917247354984283447e-01
5.333000000000000185e+00,-4.014123678207397461e-01
5.333999999999999631e+00,-3.460990190505981445e-01
5.334999999999999964e+00,-3.201611340045928955e-01
5.336000000000000298e+00,-3.454740345478057861e-01
5.336999999999999744e+00,-4.029749035835266113e-01
5.338000000000000078e+00,-4.067249596118927002e-01
5.339000000000000412e+00,-4.186001420021057129e-01
5.339999999999999858e+00,-4.473505616188049316e-01
5.341000000000000192e+00,-4.567257165908813477e-01
5.341999999999999638e+00,-4.511006474494934082e-01
5.342999999999999972e+00,-4.557881951332092285e-01
5.344000000000000306e+00,-3.895371854305267334e-01
5.344999999999999751e+00,-3.464115262031555176e-01
5.346000000000000085e+00,-3.598492443561553955e-01
5.347000000000000419e+00,-3.754744827747344971e-01
5.347999999999999865e+00,-3.760994970798492432e-01
5.349000000000000199e+00,-3.851621150970458984e-01
5.349999999999999645e+00,-3.870371580123901367e-01
5.350999999999999979e+00,-3.926622271537780762e-01
5.352000000000000313e+00,-3.904747068881988525e-01
5.352999999999999758e+00,-3.989123404026031494e-01
5.354000000000000092e+00,-3.385989069938659668e-01
5.355000000000000426e+00,-3.095359802246093750e-01
5.355999999999999872e+00,-3.335988521575927734e-01
5.357000000000000206e+00,-3.917247354984283447e-01
5.357999999999999652e+00,-3.929747343063354492e-01
5.358999999999999986e+00,-4.101625084877014160e-01
5.360000000000000320e+00,-4.370379149913787842e-01
5.360999999999999766e+00,-4.464130699634552002e-01
5.362000000000000099e+00,-4.404754638671875000e-01
5.363000000000000433e+00,-4.420379996299743652e-01
5.363999999999999879e+00,-3.851621150970458984e-01
5.365000000000000213e+00,-3.432864844799041748e-01
5.365999999999999659e+00,-3.607867658138275146e-01
5.366999999999999993e+00,-3.764120042324066162e-01
5.368000000000000327e+00,-3.770369887351989746e-01
5.368999999999999773e+00,-3.860996365547180176e-01
5.370000000000000107e+00,-3.848496079444885254e-01
5.371000000000000441e+00,-3.948497772216796875e-01
5.371999999999999886e+00,-3.889121711254119873e-01
5.373000000000000220e+00,-4.001623690128326416e-01
5.373999999999999666e+00,-3.385989069938659668e-01
5.375000000000000000e+00,-3.051609098911285400e-01
5.376000000000000334e+00,-3.360988795757293701e-01
5.376999999999999780e+00,-3.929747343063354492e-01
5.378000000000000114e+00,-3.917247354984283447e-01
5.378999999999999559e+00,-4.051624238491058350e-01
5.379999999999999893e+00,-4.311003386974334717e-01
5.381000000000000227e+00,-4.420379996299743652e-01
5.381999999999999673e+00,-4.367254078388214111e-01
5.383000000000000007e+00,-4.401629567146301270e-01
5.384000000000000341e+00,-3.732869327068328857e-01
5.384999999999999787e+00,-3.310987949371337891e-01
5.386000000000000121e+00,-3.473490476608276367e-01
5.386999999999999567e+00,-3.635993003845214844e-01
5.387999999999999901e+00,-3.648493289947509766e-01
5.389000000000000234e+00,-3.748494684696197510e-01
5.389999999999999680e+00,-3.710994124412536621e-01
5.391000000000000014e+00,-3.792245388031005859e-01
5.392000000000000348e+00,-3.814120590686798096e-01
5.392999999999999794e+00,-3.851621150970458984e-01
5.394000000000000128e+00,-3.339113593101501465e-01
5.394999999999999574e+00,-3.032858669757843018e-01
5.395999999999999908e+00,-3.364113867282867432e-01
5.397000000000000242e+00,-3.901621997356414795e-01
5.397999999999999687e+00,-3.926622271537780762e-01
5.399000000000000021e+00,-4.035999178886413574e-01
5.400000000000000355e+00,-4.286002814769744873e-01
5.400999999999999801e+00,-4.414129853248596191e-01
5.402000000000000135e+00,-4.373504221439361572e-01
5.402999999999999581e+00,-4.395379424095153809e-01
5.403999999999999915e+00,-3.739119470119476318e-01
5.405000000000000249e+00,-3.276612460613250732e-01
5.405999999999999694e+00,-3.442240059375762939e-01
5.407000000000000028e+00,-3.614117503166198730e-01
5.408000000000000362e+00,-3.576616942882537842e-01
5.408999999999999808e+00,-3.729744553565979004e-01
5.410000000000000142e+00,-3.701618909835815430e-01
5.410999999999999588e+00,-3.798495531082153320e-01
5.411999999999999922e+00,-3.770369887351989746e-01
5.413000000000000256e+00,-3.804745674133300781e-01
5.413999999999999702e+00,-3.239111900329589844e-01
5.415000000000000036e+00,-2.917231917381286621e-01
5.416000000000000369e+00,-3.251612186431884766e-01
5.416999999999999815e+00,-3.779745101928710938e-01
5.418000000000000149e+00,-3.754744827747344971e-01
5.418999999999999595e+00,-3.920372426509857178e-01
5.419999999999999929e+00,-4.148500859737396240e-01
5.421000000000000263e+00,-4.314128458499908447e-01
5.421999999999999709e+00,-4.251627326011657715e-01
5.423000000000000043e+00,-4.292252957820892334e-01
5.424000000000000377e+00,-3.654743134975433350e-01
5.424999999999999822e+00,-3.314113020896911621e-01
5.426000000000000156e+00,-3.448490202426910400e-01
5.426999999999999602e+00,-3.585992157459259033e-01
5.427999999999999936e+00,-3.629742860794067383e-01
5.429000000000000270e+00,-3.717244267463684082e-01
5.429999999999999716e+00,-3.673493564128875732e-01
5.431000000000000050e+00,-3.764120042324066162e-01
5.432000000000000384e+00,-3.754744827747344971e-01
5.432999999999999829e+00,-3.798495531082153320e-01
5.434000000000000163e+00,-3.239111900329589844e-01
5.434999999999999609e+00,-2.926607131958007812e-01
5.435999999999999943e+00,-3.245362043380737305e-01
5.437000000000000277e+00,-3.760994970798492432e-01
5.437999999999999723e+00,-3.735994398593902588e-01
5.439000000000000057e+00,-3.914122283458709717e-01
5.440000000000000391e+00,-4.082874655723571777e-01
5.440999999999999837e+00,-4.261002540588378906e-01
5.442000000000000171e+00,-4.223501980304718018e-01
5.442999999999999616e+00,-4.232877194881439209e-01
5.443999999999999950e+00,-3.626617789268493652e-01
5.445000000000000284e+00,-3.232861757278442383e-01
5.445999999999999730e+00,-3.426614701747894287e-01
5.447000000000000064e+00,-3.557866811752319336e-01
5.448000000000000398e+00,-3.576616942882537842e-01
5.448999999999999844e+00,-3.660993278026580811e-01
5.450000000000000178e+00,-3.642243146896362305e-01
5.450999999999999623e+00,-3.723494410514831543e-01
5.451999999999999957e+00,-3.726619482040405273e-01
5.453000000000000291e+00,-3.773494958877563477e-01
5.453999999999999737e+00,-3.217236697673797607e-01
5.455000000000000071e+00,-2.839105725288391113e-01
5.456000000000000405e+00,-3.207861483097076416e-01
5.456999999999999851e+00,-3.710994124412536621e-01
5.458000000000000185e+00,-3.695368766784667969e-01
5.458999999999999631e+00,-3.845371305942535400e-01
5.459999999999999964e+00,-4.020373821258544922e-01
5.461000000000000298e+00,-4.251627326011657715e-01
5.461999999999999744e+00,-4.182876348495483398e-01
5.463000000000000078e+00,-4.217251837253570557e-01
5.464000000000000412e+00,-3.551616668701171875e-01
5.464999999999999858e+00,-3.085984587669372559e-01
5.466000000000000192e+00,-3.257862329483032227e-01
5.466999999999999638e+00,-3.420364558696746826e-01
5.467999999999999972e+00,-3.429739773273468018e-01
5.469000000000000306e+00,-3.514116108417510986e-01
5.469999999999999751e+00,-3.510991036891937256e-01
5.471000000000000085e+00,-3.570367097854614258e-01
5.472000000000000419e+00,-3.595367372035980225e-01
5.472999999999999865e+00,-3.642243146896362305e-01
5.474000000000000199e+00,-3.154735565185546875e-01
5.474999999999999645e+00,-2.776604890823364258e-01
5.475999999999999979e+00,-3.176611065864562988e-01
5.477000000000000313e+00,-3.689118921756744385e-01
5.477999999999999758e+00,-3.667243421077728271e-01
5.479000000000000092e+00,-3.839121162891387939e-01
5.480000000000000426e+00,-4.014123678207397461e-01
5.480999999999999872e+00,-4.229752123355865479e-01
5.482000000000000206e+00,-4.154751002788543701e-01
5.482999999999999652e+00,-4.192251563072204590e-01
5.483999999999999986e+00,-3.517241179943084717e-01
5.485000000000000320e+00,-3.054734170436859131e-01
5.485999999999999766e+00,-3.235986828804016113e-01
5.487000000000000099e+00,-3.392239212989807129e-01
5.488000000000000433e+00,-3.410989642143249512e-01
5.488999999999999879e+00,-3.482865691184997559e-01
5.490000000000000213e+00,-3.492240905761718750e-01
5.490999999999999659e+00,-3.560991883277893066e-01
5.491999999999999993e+00,-3.529741466045379639e-01
5.493000000000000327e+00,-3.585992157459259033e-01
5.493999999999999773e+00,-3.064109385013580322e-01
5.495000000000000107e+00,-2.651602923870086670e-01
5.496000000000000441e+00,-3.051609098911285400e-01
5.496999999999999886e+00,-3.560991883277893066e-01
5.498000000000000220e+00,-3.526616394519805908e-01
5.498999999999999666e+00,-3.695368766784667969e-01
5.500000000000000000e+00,-3.857871294021606445e-01
5.501000000000000334e+00,-4.095374941825866699e-01
5.501999999999999780e+00,-4.007873535156250000e-01
5.503000000000000114e+00,-4.076624810695648193e-01
5.503999999999999559e+00,-3.442240059375762939e-01
5.504999999999999893e+00,-3.070359230041503906e-01
5.506000000000000227e+00,-3.210986554622650146e-01
5.506999999999999673e+00,-3.370364010334014893e-01
5.508000000000000007e+00,-3.404739499092102051e-01
5.509000000000000341e+00,-3.467240333557128906e-01
5.509999999999999787e+00,-3.439114987850189209e-01
5.511000000000000121e+00,-3.510991036891937256e-01
5.511999999999999567e+00,-3.526616394519805908e-01
5.512999999999999901e+00,-3.567242026329040527e-01
5.514000000000000234e+00,-3.057859241962432861e-01
5.514999999999999680e+00,-2.654727995395660400e-01
5.516000000000000014e+00,-3.007858395576477051e-01
5.517000000000000348e+00,-3.485990762710571289e-01
5.517999999999999794e+00,-3.492240905761718750e-01
5.519000000000000128e+00,-3.645368218421936035e-01
5.519999999999999574e+00,-3.829745948314666748e-01
5.520999999999999908e+00,-4.064124524593353271e-01
5.522000000000000242e+00,-3.982873260974884033e-01
5.522999999999999687e+00,-4.089124798774719238e-01
5.524000000000000021e+00,-3.370364010334014893e-01
5.525000000000000355e+00,-2.920356988906860352e-01
5.525999999999999801e+00,-3.060984313488006592e-01
5.527000000000000135e+00,-3.254737257957458496e-01
5.527999999999999581e+00,-3.232861757278442383e-01
5.528999999999999915e+00,-3.323488235473632812e-01
5.530000000000000249e+00,-3.301612734794616699e-01
5.530999999999999694e+00,-3.414114713668823242e-01
5.532000000000000028e+00,-3.382863998413085938e-01
5.533000000000000362e+00,-3.435989916324615479e-01
5.533999999999999808e+00,-2.982858121395111084e-01
5.535000000000000142e+00,-2.582851946353912354e-01
5.535999999999999588e+00,-2.976607978343963623e-01
5.536999999999999922e+00,-3.510991036891937256e-01
5.538000000000000256e+00,-3.454740345478057861e-01
5.538999999999999702e+00,-3.607867658138275146e-01
5.540000000000000036e+00,-3.801620602607727051e-01
5.541000000000000369e+00,-4.039124250411987305e-01
5.541999999999999815e+00,-3.939122557640075684e-01
5.543000000000000149e+00,-4.014123678207397461e-01
5.543999999999999595e+00,-3.332863450050354004e-01
5.544999999999999929e+00,-2.845355868339538574e-01
5.546000000000000263e+00,-3.032858669757843018e-01
5.546999999999999709e+00,-3.164110779762268066e-01
5.548000000000000043e+00,-3.195361196994781494e-01
5.549000000000000377e+00,-3.270362317562103271e-01
5.549999999999999822e+00,-3.251612186431884766e-01
5.551000000000000156e+00,-3.345363438129425049e-01
5.551999999999999602e+00,-3.332863450050354004e-01
5.552999999999999936e+00,-3.370364010334014893e-01
5.554000000000000270e+00,-2.945357561111450195e-01
5.554999999999999716e+00,-2.523475885391235352e-01
5.556000000000000050e+00,-2.914106845855712891e-01
5.557000000000000384e+00,-3.451615273952484131e-01
5.557999999999999829e+00,-3.401614427566528320e-01
5.559000000000000163e+00,-3.564116954803466797e-01
5.559999999999999609e+00,-3.723494410514831543e-01
5.560999999999999943e+00,-3.964123129844665527e-01
5.562000000000000277e+00,-3.907872140407562256e-01
5.562999999999999723e+00,-3.970372974872589111e-01
5.564000000000000057e+00,-3.251612186431884766e-01
5.565000000000000391e+00,-2.857856154441833496e-01
5.565999999999999837e+00,-2.957857549190521240e-01
5.567000000000000171e+00,-3.145360350608825684e-01
5.567999999999999616e+00,-3.110984861850738525e-01
5.568999999999999950e+00,-3.235986828804016113e-01
5.570000000000000284e+00,-3.248487114906311035e-01
5.570999999999999730e+00,-3.295362889766693115e-01
5.572000000000000064e+00,-3.314113020896911621e-01
5.573000000000000398e+00,-3.351613581180572510e-01
5.573999999999999844e+00,-2.842230796813964844e-01
5.575000000000000178e+00,-2.389099001884460449e-01
5.575999999999999623e+00,-2.732854187488555908e-01
5.576999999999999957e+00,-3.260987401008605957e-01
5.578000000000000291e+00,-3.232861757278442383e-01
5.578999999999999737e+00,-3.426614701747894287e-01
5.580000000000000071e+00,-3.570367097854614258e-01
5.581000000000000405e+00,-3.823495805263519287e-01
5.581999999999999851e+00,-3.729744553565979004e-01
5.583000000000000185e+00,-3.851621150970458984e-01
5.583999999999999631e+00,-3.195361196994781494e-01
5.584999999999999964e+00,-2.757854461669921875e-01
5.586000000000000298e+00,-2.926607131958007812e-01
5.586999999999999744e+00,-3.082859516143798828e-01
5.588000000000000078e+00,-3.098484873771667480e-01
5.589000000000000412e+00,-3.182861208915710449e-01
5.589999999999999858e+00,-3.139110505580902100e-01
5.591000000000000192e+00,-3.260987401008605957e-01
5.591999999999999638e+00,-3.223486542701721191e-01
5.592999999999999972e+00,-3.270362317562103271e-01
5.594000000000000306e+00,-2.832855582237243652e-01
5.594999999999999751e+00,-2.339098155498504639e-01
5.596000000000000085e+00,-2.707853913307189941e-01
5.597000000000000419e+00,-3.204736411571502686e-01
5.597999999999999865e+00,-3.189111053943634033e-01
5.599000000000000199e+00,-3.360988795757293701e-01
5.599999999999999645e+00,-3.517241179943084717e-01
5.600999999999999979e+00,-3.795370459556579590e-01
5.602000000000000313e+00,-3.714119195938110352e-01
5.602999999999999758e+00,-3.795370459556579590e-01
5.604000000000000092e+00,-3.107859790325164795e-01
5.605000000000000426e+00,-2.629727721214294434e-01
5.605999999999999872e+00,-2.801605165004730225e-01
5.607000000000000206e+00,-2.945357561111450195e-01
5.607999999999999652e+00,-2.957857549190521240e-01
5.608999999999999986e+00,-3.026608824729919434e-01
5.610000000000000320e+00,-3.048484027385711670e-01
5.610999999999999766e+00,-3.095359802246093750e-01
5.612000000000000099e+00,-3.098484873771667480e-01
5.613000000000000433e+00,-3.154735565185546875e-01
5.613999999999999879e+00,-2.739104330539703369e-01
5.615000000000000213e+00,-2.242221683263778687e-01
5.615999999999999659e+00,-2.657853066921234131e-01
5.616999999999999993e+00,-3.151610493659973145e-01
5.618000000000000327e+00,-3.132860362529754639e-01
5.618999999999999773e+00,-3.298487961292266846e-01
5.620000000000000107e+00,-3.445365130901336670e-01
5.621000000000000441e+00,-3.770369887351989746e-01
5.621999999999999886e+00,-3.664118349552154541e-01
5.623000000000000220e+00,-3.773494958877563477e-01
5.623999999999999666e+00,-3.048484027385711670e-01
5.625000000000000000e+00,-2.579726874828338623e-01
5.626000000000000334e+00,-2.739104330539703369e-01
5.626999999999999780e+00,-2.873481214046478271e-01
5.628000000000000114e+00,-2.898481786251068115e-01
5.628999999999999559e+00,-2.954732477664947510e-01
5.629999999999999893e+00,-2.970357835292816162e-01
5.631000000000000227e+00,-3.089109659194946289e-01
5.631999999999999673e+00,-3.026608824729919434e-01
5.633000000000000007e+00,-3.095359802246093750e-01
5.634000000000000341e+00,-2.651602923870086670e-01
5.634999999999999787e+00,-2.139095067977905273e-01
5.636000000000000121e+00,-2.492225468158721924e-01
5.636999999999999567e+00,-2.982858121395111084e-01
5.637999999999999901e+00,-2.976607978343963623e-01
5.639000000000000234e+00,-3.148485422134399414e-01
5.639999999999999680e+00,-3.304737806320190430e-01
5.641000000000000014e+00,-3.589117228984832764e-01
5.642000000000000348e+00,-3.492240905761718750e-01
5.642999999999999794e+00,-3.626617789268493652e-01
5.644000000000000128e+00,-2.976607978343963623e-01
5.644999999999999574e+00,-2.520350813865661621e-01
5.645999999999999908e+00,-2.689103484153747559e-01
5.647000000000000242e+00,-2.839105725288391113e-01
5.647999999999999687e+00,-2.860981225967407227e-01
5.649000000000000021e+00,-2.929732203483581543e-01
5.650000000000000355e+00,-2.914106845855712891e-01
5.650999999999999801e+00,-2.998483180999755859e-01
5.652000000000000135e+00,-3.001608252525329590e-01
5.652999999999999581e+00,-3.048484027385711670e-01
5.653999999999999915e+00,-2.610977292060852051e-01
5.655000000000000249e+00,-2.076594233512878418e-01
5.655999999999999694e+00,-2.407849282026290894e-01
5.657000000000000028e+00,-2.920356988906860352e-01
5.658000000000000362e+00,-2.910981774330139160e-01
5.658999999999999808e+00,-3.095359802246093750e-01
5.660000000000000142e+00,-3.242236971855163574e-01
5.660999999999999588e+00,-3.517241179943084717e-01
5.661999999999999922e+00,-3.426614701747894287e-01
5.663000000000000256e+00,-3.548491597175598145e-01
5.663999999999999702e+00,-2.932857275009155273e-01
5.665000000000000036e+00,-2.479725331068038940e-01
5.666000000000000369e+00,-2.657853066921234131e-01
5.666999999999999815e+00,-2.735979259014129639e-01
5.668000000000000149e+00,-2.776604890823364258e-01
5.668999999999999595e+00,-2.864106297492980957e-01
5.669999999999999929e+00,-2.867231369018554688e-01
5.671000000000000263e+00,-2.945357561111450195e-01
5.671999999999999709e+00,-2.907857000827789307e-01
5.673000000000000043e+00,-2.960982620716094971e-01
5.674000000000000377e+00,-2.554726600646972656e-01
5.674999999999999822e+00,-2.004718035459518433e-01
5.676000000000000156e+00,-2.317222803831100464e-01
5.676999999999999602e+00,-2.810980379581451416e-01
5.677999999999999936e+00,-2.857856154441833496e-01
5.679000000000000270e+00,-3.004733324050903320e-01
5.679999999999999716e+00,-3.154735565185546875e-01
5.681000000000000050e+00,-3.464115262031555176e-01
5.682000000000000384e+00,-3.404739499092102051e-01
5.682999999999999829e+00,-3.482865691184997559e-01
5.684000000000000163e+00,-2.807855308055877686e-01
5.684999999999999609e+00,-2.273472249507904053e-01
5.685999999999999943e+00,-2.457849979400634766e-01
5.687000000000000277e+00,-2.589102089405059814e-01
5.687999999999999723e+00,-2.639102637767791748e-01
5.689000000000000057e+00,-2.685978412628173828e-01
5.690000000000000391e+00,-2.660978138446807861e-01
5.690999999999999837e+00,-2.770354747772216797e-01
5.692000000000000171e+00,-2.742229402065277100e-01
5.692999999999999616e+00,-2.832855582237243652e-01
5.693999999999999950e+00,-2.445349842309951782e-01
5.695000000000000284e+00,-1.923466920852661133e-01
5.695999999999999730e+00,-2.235971689224243164e-01
5.697000000000000064e+00,-2.732854187488555908e-01
5.698000000000000398e+00,-2.792230248451232910e-01
5.698999999999999844e+00,-2.942232489585876465e-01
5.700000000000000178e+00,-3.057859241962432861e-01
5.700999999999999623e+00,-3.370364010334014893e-01
5.701999999999999957e+00,-3.323488235473632812e-01
5.703000000000000291e+00,-3.395364284515380859e-01
5.703999999999999737e+00,-2.735979259014129639e-01
5.705000000000000071e+00,-2.260971963405609131e-01
5.706000000000000405e+00,-2.401599138975143433e-01
5.706999999999999851e+00,-2.551601529121398926e-01
5.708000000000000185e+00,-2.539101243019104004e-01
5.708999999999999631e+00,-2.639102637767791748e-01
5.709999999999999964e+00,-2.610977292060852051e-01
5.711000000000000298e+00,-2.670353353023529053e-01
5.711999999999999744e+00,-2.701603770256042480e-01
5.713000000000000078e+00,-2.723478972911834717e-01
5.714000000000000412e+00,-2.342223227024078369e-01
5.714999999999999858e+00,-1.770339459180831909e-01
5.716000000000000192e+00,-2.089094370603561401e-01
5.716999999999999638e+00,-2.514100968837738037e-01
5.717999999999999972e+00,-2.595352232456207275e-01
5.719000000000000306e+00,-2.754729390144348145e-01
5.719999999999999751e+00,-2.889106571674346924e-01
5.721000000000000085e+00,-3.235986828804016113e-01
5.722000000000000419e+00,-3.148485422134399414e-01
5.722999999999999865e+00,-3.239111900329589844e-01
5.724000000000000199e+00,-2.620352506637573242e-01
5.724999999999999645e+00,-2.132845073938369751e-01
5.725999999999999979e+00,-2.335973083972930908e-01
5.727000000000000313e+00,-2.445349842309951782e-01
5.727999999999999758e+00,-2.470350265502929688e-01
5.729000000000000092e+00,-2.554726600646972656e-01
5.730000000000000426e+00,-2.532851099967956543e-01
5.730999999999999872e+00,-2.617227435111999512e-01
5.732000000000000206e+00,-2.617227435111999512e-01
5.732999999999999652e+00,-2.648477852344512939e-01
5.733999999999999986e+00,-2.276597172021865845e-01
5.735000000000000320e+00,-1.689088344573974609e-01
5.735999999999999766e+00,-2.017218321561813354e-01
5.737000000000000099e+00,-2.467225193977355957e-01
5.738000000000000433e+00,-2.520350813865661621e-01
5.738999999999999879e+00,-2.664103209972381592e-01
5.740000000000000213e+00,-2.820355594158172607e-01
5.740999999999999659e+00,-3.139110505580902100e-01
5.741999999999999993e+00,-3.064109385013580322e-01
5.743000000000000327e+00,-3.164110779762268066e-01
5.743999999999999773e+00,-2.501600682735443115e-01
5.745000000000000107e+00,-1.985967755317687988e-01
5.746000000000000441e+00,-2.139095067977905273e-01
5.746999999999999886e+00,-2.260971963405609131e-01
5.748000000000000220e+00,-2.298472523689270020e-01
5.748999999999999666e+00,-2.395348995923995972e-01
5.750000000000000000e+00,-2.342223227024078369e-01
5.751000000000000334e+00,-2.445349842309951782e-01
5.751999999999999780e+00,-2.467225193977355957e-01
5.753000000000000114e+00,-2.470350265502929688e-01
5.753999999999999559e+00,-2.170345634222030640e-01
5.754999999999999893e+00,-1.592211723327636719e-01
5.756000000000000227e+00,-1.923466920852661133e-01
5.756999999999999673e+00,-2.307847738265991211e-01
5.758000000000000007e+00,-2.457849979400634766e-01
5.759000000000000341e+00,-2.604727149009704590e-01
5.759999999999999787e+00,-2.726604044437408447e-01
5.761000000000000121e+00,-3.089109659194946289e-01
5.761999999999999567e+00,-2.964107692241668701e-01
5.762999999999999901e+00,-3.035983741283416748e-01
5.764000000000000234e+00,-2.492225468158721924e-01
5.764999999999999680e+00,-1.885966211557388306e-01
5.766000000000000014e+00,-2.085969299077987671e-01
5.767000000000000348e+00,-2.182845771312713623e-01
5.767999999999999794e+00,-2.226596474647521973e-01
5.769000000000000128e+00,-2.295347452163696289e-01
5.769999999999999574e+00,-2.295347452163696289e-01
5.770999999999999908e+00,-2.351598441600799561e-01
5.772000000000000242e+00,-2.357848435640335083e-01
5.772999999999999687e+00,-2.392224073410034180e-01
5.774000000000000021e+00,-2.104719579219818115e-01
5.775000000000000355e+00,-1.504710465669631958e-01
5.775999999999999801e+00,-1.829715371131896973e-01
5.777000000000000135e+00,-2.226596474647521973e-01
5.777999999999999581e+00,-2.348473370075225830e-01
5.778999999999999915e+00,-2.520350813865661621e-01
5.780000000000000249e+00,-2.614102363586425781e-01
5.780999999999999694e+00,-2.989107966423034668e-01
5.782000000000000028e+00,-2.873481214046478271e-01
5.783000000000000362e+00,-2.954732477664947510e-01
5.783999999999999808e+00,-2.392224073410034180e-01
5.785000000000000142e+00,-1.832840442657470703e-01
5.785999999999999588e+00,-1.973467618227005005e-01
5.786999999999999922e+00,-2.095344513654708862e-01
5.788000000000000256e+00,-2.120344787836074829e-01
5.788999999999999702e+00,-2.207846194505691528e-01
5.790000000000000036e+00,-2.176595777273178101e-01
5.791000000000000369e+00,-2.226596474647521973e-01
5.791999999999999815e+00,-2.279722243547439575e-01
5.793000000000000149e+00,-2.320347875356674194e-01
5.793999999999999595e+00,-1.976592689752578735e-01
5.794999999999999929e+00,-1.320332586765289307e-01
5.796000000000000263e+00,-1.604712009429931641e-01
5.796999999999999709e+00,-1.985967755317687988e-01
5.798000000000000043e+00,-2.123469859361648560e-01
5.799000000000000377e+00,-2.295347452163696289e-01
5.799999999999999822e+00,-2.398474067449569702e-01
5.801000000000000156e+00,-2.770354747772216797e-01
5.801999999999999602e+00,-2.679728269577026367e-01
5.802999999999999936e+00,-2.735979259014129639e-01
5.804000000000000270e+00,-2.267222106456756592e-01
5.804999999999999716e+00,-1.710963547229766846e-01
5.806000000000000050e+00,-1.864091008901596069e-01
5.807000000000000384e+00,-1.998468041419982910e-01
5.807999999999999829e+00,-2.070344090461730957e-01
5.809000000000000163e+00,-2.120344787836074829e-01
5.809999999999999609e+00,-2.092219442129135132e-01
5.810999999999999943e+00,-2.176595777273178101e-01
5.812000000000000277e+00,-2.198470979928970337e-01
5.812999999999999723e+00,-2.207846194505691528e-01
5.814000000000000057e+00,-1.910966634750366211e-01
5.815000000000000391e+00,-1.223456189036369324e-01
5.815999999999999837e+00,-1.492210328578948975e-01
5.817000000000000171e+00,-1.839090585708618164e-01
5.817999999999999616e+00,-2.048468738794326782e-01
5.818999999999999950e+00,-2.207846194505691528e-01
5.820000000000000284e+00,-2.292222529649734497e-01
5.820999999999999730e+00,-2.679728269577026367e-01
5.822000000000000064e+00,-2.585977017879486084e-01
5.823000000000000398e+00,-2.623477578163146973e-01
5.823999999999999844e+00,-2.123469859361648560e-01
5.825000000000000178e+00,-1.535960882902145386e-01
5.825999999999999623e+00,-1.667212992906570435e-01
5.826999999999999957e+00,-1.792214810848236084e-01
5.828000000000000291e+00,-1.826590299606323242e-01
5.828999999999999737e+00,-1.926591843366622925e-01
5.830000000000000071e+00,-1.870341002941131592e-01
5.831000000000000405e+00,-1.951592266559600830e-01
5.831999999999999851e+00,-1.976592689752578735e-01
5.833000000000000185e+00,-1.989092826843261719e-01
5.833999999999999631e+00,-1.782839745283126831e-01
5.834999999999999964e+00,-1.120329573750495911e-01
5.836000000000000298e+00,-1.385958641767501831e-01
5.836999999999999744e+00,-1.739089041948318481e-01
5.838000000000000078e+00,-1.923466920852661133e-01
5.839000000000000412e+00,-2.101594507694244385e-01
5.839999999999999858e+00,-2.176595777273178101e-01
5.841000000000000192e+00,-2.576601803302764893e-01
5.841999999999999638e+00,-2.498475611209869385e-01
5.842999999999999972e+00,-2.535976171493530273e-01
5.844000000000000306e+00,-2.035968601703643799e-01
5.844999999999999751e+00,-1.417209059000015259e-01
5.846000000000000085e+00,-1.604712009429931641e-01
5.847000000000000419e+00,-1.723463833332061768e-01
5.847999999999999865e+00,-1.754714250564575195e-01
5.849000000000000199e+00,-1.798464953899383545e-01
5.849999999999999645e+00,-1.789089739322662354e-01
5.850999999999999979e+00,-1.851590722799301147e-01
5.852000000000000313e+00,-1.873466074466705322e-01
5.852999999999999758e+00,-1.882841289043426514e-01
5.854000000000000092e+00,-1.632837355136871338e-01
5.855000000000000426e+00,-9.203265607357025146e-02
5.855999999999999872e+00,-1.154705137014389038e-01
5.857000000000000206e+00,-1.514085531234741211e-01
5.857999999999999652e+00,-1.732838898897171021e-01
5.858999999999999986e+00,-1.854715794324874878e-01
5.860000000000000320e+00,-1.954717338085174561e-01
5.860999999999999766e+00,-2.348473370075225830e-01
5.862000000000000099e+00,-2.292222529649734497e-01
5.863000000000000433e+00,-2.273472249507904053e-01
5.863999999999999879e+00,-1.889091283082962036e-01
5.865000000000000213e+00,-1.351583153009414673e-01
5.865999999999999659e+00,-1.489085257053375244e-01
5.866999999999999993e+00,-1.582836657762527466e-01
5.868000000000000327e+00,-1.635962426662445068e-01
5.868999999999999773e+00,-1.704713553190231323e-01
5.870000000000000107e+00,-1.685963273048400879e-01
5.871000000000000441e+00,-1.742214113473892212e-01
5.871999999999999886e+00,-1.801590025424957275e-01
5.873000000000000220e+00,-1.770339459180831909e-01
5.873999999999999666e+00,-1.548461169004440308e-01
5.875000000000000000e+00,-8.297001570463180542e-02
5.876000000000000334e+00,-1.051578521728515625e-01
5.876999999999999780e+00,-1.326582729816436768e-01
5.878000000000000114e+00,-1.601586937904357910e-01
5.878999999999999559e+00,-1.760964393615722656e-01
5.879999999999999893e+00,-1.826590299606323242e-01
5.881000000000000227e+00,-2.226596474647521973e-01
5.881999999999999673e+00,-2.167220562696456909e-01
5.883000000000000007e+00,-2.160970419645309448e-01
5.884000000000000341e+00,-1.739089041948318481e-01
5.884999999999999787e+00,-1.135954856872558594e-01
5.886000000000000121e+00,-1.289082169532775879e-01
5.886999999999999567e+00,-1.370333433151245117e-01
5.887999999999999901e+00,-1.407833993434906006e-01
5.889000000000000234e+00,-1.492210328578948975e-01
5.889999999999999680e+00,-1.470334976911544800e-01
5.891000000000000014e+00,-1.542211025953292847e-01
5.892000000000000348e+00,-1.573461443185806274e-01
5.892999999999999794e+00,-1.585961729288101196e-01
5.894000000000000128e+00,-1.392208784818649292e-01
5.894999999999999574e+00,-6.578225642442703247e-02
5.895999999999999908e+00,-9.140764176845550537e-02
5.897000000000000242e+00,-1.235956326127052307e-01
5.897999999999999687e+00,-1.489085257053375244e-01
5.899000000000000021e+00,-1.651587635278701782e-01
5.900000000000000355e+00,-1.735963970422744751e-01
5.900999999999999801e+00,-2.089094370603561401e-01
5.902000000000000135e+00,-2.035968601703643799e-01
5.902999999999999581e+00,-2.026593387126922607e-01
5.903999999999999915e+00,-1.682838201522827148e-01
5.905000000000000249e+00,-1.039078384637832642e-01
5.905999999999999694e+00,-1.145329996943473816e-01
5.907000000000000028e+00,-1.273456960916519165e-01
5.908000000000000362e+00,-1.289082169532775879e-01
5.908999999999999808e+00,-1.360958218574523926e-01
5.910000000000000142e+00,-1.398458778858184814e-01
5.910999999999999588e+00,-1.417209059000015259e-01
5.911999999999999922e+00,-1.448459625244140625e-01
5.913000000000000256e+00,-1.417209059000015259e-01
5.913999999999999702e+00,-1.276582032442092896e-01
5.915000000000000036e+00,-5.578210204839706421e-02
5.916000000000000369e+00,-7.828244566917419434e-02
5.916999999999999815e+00,-1.082829013466835022e-01
5.918000000000000149e+00,-1.385958641767501831e-01
5.918999999999999595e+00,-1.498460322618484497e-01
5.919999999999999929e+00,-1.582836657762527466e-01
5.921000000000000263e+00,-2.010968178510665894e-01
5.921999999999999709e+00,-1.932841986417770386e-01
5.923000000000000043e+00,-1.889091283082962036e-01
5.924000000000000377e+00,-1.551586240530014038e-01
5.924999999999999822e+00,-9.047012776136398315e-02
5.926000000000000156e+00,-1.042203381657600403e-01
5.926999999999999602e+00,-1.114079505205154419e-01
5.927999999999999936e+00,-1.179705485701560974e-01
5.929000000000000270e+00,-1.232831329107284546e-01
5.929999999999999716e+00,-1.220331117510795593e-01
5.931000000000000050e+00,-1.282832026481628418e-01
5.932000000000000384e+00,-1.295332312583923340e-01
5.932999999999999829e+00,-1.326582729816436768e-01
5.934000000000000163e+00,-1.110954433679580688e-01
5.934999999999999609e+00,-3.578179702162742615e-02
5.935999999999999943e+00,-5.453208088874816895e-02
5.937000000000000277e+00,-8.109498769044876099e-02
5.937999999999999723e+00,-1.117204576730728149e-01
5.939000000000000057e+00,-1.260956674814224243e-01
5.940000000000000391e+00,-1.360958218574523926e-01
5.940999999999999837e+00,-1.692213267087936401e-01
5.942000000000000171e+00,-1.670337915420532227e-01
5.942999999999999616e+00,-1.645337641239166260e-01
5.943999999999999950e+00,-1.351583153009414673e-01
5.945000000000000284e+00,-7.890745252370834351e-02
5.945999999999999730e+00,-8.953261375427246094e-02
5.947000000000000064e+00,-1.010952889919281006e-01
5.948000000000000398e+00,-1.045328453183174133e-01
5.948999999999999844e+00,-1.104704365134239197e-01
5.950000000000000178e+00,-1.114079505205154419e-01
5.950999999999999623e+00,-1.129704713821411133e-01
5.951999999999999957e+00,-1.185955628752708435e-01
5.953000000000000291e+00,-1.179705485701560974e-01
5.953999999999999737e+00,-9.984527528285980225e-02
5.955000000000000071e+00,-2.140657603740692139e-02
5.956000000000000405e+00,-4.171938821673393250e-02
5.956999999999999851e+00,-6.765728443861007690e-02
5.958000000000000185e+00,-9.672022610902786255e-02
5.958999999999999631e+00,-1.151580065488815308e-01
5.959999999999999964e+00,-1.201580837368965149e-01
5.961000000000000298e+00,-1.601586937904357910e-01
5.961999999999999744e+00,-1.564086377620697021e-01
5.963000000000000078e+00,-1.482835114002227783e-01
5.964000000000000412e+00,-1.192205697298049927e-01
5.964999999999999858e+00,-5.546959489583969116e-02
5.966000000000000192e+00,-6.578225642442703247e-02
5.966999999999999638e+00,-7.359487563371658325e-02
5.967999999999999972e+00,-8.203250169754028320e-02
5.969000000000000306e+00,-8.765758574008941650e-02
5.969999999999999751e+00,-8.328252285718917847e-02
5.971000000000000085e+00,-8.859509974718093872e-02
5.972000000000000419e+00,-9.422019124031066895e-02
5.972999999999999865e+00,-9.359517693519592285e-02
5.974000000000000199e+00,-8.109498769044876099e-02
5.974999999999999645e+00,-4.531319253146648407e-03
5.975999999999999979e+00,-2.328160591423511505e-02
5.977000000000000313e+00,-5.234454944729804993e-02
5.977999999999999758e+00,-8.484504371881484985e-02
5.979000000000000092e+00,-1.020328104496002197e-01
5.980000000000000426e+00,-1.048453524708747864e-01
5.980999999999999872e+00,-1.423459202051162720e-01
5.982000000000000206e+00,-1.407833993434906006e-01
5.982999999999999652e+00,-1.345333009958267212e-01
5.983999999999999986e+00,-1.104704365134239197e-01
5.985000000000000320e+00,-4.015686362981796265e-02
5.985999999999999766e+00,-5.015701428055763245e-02
5.987000000000000099e+00,-6.265720725059509277e-02
5.988000000000000433e+00,-7.296986132860183716e-02
5.988999999999999879e+00,-6.953231245279312134e-02
5.990000000000000213e+00,-7.234485447406768799e-02
5.990999999999999659e+00,-7.546990364789962769e-02
5.991999999999999993e+00,-7.765743136405944824e-02
5.993000000000000327e+00,-7.953246682882308960e-02
5.993999999999999773e+00,-6.296971440315246582e-02
5.995000000000000107e+00,1.859403401613235474e-02
5.996000000000000441e+00,4.687571490649133921e-04
5.996999999999999886e+00,-2.578164264559745789e-02
5.998000000000000220e+00,-5.546959489583969116e-02
5.998999999999999666e+00,-7.296986132860183716e-02
6.000000000000000000e+00,-7.984496653079986572e-02
6.001000000000000334e+00,-1.167205274105072021e-01
6.001999999999999780e+00,-1.117204576730728149e-01
6.003000000000000114e+00,-1.114079505205154419e-01
6.003999999999999559e+00,-8.890760689973831177e-02
6.004999999999999893e+00,-2.390661463141441345e-02
6.006000000000000227e+00,-3.328175842761993408e-02
6.006999999999999673e+00,-4.859448969364166260e-02
6.008000000000000007e+00,-5.171953886747360229e-02
6.009000000000000341e+00,-5.828214064240455627e-02
6.009999999999999787e+00,-5.546959489583969116e-02
6.011000000000000121e+00,-5.734462663531303406e-02
6.011999999999999567e+00,-6.078217923641204834e-02
6.012999999999999901e+00,-6.171969324350357056e-02
6.014000000000000234e+00,-4.796948283910751343e-02
6.014999999999999680e+00,3.140673041343688965e-02
6.016000000000000014e+00,1.265644282102584839e-02
6.017000000000000348e+00,-1.078141480684280396e-02
6.017999999999999794e+00,-4.140688106417655945e-02
6.019000000000000128e+00,-5.890714749693870544e-02
6.019999999999999574e+00,-6.609475612640380859e-02
6.020999999999999908e+00,-1.007827892899513245e-01
6.022000000000000242e+00,-9.984527528285980225e-02
6.022999999999999687e+00,-9.234515577554702759e-02
6.024000000000000021e+00,-7.515739649534225464e-02
6.025000000000000355e+00,-1.265644282102584839e-02
6.025999999999999801e+00,-1.921904273331165314e-02
6.027000000000000135e+00,-3.296925127506256104e-02
6.027999999999999581e+00,-3.984435647726058960e-02
6.028999999999999915e+00,-4.140688106417655945e-02
6.030000000000000249e+00,-4.109437763690948486e-02
6.030999999999999694e+00,-4.390691965818405151e-02
6.032000000000000028e+00,-4.703196883201599121e-02
6.033000000000000362e+00,-4.984451085329055786e-02
6.033999999999999808e+00,-3.265674784779548645e-02
6.035000000000000142e+00,5.171953886747360229e-02
6.035999999999999588e+00,3.171923384070396423e-02
6.036999999999999922e+00,6.093842908740043640e-03
6.038000000000000256e+00,-2.140657603740692139e-02
6.038999999999999702e+00,-4.265690222382545471e-02
6.040000000000000036e+00,-4.734447225928306580e-02
6.041000000000000369e+00,-8.515755087137222290e-02
6.041999999999999815e+00,-8.234500885009765625e-02
6.043000000000000149e+00,-7.859495282173156738e-02
6.043999999999999595e+00,-5.734462663531303406e-02
6.044999999999999929e+00,1.265644282102584839e-02
6.046000000000000263e+00,7.656367029994726181e-03
6.046999999999999709e+00,-4.843824077397584915e-03
6.048000000000000043e+00,-1.015640515834093094e-02
6.049000000000000377e+00,-1.296894811093807220e-02
6.049999999999999822e+00,-1.265644282102584839e-02
6.051000000000000156e+00,-1.359395775943994522e-02
6.051999999999999602e+00,-1.984405331313610077e-02
6.052999999999999936e+00,-1.828152872622013092e-02
6.054000000000000270e+00,-1.109391916543245316e-02
6.054999999999999716e+00,6.859479844570159912e-02
6.056000000000000050e+00,4.859448969364166260e-02
6.057000000000000384e+00,2.578164264559745789e-02
6.057999999999999829e+00,-4.531319253146648407e-03
6.059000000000000163e+00,-2.421911992132663727e-02
6.059999999999999609e+00,-2.953170053660869598e-02
6.060999999999999943e+00,-6.515724211931228638e-02
6.062000000000000277e+00,-6.390722841024398804e-02
6.062999999999999723e+00,-5.921965464949607849e-02
6.064000000000000057e+00,-4.109437763690948486e-02
6.065000000000000391e+00,2.765667252242565155e-02
6.065999999999999837e+00,2.484412863850593567e-02
6.067000000000000171e+00,1.046890951693058014e-02
6.067999999999999616e+00,6.718852557241916656e-03
6.068999999999999950e+00,2.656290540471673012e-03
6.070000000000000284e+00,2.343785716220736504e-03
6.070999999999999730e+00,7.812619442120194435e-04
6.072000000000000064e+00,-5.156328901648521423e-03
6.073000000000000398e+00,-1.406271476298570633e-03
6.073999999999999844e+00,1.015640515834093094e-02
6.075000000000000178e+00,9.734523296356201172e-02
6.075999999999999623e+00,7.796993851661682129e-02
6.076999999999999957e+00,5.453208088874816895e-02
6.078000000000000291e+00,2.203158661723136902e-02
6.078999999999999737e+00,5.781338084489107132e-03
6.080000000000000071e+00,-1.562523830216377974e-04
6.081000000000000405e+00,-3.578179702162742615e-02
6.081999999999999851e+00,-3.734432160854339600e-02
6.083000000000000185e+00,-3.359426185488700867e-02
6.083999999999999631e+00,-1.796902343630790710e-02
6.084999999999999964e+00,4.703196883201599121e-02
6.086000000000000298e+00,4.203189164400100708e-02
6.086999999999999744e+00,3.171923384070396423e-02
6.088000000000000078e+00,2.671915851533412933e-02
6.089000000000000412e+00,2.265659533441066742e-02
6.089999999999999858e+00,1.984405331313610077e-02
6.091000000000000192e+00,1.859403401613235474e-02
6.091999999999999638e+00,1.421896740794181824e-02
6.092999999999999972e+00,1.453147176653146744e-02
6.094000000000000306e+00,2.609414793550968170e-02
6.094999999999999751e+00,1.120329573750495911e-01
6.096000000000000085e+00,9.484519809484481812e-02
6.097000000000000419e+00,7.265736162662506104e-02
6.097999999999999865e+00,4.546944424510002136e-02
6.099000000000000199e+00,2.453162521123886108e-02
6.099999999999999645e+00,1.859403401613235474e-02
6.100999999999999979e+00,-1.734401471912860870e-02
6.102000000000000313e+00,-1.734401471912860870e-02
6.102999999999999758e+00,-1.546898577362298965e-02
6.104000000000000092e+00,2.031280891969799995e-03
6.105000000000000426e+00,7.328236848115921021e-02
6.105999999999999872e+00,6.921980530023574829e-02
6.107000000000000206e+00,5.796963348984718323e-02
6.107999999999999652e+00,5.578210204839706421e-02
6.108999999999999986e+00,5.078202486038208008e-02
6.110000000000000320e+00,4.921950027346611023e-02
6.110999999999999766e+00,4.765697568655014038e-02
6.112000000000000099e+00,4.234439507126808167e-02
6.113000000000000433e+00,4.515694081783294678e-02
6.113999999999999879e+00,5.078202486038208008e-02
6.115000000000000213e+00,1.348458081483840942e-01
6.115999999999999659e+00,1.132829785346984863e-01
6.116999999999999993e+00,9.047012776136398315e-02
6.118000000000000327e+00,6.359472125768661499e-02
6.118999999999999773e+00,4.234439507126808167e-02
6.120000000000000107e+00,3.703181445598602295e-02
6.121000000000000441e+00,4.687571490649133921e-04
6.121999999999999886e+00,4.687571490649133921e-04
6.123000000000000220e+00,1.406271476298570633e-03
6.123999999999999666e+00,1.828152872622013092e-02
6.125000000000000000e+00,9.172014892101287842e-02
6.126000000000000334e+00,8.890760689973831177e-02
6.126999999999999780e+00,7.484488934278488159e-02
6.128000000000000114e+00,7.296986132860183716e-02
6.128999999999999559e+00,6.953231245279312134e-02
6.129999999999999893e+00,6.890729814767837524e-02
6.131000000000000227e+00,6.484474241733551025e-02
6.131999999999999673e+00,6.234470009803771973e-02
6.133000000000000007e+00,6.265720725059509277e-02
6.134000000000000341e+00,7.203234732151031494e-02
6.134999999999999787e+00,1.529710888862609863e-01
6.136000000000000121e+00,1.342207938432693481e-01
6.136999999999999567e+00,1.110954433679580688e-01
6.137999999999999901e+00,7.921995967626571655e-02
6.139000000000000234e+00,6.265720725059509277e-02
6.139999999999999680e+00,5.671961605548858643e-02
6.141000000000000014e+00,1.828152872622013092e-02
6.142000000000000348e+00,2.140657603740692139e-02
6.142999999999999794e+00,1.859403401613235474e-02
6.144000000000000128e+00,3.359426185488700867e-02
6.144999999999999574e+00,1.101579293608665466e-01
6.145999999999999908e+00,1.076578944921493530e-01
6.147000000000000242e+00,9.578271210193634033e-02
6.147999999999999687e+00,9.265766292810440063e-02
6.149000000000000021e+00,9.047012776136398315e-02
6.150000000000000355e+00,9.140764176845550537e-02
6.150999999999999801e+00,8.859509974718093872e-02
6.152000000000000135e+00,8.297001570463180542e-02
6.152999999999999581e+00,8.547005057334899902e-02
6.153999999999999915e+00,9.359517693519592285e-02
6.155000000000000249e+00,1.835965514183044434e-01
6.155999999999999694e+00,1.639087498188018799e-01
6.157000000000000028e+00,1.410959064960479736e-01
6.158000000000000362e+00,1.142204925417900085e-01
6.158999999999999808e+00,9.765774011611938477e-02
6.160000000000000142e+00,8.734508603811264038e-02
6.160999999999999588e+00,5.546959489583969116e-02
6.161999999999999922e+00,5.234454944729804993e-02
6.163000000000000256e+00,5.328206345438957214e-02
6.163999999999999702e+00,6.296971440315246582e-02
6.165000000000000036e+00,1.332832872867584229e-01
6.166000000000000369e+00,1.304707378149032593e-01
6.166999999999999815e+00,1.185955628752708435e-01
6.168000000000000149e+00,1.164080277085304260e-01
6.168999999999999595e+00,1.089079082012176514e-01
6.169999999999999929e+00,1.107829436659812927e-01
6.171000000000000263e+00,1.101579293608665466e-01
6.171999999999999709e+00,1.029703244566917419e-01
6.173000000000000043e+00,1.029703244566917419e-01
6.174000000000000377e+00,1.167205274105072021e-01
6.174999999999999822e+00,2.014093250036239624e-01
6.176000000000000156e+00,1.826590299606323242e-01
6.176999999999999602e+00,1.620337218046188354e-01
6.177999999999999936e+00,1.370333433151245117e-01
6.179000000000000270e+00,1.164080277085304260e-01
6.179999999999999716e+00,1.073453873395919800e-01
6.181000000000000050e+00,7.515739649534225464e-02
6.182000000000000384e+00,7.390737533569335938e-02
6.182999999999999829e+00,7.046982645988464355e-02
6.184000000000000163e+00,8.609506487846374512e-02
6.184999999999999609e+00,1.595336794853210449e-01
6.185999999999999943e+00,1.623462289571762085e-01
6.187000000000000277e+00,1.498460322618484497e-01
6.187999999999999723e+00,1.448459625244140625e-01
6.189000000000000057e+00,1.448459625244140625e-01
6.190000000000000391e+00,1.445334553718566895e-01
6.190999999999999837e+00,1.423459202051162720e-01
6.192000000000000171e+00,1.407833993434906006e-01
6.192999999999999616e+00,1.401583850383758545e-01
6.193999999999999950e+00,1.420334130525588989e-01
6.195000000000000284e+00,2.285972386598587036e-01
6.195999999999999730e+00,2.064093947410583496e-01
6.197000000000000064e+00,1.876591145992279053e-01
6.198000000000000398e+00,1.604712009429931641e-01
6.198999999999999844e+00,1.410959064960479736e-01
6.200000000000000178e+00,1.298457384109497070e-01
6.200999999999999623e+00,9.703273326158523560e-02
6.201999999999999957e+00,9.422019124031066895e-02
6.203000000000000291e+00,9.515770524740219116e-02
6.203999999999999737e+00,1.070328801870346069e-01
6.205000000000000071e+00,1.804715096950531006e-01
6.206000000000000405e+00,1.820340305566787720e-01
6.206999999999999851e+00,1.720338761806488037e-01
6.208000000000000185e+00,1.679713129997253418e-01
6.208999999999999631e+00,1.632837355136871338e-01
6.209999999999999964e+00,1.673462986946105957e-01
6.211000000000000298e+00,1.679713129997253418e-01
6.211999999999999744e+00,1.598461866378784180e-01
6.213000000000000078e+00,1.604712009429931641e-01
6.214000000000000412e+00,1.707838624715805054e-01
6.214999999999999858e+00,2.564101517200469971e-01
6.216000000000000192e+00,2.410974353551864624e-01
6.216999999999999638e+00,2.198470979928970337e-01
6.217999999999999972e+00,1.898466497659683228e-01
6.219000000000000306e+00,1.760964393615722656e-01
6.219999999999999751e+00,1.682838201522827148e-01
6.221000000000000085e+00,1.310957521200180054e-01
6.222000000000000419e+00,1.295332312583923340e-01
6.222999999999999865e+00,1.257831752300262451e-01
6.224000000000000199e+00,1.367208361625671387e-01
6.224999999999999645e+00,2.048468738794326782e-01
6.225999999999999979e+00,2.092219442129135132e-01
6.227000000000000313e+00,1.964092403650283813e-01
6.227999999999999758e+00,1.914091706275939941e-01
6.229000000000000092e+00,1.873466074466705322e-01
6.230000000000000426e+00,1.895341426134109497e-01
6.230999999999999872e+00,1.854715794324874878e-01
6.232000000000000206e+00,1.804715096950531006e-01
6.232999999999999652e+00,1.835965514183044434e-01
6.233999999999999986e+00,1.920341849327087402e-01
6.235000000000000320e+00,2.764104604721069336e-01
6.235999999999999766e+00,2.642227709293365479e-01
6.237000000000000099e+00,2.404724210500717163e-01
6.238000000000000433e+00,2.157845497131347656e-01
6.238999999999999879e+00,1.951592266559600830e-01
6.240000000000000213e+00,1.857840865850448608e-01
6.240999999999999659e+00,1.542211025953292847e-01
6.241999999999999993e+00,1.535960882902145386e-01
6.243000000000000327e+00,1.410959064960479736e-01
6.243999999999999773e+00,1.539085954427719116e-01
6.245000000000000107e+00,2.239096611738204956e-01
6.246000000000000441e+00,2.317222803831100464e-01
6.246999999999999886e+00,2.164095491170883179e-01
6.248000000000000220e+00,2.110969722270965576e-01
6.248999999999999666e+00,2.085969299077987671e-01
6.250000000000000000e+00,2.098469585180282593e-01
6.251000000000000334e+00,2.073469161987304688e-01
6.251999999999999780e+00,2.001593112945556641e-01
6.253000000000000114e+00,2.039093673229217529e-01
6.253999999999999559e+00,2.120344787836074829e-01
6.254999999999999893e+00,2.970357835292816162e-01
6.256000000000000227e+00,2.895356714725494385e-01
6.256999999999999673e+00,2.635977864265441895e-01
6.258000000000000007e+00,2.376598715782165527e-01
6.259000000000000341e+00,2.198470979928970337e-01
6.259999999999999787e+00,2.110969722270965576e-01
6.261000000000000121e+00,1.757839322090148926e-01
6.261999999999999567e+00,1.735963970422744751e-01
6.262999999999999901e+00,1.664087921380996704e-01
6.264000000000000234e+00,1.835965514183044434e-01
6.264999999999999680e+00,2.520350813865661621e-01
6.266000000000000014e+00,2.592227160930633545e-01
6.267000000000000348e+00,2.523475885391235352e-01
6.267999999999999794e+00,2.473475188016891479e-01
6.269000000000000128e+00,2.442224770784378052e-01
6.269999999999999574e+00,2.426599562168121338e-01
6.270999999999999908e+00,2.451599836349487305e-01
6.272000000000000242e+00,2.410974353551864624e-01
6.272999999999999687e+00,2.404724210500717163e-01
6.274000000000000021e+00,2.429724633693695068e-01
6.275000000000000355e+00,3.285987675189971924e-01
6.275999999999999801e+00,3.157860636711120605e-01
6.277000000000000135e+00,2.910981774330139160e-01
6.277999999999999581e+00,2.601602077484130859e-01
6.278999999999999915e+00,2.442224770784378052e-01
6.280000000000000249e+00,2.345348298549652100e-01
6.280999999999999694e+00,2.023468315601348877e-01
6.282000000000000028e+00,1.982842683792114258e-01
6.283000000000000362e+00,1.904716491699218750e-01
6.283999999999999808e+00,2.045343667268753052e-01
6.285000000000000142e+00,2.735979259014129639e-01
6.285999999999999588e+00,2.832855582237243652e-01
6.286999999999999922e+00,2.717228829860687256e-01
6.288000000000000256e+00,2.710978984832763672e-01
6.288999999999999702e+00,2.676603198051452637e-01
6.290000000000000036e+00,2.689103484153747559e-01
6.291000000000000369e+00,2.651602923870086670e-01
6.291999999999999815e+00,2.620352506637573242e-01
6.293000000000000149e+00,2.629727721214294434e-01
6.293999999999999595e+00,2.707853913307189941e-01
6.294999999999999929e+00,3.576616942882537842e-01
6.296000000000000263e+00,3.464115262031555176e-01
6.296999999999999709e+00,3.260987401008605957e-01
6.298000000000000043e+00,2.976607978343963623e-01
6.299000000000000377e+00,2.826605737209320068e-01
6.299999999999999822e+00,2.685978412628173828e-01
6.301000000000000156e+00,2.392224073410034180e-01
6.301999999999999602e+00,2.373473644256591797e-01
6.302999999999999936e+00,2.295347452163696289e-01
6.304000000000000270e+00,2.357848435640335083e-01
6.304999999999999716e+00,2.992233037948608398e-01
6.306000000000000050e+00,3.132860362529754639e-01
6.307000000000000384e+00,3.001608252525329590e-01
6.307999999999999829e+00,2.970357835292816162e-01
6.309000000000000163e+00,2.935982346534729004e-01
6.309999999999999609e+00,2.942232489585876465e-01
6.310999999999999943e+00,2.904731929302215576e-01
6.312000000000000277e+00,2.885981500148773193e-01
6.312999999999999723e+00,2.867231369018554688e-01
6.314000000000000057e+00,2.945357561111450195e-01
6.315000000000000391e+00,3.842246234416961670e-01
6.315999999999999837e+00,3.729744553565979004e-01
6.317000000000000171e+00,3.489115834236145020e-01
6.317999999999999616e+00,3.210986554622650146e-01
6.318999999999999950e+00,3.064109385013580322e-01
6.320000000000000284e+00,2.954732477664947510e-01
6.320999999999999730e+00,2.598477005958557129e-01
6.322000000000000064e+00,2.592227160930633545e-01
6.323000000000000398e+00,2.520350813865661621e-01
6.323999999999999844e+00,2.673478424549102783e-01
6.325000000000000178e+00,3.317238092422485352e-01
6.325999999999999623e+00,3.473490476608276367e-01
6.326999999999999957e+00,3.357863724231719971e-01
6.328000000000000291e+00,3.320363163948059082e-01
6.328999999999999737e+00,3.342238366603851318e-01
6.330000000000000071e+00,3.301612734794616699e-01
6.331000000000000405e+00,3.279737532138824463e-01
6.331999999999999851e+00,3.270362317562103271e-01
6.333000000000000185e+00,3.273487389087677002e-01
6.333999999999999631e+00,3.267237246036529541e-01
6.334999999999999964e+00,4.104750156402587891e-01
6.336000000000000298e+00,4.026623964309692383e-01
6.336999999999999744e+00,3.804745674133300781e-01
6.338000000000000078e+00,3.495365977287292480e-01
6.339000000000000412e+00,3.314113020896911621e-01
6.339999999999999858e+00,3.220361769199371338e-01
6.341000000000000192e+00,2.873481214046478271e-01
6.341999999999999638e+00,2.857856154441833496e-01
6.342999999999999972e+00,2.757854461669921875e-01
6.344000000000000306e+00,2.876606285572052002e-01
6.344999999999999751e+00,3.532866537570953369e-01
6.346000000000000085e+00,3.704743981361389160e-01
6.347000000000000419e+00,3.592242300510406494e-01
6.347999999999999865e+00,3.573492169380187988e-01
6.349000000000000199e+00,3.567242026329040527e-01
6.349999999999999645e+00,3.564116954803466797e-01
6.350999999999999979e+00,3.498490750789642334e-01
6.352000000000000313e+00,3.482865691184997559e-01
6.352999999999999758e+00,3.504740893840789795e-01
6.354000000000000092e+00,3.576616942882537842e-01
6.355000000000000426e+00,4.464130699634552002e-01
6.355999999999999872e+00,4.370379149913787842e-01
6.357000000000000206e+00,4.164125919342041016e-01
6.357999999999999652e+00,3.860996365547180176e-01
6.358999999999999986e+00,3.710994124412536621e-01
6.360000000000000320e+00,3.610992729663848877e-01
6.360999999999999766e+00,3.232861757278442383e-01
6.362000000000000099e+00,3.229736685752868652e-01
6.363000000000000433e+00,3.129735291004180908e-01
6.363999999999999879e+00,3.220361769199371338e-01
6.365000000000000213e+00,3.817245662212371826e-01
6.365999999999999659e+00,4.020373821258544922e-01
6.366999999999999993e+00,3.851621150970458984e-01
6.368000000000000327e+00,3.826620876789093018e-01
6.368999999999999773e+00,3.835996091365814209e-01
6.370000000000000107e+00,3.826620876789093018e-01
6.371000000000000441e+00,3.776620030403137207e-01
6.371999999999999886e+00,3.757869899272918701e-01
6.373000000000000220e+00,3.760994970798492432e-01
6.373999999999999666e+00,3.804745674133300781e-01
6.375000000000000000e+00,4.657883644104003906e-01
6.376000000000000334e+00,4.617258012294769287e-01
6.376999999999999780e+00,4.445380270481109619e-01
6.378000000000000114e+00,4.123500287532806396e-01
6.378999999999999559e+00,3.957872986793518066e-01
6.379999999999999893e+00,3.864121437072753906e-01
6.381000000000000227e+00,3.539116382598876953e-01
6.381999999999999673e+00,3.476615548133850098e-01
6.383000000000000007e+00,3.370364010334014893e-01
6.384000000000000341e+00,3.451615273952484131e-01
6.384999999999999787e+00,4.045374095439910889e-01
6.386000000000000121e+00,4.245377182960510254e-01
6.386999999999999567e+00,4.139125645160675049e-01
6.387999999999999901e+00,4.092249870300292969e-01
6.389000000000000234e+00,4.070374667644500732e-01
6.389999999999999680e+00,4.051624238491058350e-01
6.391000000000000014e+00,4.048499166965484619e-01
6.392000000000000348e+00,3.985998332500457764e-01
6.392999999999999794e+00,4.014123678207397461e-01
6.394000000000000128e+00,4.132875502109527588e-01
6.394999999999999574e+00,4.911012351512908936e-01
6.395999999999999908e+00,4.889137148857116699e-01
6.397000000000000242e+00,4.717259407043457031e-01
6.397999999999999687e+00,4.357878863811492920e-01
6.399000000000000021e+00,4.229752123355865479e-01
6.400000000000000355e+00,4.107875227928161621e-01
6.400999999999999801e+00,3.770369887351989746e-01
6.402000000000000135e+00,3.748494684696197510e-01
6.402999999999999581e+00,3.660993278026580811e-01
6.403999999999999915e+00,3.742244541645050049e-01
6.405000000000000249e+00,4.348503947257995605e-01
6.405999999999999694e+00,4.620383083820343018e-01
6.407000000000000028e+00,4.495381116867065430e-01
6.408000000000000362e+00,4.464130699634552002e-01
6.408999999999999808e+00,4.467255771160125732e-01
6.410000000000000142e+00,4.454755485057830811e-01
6.410999999999999588e+00,4.436005055904388428e-01
6.411999999999999922e+00,4.392254650592803955e-01
6.413000000000000256e+00,4.426630139350891113e-01
6.413999999999999702e+00,4.429755210876464844e-01
6.415000000000000036e+00,5.220392346382141113e-01
6.416000000000000369e+00,5.167266130447387695e-01
6.416999999999999815e+00,5.004763603210449219e-01
6.418000000000000149e+00,4.639133214950561523e-01
6.418999999999999595e+00,4.507881402969360352e-01
6.419999999999999929e+00,4.404754638671875000e-01
6.421000000000000263e+00,4.042249321937561035e-01
6.421999999999999709e+00,4.014123678207397461e-01
6.423000000000000043e+00,3.951622843742370605e-01
6.424000000000000377e+00,3.976623117923736572e-01
6.424999999999999822e+00,4.573507308959960938e-01
6.426000000000000156e+00,4.861011803150177002e-01
6.426999999999999602e+00,4.779760539531707764e-01
6.427999999999999936e+00,4.714134335517883301e-01
6.429000000000000270e+00,4.732884764671325684e-01
6.429999999999999716e+00,4.723509550094604492e-01
6.431000000000000050e+00,4.704759418964385986e-01
6.432000000000000384e+00,4.648508429527282715e-01
6.432999999999999829e+00,4.698509275913238525e-01
6.434000000000000163e+00,4.707884192466735840e-01
6.434999999999999609e+00,5.548521876335144043e-01
6.435999999999999943e+00,5.529772043228149414e-01
6.437000000000000277e+00,5.401644706726074219e-01
6.437999999999999723e+00,5.017263889312744141e-01
6.439000000000000057e+00,4.917262494564056396e-01
6.440000000000000391e+00,4.801635742187500000e-01
6.440999999999999837e+00,4.407879710197448730e-01
6.442000000000000171e+00,4.429755210876464844e-01
6.442999999999999616e+00,4.336003661155700684e-01
6.443999999999999950e+00,4.370379149913787842e-01
6.445000000000000284e+00,4.882887005805969238e-01
6.445999999999999730e+00,5.182891488075256348e-01
6.447000000000000064e+00,5.079764723777770996e-01
6.448000000000000398e+00,5.048514604568481445e-01
6.448999999999999844e+00,5.026639103889465332e-01
6.450000000000000178e+00,5.001638531684875488e-01
6.450999999999999623e+00,4.964138269424438477e-01
6.451999999999999957e+00,4.917262494564056396e-01
6.453000000000000291e+00,4.948512911796569824e-01
6.453999999999999737e+00,4.961013197898864746e-01
6.455000000000000071e+00,5.792275667190551758e-01
6.456000000000000405e+00,5.817276239395141602e-01
6.456999999999999851e+00,5.692274570465087891e-01
6.458000000000000185e+00,5.307893753051757812e-01
6.458999999999999631e+00,5.182891488075256348e-01
6.459999999999999964e+00,5.054764747619628906e-01
6.461000000000000298e+00,4.707884192466735840e-01
6.461999999999999744e+00,4.714134335517883301e-01
6.463000000000000078e+00,4.604757726192474365e-01
6.464000000000000412e+00,4.642258286476135254e-01
6.464999999999999858e+00,5.223517417907714844e-01
6.466000000000000192e+00,5.551646947860717773e-01
6.466999999999999638e+00,5.470395684242248535e-01
6.467999999999999972e+00,5.389145016670227051e-01
6.469000000000000306e+00,5.423520207405090332e-01
6.469999999999999751e+00,5.407894849777221680e-01
6.471000000000000085e+00,5.386019945144653320e-01
6.472000000000000419e+00,5.323518514633178711e-01
6.472999999999999865e+00,5.367269515991210938e-01
6.474000000000000199e+00,5.354769229888916016e-01
6.474999999999999645e+00,6.126655936241149902e-01
6.475999999999999979e+00,6.132906079292297363e-01
6.477000000000000313e+00,5.970403552055358887e-01
6.477999999999999758e+00,5.579772591590881348e-01
6.479000000000000092e+00,5.504771471023559570e-01
6.480000000000000426e+00,5.345394015312194824e-01
6.480999999999999872e+00,5.011013746261596680e-01
6.482000000000000206e+00,4.961013197898864746e-01
6.482999999999999652e+00,4.864136576652526855e-01
6.483999999999999986e+00,4.923512637615203857e-01
6.485000000000000320e+00,5.461021065711975098e-01
6.485999999999999766e+00,5.829776525497436523e-01
6.487000000000000099e+00,5.720399618148803711e-01
6.488000000000000433e+00,5.686024427413940430e-01
6.488999999999999879e+00,5.661023855209350586e-01
6.490000000000000213e+00,5.667273998260498047e-01
6.490999999999999659e+00,5.645398497581481934e-01
6.491999999999999993e+00,5.604773163795471191e-01
6.493000000000000327e+00,5.620398521423339844e-01
6.493999999999999773e+00,5.617273449897766113e-01
6.495000000000000107e+00,6.351659297943115234e-01
6.496000000000000441e+00,6.398535370826721191e-01
6.496999999999999886e+00,6.289158463478088379e-01
6.498000000000000220e+00,5.836026668548583984e-01
6.498999999999999666e+00,5.729774832725524902e-01
6.500000000000000000e+00,5.611023306846618652e-01
6.501000000000000334e+00,5.236017107963562012e-01
6.501999999999999780e+00,5.214142203330993652e-01
6.503000000000000114e+00,5.142266154289245605e-01
6.503999999999999559e+00,5.167266130447387695e-01
6.504999999999999893e+00,5.723524689674377441e-01
6.506000000000000227e+00,6.086030602455139160e-01
6.506999999999999673e+00,5.973528623580932617e-01
6.508000000000000007e+00,5.954778194427490234e-01
6.509000000000000341e+00,5.932903289794921875e-01
6.509999999999999787e+00,5.920403003692626953e-01
6.511000000000000121e+00,5.892277359962463379e-01
6.511999999999999567e+00,5.867276787757873535e-01
6.512999999999999901e+00,5.886027216911315918e-01
6.514000000000000234e+00,5.942277908325195312e-01
6.514999999999999680e+00,6.698539853096008301e-01
6.516000000000000014e+00,6.789166331291198730e-01
6.517000000000000348e+00,6.689164638519287109e-01
6.517999999999999794e+00,6.257907748222351074e-01
6.519000000000000128e+00,6.154781579971313477e-01
6.519999999999999574e+00,6.029779314994812012e-01
6.520999999999999908e+00,5.632898211479187012e-01
6.522000000000000242e+00,5.632898211479187012e-01
6.522999999999999687e+00,5.554772019386291504e-01
6.524000000000000021e+00,5.514146685600280762e-01
6.525000000000000355e+00,6.092280745506286621e-01
6.525999999999999801e+00,6.411035060882568359e-01
6.527000000000000135e+00,6.304783821105957031e-01
6.527999999999999581e+00,6.207907199859619141e-01
6.528999999999999915e+00,6.229782700538635254e-01
6.530000000000000249e+00,6.192281842231750488e-01
6.530999999999999694e+00,6.182906627655029297e-01
6.532000000000000028e+00,6.145406365394592285e-01
6.533000000000000362e+00,6.186031699180603027e-01
6.533999999999999808e+00,6.189156770706176758e-01
6.535000000000000142e+00,6.936043500900268555e-01
6.535999999999999588e+00,7.042294740676879883e-01
6.536999999999999922e+00,6.932918429374694824e-01
6.538000000000000256e+00,6.489161252975463867e-01
6.538999999999999702e+00,6.426660418510437012e-01
6.540000000000000036e+00,6.298533678054809570e-01
6.541000000000000369e+00,5.923528075218200684e-01
6.541999999999999815e+00,5.882902145385742188e-01
6.543000000000000149e+00,5.795400738716125488e-01
6.543999999999999595e+00,5.836026668548583984e-01
6.544999999999999929e+00,6.420410275459289551e-01
6.546000000000000263e+00,6.767290830612182617e-01
6.546999999999999709e+00,6.667289137840270996e-01
6.548000000000000043e+00,6.598538160324096680e-01
6.549000000000000377e+00,6.617288589477539062e-01
6.549999999999999822e+00,6.592288017272949219e-01
6.551000000000000156e+00,6.589162945747375488e-01
6.551999999999999602e+00,6.554787755012512207e-01
6.552999999999999936e+00,6.579787731170654297e-01
6.554000000000000270e+00,6.570412516593933105e-01
6.554999999999999716e+00,7.236047983169555664e-01
6.556000000000000050e+00,7.329799532890319824e-01
6.557000000000000384e+00,7.279798388481140137e-01
6.557999999999999829e+00,6.776666045188903809e-01
6.559000000000000163e+00,6.714165210723876953e-01
6.559999999999999609e+00,6.554787755012512207e-01
6.560999999999999943e+00,6.195406913757324219e-01
6.562000000000000277e+00,6.151656508445739746e-01
6.562999999999999723e+00,6.079780459403991699e-01
6.564000000000000057e+00,6.092280745506286621e-01
6.565000000000000391e+00,6.676664352416992188e-01
6.565999999999999837e+00,7.048544883728027344e-01
6.567000000000000171e+00,6.951668858528137207e-01
6.567999999999999616e+00,6.879792213439941406e-01
6.568999999999999950e+00,6.870417594909667969e-01
6.570000000000000284e+00,6.870417594909667969e-01
6.570999999999999730e+00,6.848542094230651855e-01
6.572000000000000064e+00,6.807916164398193359e-01
6.573000000000000398e+00,6.820416450500488281e-01
6.573999999999999844e+00,6.861042380332946777e-01
6.575000000000000178e+00,7.614178657531738281e-01
6.575999999999999623e+00,7.729805707931518555e-01
6.576999999999999957e+00,7.654804587364196777e-01
6.578000000000000291e+00,7.157921791076660156e-01
6.578999999999999737e+00,7.098546028137207031e-01
6.580000000000000071e+00,6.976668834686279297e-01
6.581000000000000405e+00,6.592288017272949219e-01
6.581999999999999851e+00,6.579787731170654297e-01
6.583000000000000185e+00,6.504786610603332520e-01
6.583999999999999631e+00,6.426660418510437012e-01
6.584999999999999964e+00,6.995419263839721680e-01
6.586000000000000298e+00,7.354799509048461914e-01
6.586999999999999744e+00,7.236047983169555664e-01
6.588000000000000078e+00,7.195422053337097168e-01
6.589000000000000412e+00,7.176672220230102539e-01
6.589999999999999858e+00,7.148546576499938965e-01
6.591000000000000192e+00,7.086045742034912109e-01
6.591999999999999638e+00,7.051669955253601074e-01
6.592999999999999972e+00,7.142296433448791504e-01
6.594000000000000306e+00,7.123546004295349121e-01
6.594999999999999751e+00,7.842307090759277344e-01
6.596000000000000085e+00,8.017309904098510742e-01
6.597000000000000419e+00,7.964184284210205078e-01
6.597999999999999865e+00,7.407925724983215332e-01
6.599000000000000199e+00,7.351674437522888184e-01
6.599999999999999645e+00,7.229797840118408203e-01
6.600999999999999979e+00,6.804791092872619629e-01
6.602000000000000313e+00,6.839166879653930664e-01
6.602999999999999758e+00,6.779791116714477539e-01
6.604000000000000092e+00,6.695414781570434570e-01
6.605000000000000426e+00,7.242298126220703125e-01
6.605999999999999872e+00,7.617303729057312012e-01
6.607000000000000206e+00,7.504801750183105469e-01
6.607999999999999652e+00,7.423550486564636230e-01
6.608999999999999986e+00,7.414175868034362793e-01
6.610000000000000320e+00,7.411050796508789062e-01
6.610999999999999766e+00,7.389175295829772949e-01
6.612000000000000099e+00,7.342299818992614746e-01
6.613000000000000433e+00,7.345424294471740723e-01
6.613999999999999879e+00,7.357924580574035645e-01
6.615000000000000213e+00,8.101686239242553711e-01
6.615999999999999659e+00,8.248563408851623535e-01
6.616999999999999993e+00,8.211062550544738770e-01
6.618000000000000327e+00,7.670429348945617676e-01
6.618999999999999773e+00,7.636054158210754395e-01
6.620000000000000107e+00,7.486051917076110840e-01
6.621000000000000441e+00,7.092295885086059570e-01
6.621999999999999886e+00,7.104796171188354492e-01
6.623000000000000220e+00,7.020419836044311523e-01
6.623999999999999666e+00,7.023544907569885254e-01
6.625000000000000000e+00,7.561053037643432617e-01
6.626000000000000334e+00,7.982934117317199707e-01
6.626999999999999780e+00,7.832931876182556152e-01
6.628000000000000114e+00,7.836056947708129883e-01
6.628999999999999559e+00,7.820431590080261230e-01
6.629999999999999893e+00,7.776681184768676758e-01
6.631000000000000227e+00,7.732930779457092285e-01
6.631999999999999673e+00,7.776681184768676758e-01
6.633000000000000007e+00,7.776681184768676758e-01
6.634000000000000341e+00,7.764180898666381836e-01
6.634999999999999787e+00,8.411065936088562012e-01
6.636000000000000121e+00,8.573568463325500488e-01
6.636999999999999567e+00,8.523567318916320801e-01
6.637999999999999901e+00,7.964184284210205078e-01
6.639000000000000234e+00,7.951683998107910156e-01
6.639999999999999680e+00,7.767305970191955566e-01
6.641000000000000014e+00,7.361049652099609375e-01
6.642000000000000348e+00,7.376675009727478027e-01
6.642999999999999794e+00,7.267298102378845215e-01
6.644000000000000128e+00,7.267298102378845215e-01
6.644999999999999574e+00,7.854807376861572266e-01
6.645999999999999908e+00,8.239188194274902344e-01
6.647000000000000242e+00,8.104811310768127441e-01
6.647999999999999687e+00,8.061060309410095215e-01
6.649000000000000021e+00,8.057935237884521484e-01
6.650000000000000355e+00,8.051685094833374023e-01
6.650999999999999801e+00,8.039185404777526855e-01
6.652000000000000135e+00,7.964184284210205078e-01
6.652999999999999581e+00,8.042310476303100586e-01
6.653999999999999915e+00,8.051685094833374023e-01
6.655000000000000249e+00,8.726695775985717773e-01
6.655999999999999694e+00,8.932948708534240723e-01
6.657000000000000028e+00,8.879823088645935059e-01
6.658000000000000362e+00,8.332939743995666504e-01
6.658999999999999808e+00,8.289188742637634277e-01
6.660000000000000142e+00,8.176687359809875488e-01
6.660999999999999588e+00,7.757930755615234375e-01
6.661999999999999922e+00,7.742305397987365723e-01
6.663000000000000256e+00,7.689179778099060059e-01
6.663999999999999702e+00,7.673554420471191406e-01
6.665000000000000036e+00,8.157936930656433105e-01
6.666000000000000369e+00,8.542317748069763184e-01
6.666999999999999815e+00,8.414191007614135742e-01
6.668000000000000149e+00,8.329814672470092773e-01
6.668999999999999595e+00,8.345440030097961426e-01
6.669999999999999929e+00,8.314189314842224121e-01
6.671000000000000263e+00,8.295438885688781738e-01
6.671999999999999709e+00,8.276689052581787109e-01
6.673000000000000043e+00,8.298563957214355469e-01
6.674000000000000377e+00,8.326689600944519043e-01
6.674999999999999822e+00,8.942323923110961914e-01
6.676000000000000156e+00,9.167327284812927246e-01
6.676999999999999602e+00,9.117326736450195312e-01
6.677999999999999936e+00,8.582943677902221680e-01
6.679000000000000270e+00,8.554818034172058105e-01
6.679999999999999716e+00,8.420441150665283203e-01
6.681000000000000050e+00,8.023560047149658203e-01
6.682000000000000384e+00,7.998559474945068359e-01
6.682999999999999829e+00,7.957934141159057617e-01
6.684000000000000163e+00,7.926683425903320312e-01
6.684999999999999609e+00,8.501692414283752441e-01
6.685999999999999943e+00,8.920448422431945801e-01
6.687000000000000277e+00,8.767321109771728516e-01
6.687999999999999723e+00,8.723570704460144043e-01
6.689000000000000057e+00,8.767321109771728516e-01
6.690000000000000391e+00,8.692319989204406738e-01
6.690999999999999837e+00,8.657944798469543457e-01
6.692000000000000171e+00,8.661069869995117188e-01
6.692999999999999616e+00,8.673569560050964355e-01
6.693999999999999950e+00,8.661069869995117188e-01
6.695000000000000284e+00,9.242328405380249023e-01
6.695999999999999730e+00,9.492332339286804199e-01
6.697000000000000064e+00,9.414206147193908691e-01
6.698000000000000398e+00,8.832947015762329102e-01
6.698999999999999844e+00,8.851697444915771484e-01
6.700000000000000178e+00,8.695445060729980469e-01
6.700999999999999623e+00,8.279814124107360840e-01
6.701999999999999957e+00,8.282938599586486816e-01
6.703000000000000291e+00,8.229812979698181152e-01
6.703999999999999737e+00,8.164187073707580566e-01
6.705000000000000071e+00,8.761070966720581055e-01
6.706000000000000405e+00,9.142326712608337402e-01
6.706999999999999851e+00,9.036075472831726074e-01
6.708000000000000185e+00,8.926698565483093262e-01
6.708999999999999631e+00,8.979824781417846680e-01
6.709999999999999964e+00,8.929823637008666992e-01
6.711000000000000298e+00,8.898573517799377441e-01
6.711999999999999744e+00,8.892323374748229980e-01
6.713000000000000078e+00,8.932948708534240723e-01
6.714000000000000412e+00,8.920448422431945801e-01
6.714999999999999858e+00,9.504832625389099121e-01
6.716000000000000192e+00,9.686085581779479980e-01
6.716999999999999638e+00,9.654834866523742676e-01
6.717999999999999972e+00,9.076700806617736816e-01
6.719000000000000306e+00,9.070450663566589355e-01
6.719999999999999751e+00,8.929823637008666992e-01
6.721000000000000085e+00,8.523567318916320801e-01
6.722000000000000419e+00,8.479816913604736328e-01
6.722999999999999865e+00,8.414191007614135742e-01
6.724000000000000199e+00,8.436066508293151855e-01
6.724999999999999645e+00,8.957949280738830566e-01
6.725999999999999979e+00,9.386080503463745117e-01
6.727000000000000313e+00,9.289204478263854980e-01
6.727999999999999758e+00,9.198578000068664551e-01
6.729000000000000092e+00,9.217328429222106934e-01
6.730000000000000426e+00,9.170452356338500977e-01
6.730999999999999872e+00,9.198578000068664551e-01
6.732000000000000206e+00,9.132952094078063965e-01
6.732999999999999652e+00,9.167327284812927246e-01
6.733999999999999986e+00,9.217328429222106934e-01
6.735000000000000320e+00,9.807962179183959961e-01
6.735999999999999766e+00,1.006734132766723633e+00
6.737000000000000099e+00,1.000171542167663574e+00
6.738000000000000433e+00,9.432956576347351074e-01
6.738999999999999879e+00,9.470456838607788086e-01
6.740000000000000213e+00,9.295454621315002441e-01
6.740999999999999659e+00,8.942323923110961914e-01
6.741999999999999993e+00,8.857947587966918945e-01
6.743000000000000327e+00,8.842322230339050293e-01
6.743999999999999773e+00,8.770446181297302246e-01
6.745000000000000107e+00,9.323579668998718262e-01
6.746000000000000441e+00,9.673585295677185059e-01
6.746999999999999886e+00,9.579833745956420898e-01
6.748000000000000220e+00,9.470456838607788086e-01
6.748999999999999666e+00,9.498582482337951660e-01
6.750000000000000000e+00,9.426706433296203613e-01
6.751000000000000334e+00,9.420456290245056152e-01
6.751999999999999780e+00,9.379830360412597656e-01
6.753000000000000114e+00,9.417331218719482422e-01
6.753999999999999559e+00,9.454831480979919434e-01
6.754999999999999893e+00,1.003609061241149902e+00
6.756000000000000227e+00,1.030484437942504883e+00
6.756999999999999673e+00,1.022671818733215332e+00
6.758000000000000007e+00,9.657959938049316406e-01
6.759000000000000341e+00,9.679835438728332520e-01
6.759999999999999787e+00,9.551708102226257324e-01
6.761000000000000121e+00,9.129827022552490234e-01
6.761999999999999567e+00,9.104826450347900391e-01
6.762999999999999901e+00,9.079825878143310547e-01
6.764000000000000234e+00,9.054825901985168457e-01
6.764999999999999680e+00,9.617334008216857910e-01
6.766000000000000014e+00,1.005171537399291992e+00
6.767000000000000348e+00,9.904838800430297852e-01
6.767999999999999794e+00,9.811087250709533691e-01
6.769000000000000128e+00,9.851712584495544434e-01
6.769999999999999574e+00,9.795461893081665039e-01
6.770999999999999908e+00,9.789211750030517578e-01
6.772000000000000242e+00,9.754836559295654297e-01
6.772999999999999687e+00,9.829837679862976074e-01
6.774000000000000021e+00,9.782961606979370117e-01
6.775000000000000355e+00,1.032047033309936523e+00
6.775999999999999801e+00,1.058297395706176758e+00
6.777000000000000135e+00,1.042672157287597656e+00
6.777999999999999581e+00,9.911088943481445312e-01
6.778999999999999915e+00,9.948589205741882324e-01
6.780000000000000249e+00,9.798586964607238770e-01
6.780999999999999694e+00,9.417331218719482422e-01
6.782000000000000028e+00,9.329829812049865723e-01
6.783000000000000362e+00,9.304829239845275879e-01
6.783999999999999808e+00,9.314204454421997070e-01
6.785000000000000142e+00,9.836087822914123535e-01
6.785999999999999588e+00,1.023296833038330078e+00
6.786999999999999922e+00,1.012046694755554199e+00
6.788000000000000256e+00,1.003609061241149902e+00
6.788999999999999702e+00,1.008296608924865723e+00
6.790000000000000036e+00,9.961089491844177246e-01
6.791000000000000369e+00,1.001109004020690918e+00
6.791999999999999815e+00,9.976714849472045898e-01
6.793000000000000149e+00,1.002359032630920410e+00
6.793999999999999595e+00,1.003921627998352051e+00
6.794999999999999929e+00,1.062984943389892578e+00
6.796000000000000263e+00,1.090797901153564453e+00
6.796999999999999709e+00,1.076110124588012695e+00
6.798000000000000043e+00,1.026421904563903809e+00
6.799000000000000377e+00,1.028921961784362793e+00
6.799999999999999822e+00,1.014546751976013184e+00
6.801000000000000156e+00,9.792336821556091309e-01
6.801999999999999602e+00,9.723585844039916992e-01
6.802999999999999936e+00,9.664210081100463867e-01
6.804000000000000270e+00,9.598584175109863281e-01
6.804999999999999716e+00,1.014546751976013184e+00
6.806000000000000050e+00,1.053922295570373535e+00
6.807000000000000384e+00,1.035484552383422852e+00
6.807999999999999829e+00,1.025796890258789062e+00
6.809000000000000163e+00,1.032984495162963867e+00
6.809999999999999609e+00,1.024234414100646973e+00
6.810999999999999943e+00,1.023296833038330078e+00
6.812000000000000277e+00,1.021734356880187988e+00
6.812999999999999723e+00,1.025171875953674316e+00
6.814000000000000057e+00,1.028609395027160645e+00
6.815000000000000391e+00,1.082672715187072754e+00
6.815999999999999837e+00,1.112673282623291016e+00
6.817000000000000171e+00,1.095798015594482422e+00
6.817999999999999616e+00,1.046734690666198730e+00
6.818999999999999950e+00,1.052359819412231445e+00
6.820000000000000284e+00,1.035796999931335449e+00
6.820999999999999730e+00,1.001734018325805664e+00
6.822000000000000064e+00,9.929838776588439941e-01
6.823000000000000398e+00,9.911088943481445312e-01
6.823999999999999844e+00,9.886088371276855469e-01
6.825000000000000178e+00,1.042047142982482910e+00
6.825999999999999623e+00,1.082672715187072754e+00
6.826999999999999957e+00,1.071110129356384277e+00
6.828000000000000291e+00,1.060484886169433594e+00
6.828999999999999737e+00,1.064859986305236816e+00
6.830000000000000071e+00,1.057047367095947266e+00
6.831000000000000405e+00,1.059234857559204102e+00
6.831999999999999851e+00,1.059547424316406250e+00
6.833000000000000185e+00,1.058297395706176758e+00
6.833999999999999631e+00,1.057359933853149414e+00
6.834999999999999964e+00,1.109860658645629883e+00
6.836000000000000298e+00,1.138611078262329102e+00
6.836999999999999744e+00,1.118610858917236328e+00
6.838000000000000078e+00,1.067672491073608398e+00
6.839000000000000412e+00,1.071110129356384277e+00
6.839999999999999858e+00,1.057359933853149414e+00
6.841000000000000192e+00,1.027046918869018555e+00
6.841999999999999638e+00,1.009234189987182617e+00
6.842999999999999972e+00,1.005796551704406738e+00
6.844000000000000306e+00,1.011734247207641602e+00
6.844999999999999751e+00,1.062672495841979980e+00
6.846000000000000085e+00,1.103610634803771973e+00
6.847000000000000419e+00,1.090485334396362305e+00
6.847999999999999865e+00,1.082985281944274902e+00
6.849000000000000199e+00,1.082672715187072754e+00
6.849999999999999645e+00,1.079860210418701172e+00
6.850999999999999979e+00,1.076735138893127441e+00
6.852000000000000313e+00,1.073297619819641113e+00
6.852999999999999758e+00,1.080485224723815918e+00
6.854000000000000092e+00,1.074860095977783203e+00
6.855000000000000426e+00,1.128923535346984863e+00
6.855999999999999872e+00,1.160798907279968262e+00
6.857000000000000206e+00,1.137986063957214355e+00
6.857999999999999652e+00,1.086735367774963379e+00
6.858999999999999986e+00,1.094235420227050781e+00
6.860000000000000320e+00,1.075797677040100098e+00
6.860999999999999766e+00,1.046109676361083984e+00
6.862000000000000099e+00,1.030484437942504883e+00
6.863000000000000433e+00,1.028296947479248047e+00
6.863999999999999879e+00,1.030171990394592285e+00
6.865000000000000213e+00,1.085797786712646484e+00
6.865999999999999659e+00,1.122048377990722656e+00
6.866999999999999993e+00,1.111110687255859375e+00
6.868000000000000327e+00,1.097673058509826660e+00
6.868999999999999773e+00,1.104548096656799316e+00
6.870000000000000107e+00,1.097985506057739258e+00
6.871000000000000441e+00,1.101423025131225586e+00
6.871999999999999886e+00,1.095485448837280273e+00
6.873000000000000220e+00,1.095173001289367676e+00
6.873999999999999666e+00,1.103610634803771973e+00
6.875000000000000000e+00,1.156111359596252441e+00
6.876000000000000334e+00,1.191424489021301270e+00
6.876999999999999780e+00,1.164236545562744141e+00
6.878000000000000114e+00,1.119860887527465820e+00
6.878999999999999559e+00,1.123298406600952148e+00
6.879999999999999893e+00,1.110173225402832031e+00
6.881000000000000227e+00,1.081422805786132812e+00
6.881999999999999673e+00,1.064234972000122070e+00
6.883000000000000007e+00,1.062359929084777832e+00
6.884000000000000341e+00,1.060797452926635742e+00
6.884999999999999787e+00,1.107360601425170898e+00
6.886000000000000121e+00,1.146423697471618652e+00
6.886999999999999567e+00,1.135173559188842773e+00
6.887999999999999901e+00,1.122048377990722656e+00
6.889000000000000234e+00,1.125173449516296387e+00
6.889999999999999680e+00,1.119548320770263672e+00
6.891000000000000014e+00,1.122048377990722656e+00
6.892000000000000348e+00,1.114860773086547852e+00
6.892999999999999794e+00,1.117360830307006836e+00
6.894000000000000128e+00,1.123298406600952148e+00
6.894999999999999574e+00,1.174236655235290527e+00
6.895999999999999908e+00,1.208612203598022461e+00
6.897000000000000242e+00,1.181736826896667480e+00
6.897999999999999687e+00,1.137673616409301758e+00
6.899000000000000021e+00,1.142361164093017578e+00
6.900000000000000355e+00,1.126110911369323730e+00
6.900999999999999801e+00,1.100172996520996094e+00
6.902000000000000135e+00,1.081735253334045410e+00
6.902999999999999581e+00,1.080172777175903320e+00
6.903999999999999915e+00,1.082985281944274902e+00
6.905000000000000249e+00,1.137986063957214355e+00
6.905999999999999694e+00,1.174236655235290527e+00
6.907000000000000028e+00,1.162673950195312500e+00
6.908000000000000362e+00,1.152986288070678711e+00
6.908999999999999808e+00,1.155798912048339844e+00
6.910000000000000142e+00,1.148298740386962891e+00
6.910999999999999588e+00,1.150173783302307129e+00
6.911999999999999922e+00,1.148611307144165039e+00
6.913000000000000256e+00,1.149548768997192383e+00
6.913999999999999702e+00,1.148298740386962891e+00
6.915000000000000036e+00,1.198299527168273926e+00
6.916000000000000369e+00,1.231737494468688965e+00
6.916999999999999815e+00,1.200799584388732910e+00
6.918000000000000149e+00,1.157673954963684082e+00
6.918999999999999595e+00,1.160486459732055664e+00
6.919999999999999929e+00,1.142986178398132324e+00
6.921000000000000263e+00,1.123610854148864746e+00
6.921999999999999709e+00,1.099235534667968750e+00
6.923000000000000043e+00,1.097360491752624512e+00
6.924000000000000377e+00,1.096735477447509766e+00
6.924999999999999822e+00,1.152673840522766113e+00
6.926000000000000156e+00,1.196112036705017090e+00
6.926999999999999602e+00,1.180799245834350586e+00
6.927999999999999936e+00,1.169236540794372559e+00
6.929000000000000270e+00,1.171424150466918945e+00
6.929999999999999716e+00,1.165799021720886230e+00
6.931000000000000050e+00,1.167674064636230469e+00
6.932000000000000384e+00,1.162673950195312500e+00
6.932999999999999829e+00,1.166424036026000977e+00
6.934000000000000163e+00,1.169236540794372559e+00
6.934999999999999609e+00,1.217987298965454102e+00
6.935999999999999943e+00,1.259863018989562988e+00
6.937000000000000277e+00,1.229862570762634277e+00
6.937999999999999723e+00,1.182361841201782227e+00
6.939000000000000057e+00,1.190486907958984375e+00
6.940000000000000391e+00,1.172361612319946289e+00
6.940999999999999837e+00,1.152986288070678711e+00
6.942000000000000171e+00,1.128923535346984863e+00
6.942999999999999616e+00,1.130173444747924805e+00
6.943999999999999950e+00,1.122048377990722656e+00
6.945000000000000284e+00,1.176736712455749512e+00
6.945999999999999730e+00,1.213299751281738281e+00
6.947000000000000064e+00,1.202362060546875000e+00
6.948000000000000398e+00,1.186111807823181152e+00
6.948999999999999844e+00,1.189861893653869629e+00
6.950000000000000178e+00,1.183299303054809570e+00
6.950999999999999623e+00,1.185486793518066406e+00
6.951999999999999957e+00,1.177361726760864258e+00
6.953000000000000291e+00,1.182049274444580078e+00
6.953999999999999737e+00,1.181424260139465332e+00
6.955000000000000071e+00,1.232675075531005859e+00
6.956000000000000405e+00,1.275488257408142090e+00
6.956999999999999851e+00,1.243612766265869141e+00
6.958000000000000185e+00,1.198612093925476074e+00
6.958999999999999631e+00,1.205799698829650879e+00
6.959999999999999964e+00,1.187674403190612793e+00
6.961000000000000298e+00,1.167049050331115723e+00
6.961999999999999744e+00,1.140173673629760742e+00
6.963000000000000078e+00,1.146736264228820801e+00
6.964000000000000412e+00,1.140173673629760742e+00
6.964999999999999858e+00,1.192986965179443359e+00
6.966000000000000192e+00,1.227987527847290039e+00
6.966999999999999638e+00,1.212049722671508789e+00
6.967999999999999972e+00,1.202049612998962402e+00
6.969000000000000306e+00,1.203299641609191895e+00
6.969999999999999751e+00,1.199549555778503418e+00
6.971000000000000085e+00,1.199549555778503418e+00
6.972000000000000419e+00,1.197362065315246582e+00
6.972999999999999865e+00,1.195799469947814941e+00
6.974000000000000199e+00,1.198612093925476074e+00
6.974999999999999645e+00,1.248925328254699707e+00
6.975999999999999979e+00,1.288925886154174805e+00
6.977000000000000313e+00,1.255800366401672363e+00
6.977999999999999758e+00,1.214862346649169922e+00
6.979000000000000092e+00,1.217362284660339355e+00
6.980000000000000426e+00,1.200799584388732910e+00
6.980999999999999872e+00,1.184236764907836914e+00
6.982000000000000206e+00,1.157986402511596680e+00
6.982999999999999652e+00,1.157986402511596680e+00
6.983999999999999986e+00,1.153923869132995605e+00
6.985000000000000320e+00,1.215487241744995117e+00
6.985999999999999766e+00,1.256112933158874512e+00
6.987000000000000099e+00,1.237987637519836426e+00
6.988000000000000433e+00,1.227674961090087891e+00
6.988999999999999879e+00,1.232362508773803711e+00
6.990000000000000213e+00,1.225487470626831055e+00
6.990999999999999659e+00,1.230487585067749023e+00
6.991999999999999993e+00,1.220487356185913086e+00
6.993000000000000327e+00,1.226737499237060547e+00
6.993999999999999773e+00,1.223612427711486816e+00
6.995000000000000107e+00,1.267675638198852539e+00
6.996000000000000441e+00,1.311426281929016113e+00
6.996999999999999886e+00,1.272675633430480957e+00
6.998000000000000220e+00,1.233925104141235352e+00
6.998999999999999666e+00,1.235175132751464844e+00
7.000000000000000000e+00,1.217987298965454102e+00
7.001000000000000334e+00,1.200174570083618164e+00
7.001999999999999780e+00,1.172049164772033691e+00
7.003000000000000114e+00,1.174236655235290527e+00
7.003999999999999559e+00,1.167361617088317871e+00
7.004999999999999893e+00,1.230487585067749023e+00
7.006000000000000227e+00,1.267050623893737793e+00
7.006999999999999673e+00,1.250800371170043945e+00
7.008000000000000007e+00,1.240175127983093262e+00
7.009000000000000341e+00,1.244862794876098633e+00
7.009999999999999787e+00,1.238612651824951172e+00
7.011000000000000121e+00,1.242675185203552246e+00
7.011999999999999567e+00,1.235487580299377441e+00
7.012999999999999901e+00,1.237987637519836426e+00
7.014000000000000234e+00,1.242362737655639648e+00
7.014999999999999680e+00,1.287988424301147461e+00
7.016000000000000014e+00,1.330489039421081543e+00
7.017000000000000348e+00,1.299863576889038086e+00
7.017999999999999794e+00,1.253300428390502930e+00
7.019000000000000128e+00,1.257675409317016602e+00
7.019999999999999574e+00,1.244237780570983887e+00
7.020999999999999908e+00,1.226737499237060547e+00
7.022000000000000242e+00,1.201112031936645508e+00
7.022999999999999687e+00,1.198299527168273926e+00
7.024000000000000021e+00,1.189236879348754883e+00
7.025000000000000355e+00,1.246737718582153320e+00
7.025999999999999801e+00,1.284550905227661133e+00
7.027000000000000135e+00,1.267363071441650391e+00
7.027999999999999581e+00,1.255487918853759766e+00
7.028999999999999915e+00,1.259238004684448242e+00
7.030000000000000249e+00,1.252050399780273438e+00
7.030999999999999694e+00,1.254862904548645020e+00
7.032000000000000028e+00,1.249550342559814453e+00
7.033000000000000362e+00,1.249237775802612305e+00
7.033999999999999808e+00,1.252050399780273438e+00
7.035000000000000142e+00,1.297988533973693848e+00
7.035999999999999588e+00,1.341426730155944824e+00
7.036999999999999922e+00,1.310801267623901367e+00
7.038000000000000256e+00,1.266113042831420898e+00
7.038999999999999702e+00,1.273300647735595703e+00
7.040000000000000036e+00,1.252987861633300781e+00
7.041000000000000369e+00,1.237362623214721680e+00
7.041999999999999815e+00,1.208924651145935059e+00
7.043000000000000149e+00,1.211112260818481445e+00
7.043999999999999595e+00,1.204237103462219238e+00
7.044999999999999929e+00,1.267363071441650391e+00
7.046000000000000263e+00,1.305176138877868652e+00
7.046999999999999709e+00,1.291113495826721191e+00
7.048000000000000043e+00,1.278925776481628418e+00
7.049000000000000377e+00,1.279550790786743164e+00
7.049999999999999822e+00,1.277675747871398926e+00
7.051000000000000156e+00,1.277050733566284180e+00
7.051999999999999602e+00,1.272363185882568359e+00
7.052999999999999936e+00,1.275175690650939941e+00
7.054000000000000270e+00,1.273300647735595703e+00
7.054999999999999716e+00,1.315176367759704590e+00
7.056000000000000050e+00,1.356426954269409180e+00
7.057000000000000384e+00,1.326113939285278320e+00
7.057999999999999829e+00,1.277988195419311523e+00
7.059000000000000163e+00,1.282675862312316895e+00
7.059999999999999609e+00,1.265175580978393555e+00
7.060999999999999943e+00,1.249862790107727051e+00
7.062000000000000277e+00,1.219862341880798340e+00
7.062999999999999723e+00,1.218612313270568848e+00
7.064000000000000057e+00,1.215487241744995117e+00
7.065000000000000391e+00,1.275488257408142090e+00
7.065999999999999837e+00,1.315801382064819336e+00
7.067000000000000171e+00,1.302676081657409668e+00
7.067999999999999616e+00,1.288925886154174805e+00
7.068999999999999950e+00,1.294863462448120117e+00
7.070000000000000284e+00,1.285488367080688477e+00
7.070999999999999730e+00,1.288300871849060059e+00
7.072000000000000064e+00,1.278925776481628418e+00
7.073000000000000398e+00,1.281425833702087402e+00
7.073999999999999844e+00,1.282988309860229492e+00
7.075000000000000178e+00,1.323301434516906738e+00
7.075999999999999623e+00,1.361739516258239746e+00
7.076999999999999957e+00,1.334864139556884766e+00
7.078000000000000291e+00,1.287363409996032715e+00
7.078999999999999737e+00,1.292988538742065430e+00
7.080000000000000071e+00,1.273925662040710449e+00
7.081000000000000405e+00,1.256425380706787109e+00
7.081999999999999851e+00,1.227049946784973145e+00
7.083000000000000185e+00,1.227987527847290039e+00
7.083999999999999631e+00,1.220487356185913086e+00
7.084999999999999964e+00,1.285800814628601074e+00
7.086000000000000298e+00,1.326738953590393066e+00
7.086999999999999744e+00,1.309238672256469727e+00
7.088000000000000078e+00,1.297988533973693848e+00
7.089000000000000412e+00,1.300176143646240234e+00
7.089999999999999858e+00,1.294238448143005371e+00
7.091000000000000192e+00,1.297363519668579102e+00
7.091999999999999638e+00,1.292363524436950684e+00
7.092999999999999972e+00,1.291425943374633789e+00
7.094000000000000306e+00,1.294551014900207520e+00
7.094999999999999751e+00,1.340176701545715332e+00
7.096000000000000085e+00,1.385177373886108398e+00
7.097000000000000419e+00,1.356114387512207031e+00
7.097999999999999865e+00,1.307363748550415039e+00
7.099000000000000199e+00,1.315488815307617188e+00
7.099999999999999645e+00,1.297988533973693848e+00
7.100999999999999979e+00,1.280175805091857910e+00
7.102000000000000313e+00,1.245800256729125977e+00
7.102999999999999758e+00,1.251112818717956543e+00
7.104000000000000092e+00,1.240487694740295410e+00
7.105000000000000426e+00,1.297051072120666504e+00
7.105999999999999872e+00,1.339551687240600586e+00
7.107000000000000206e+00,1.324239015579223633e+00
7.107999999999999652e+00,1.307988762855529785e+00
7.108999999999999986e+00,1.315176367759704590e+00
7.110000000000000320e+00,1.302988648414611816e+00
7.110999999999999766e+00,1.308301210403442383e+00
7.112000000000000099e+00,1.296738505363464355e+00
7.113000000000000433e+00,1.298301100730895996e+00
7.113999999999999879e+00,1.306426167488098145e+00
7.115000000000000213e+00,1.344551801681518555e+00
7.115999999999999659e+00,1.391114950180053711e+00
7.116999999999999993e+00,1.360802054405212402e+00
7.118000000000000327e+00,1.314863801002502441e+00
7.118999999999999773e+00,1.317051291465759277e+00
7.120000000000000107e+00,1.303613662719726562e+00
7.121000000000000441e+00,1.286738395690917969e+00
7.121999999999999886e+00,1.257675409317016602e+00
7.123000000000000220e+00,1.257050395011901855e+00
7.123999999999999666e+00,1.247362732887268066e+00
7.125000000000000000e+00,1.313926339149475098e+00
7.126000000000000334e+00,1.358301997184753418e+00
7.126999999999999780e+00,1.335801601409912109e+00
7.128000000000000114e+00,1.327988982200622559e+00
7.128999999999999559e+00,1.329551577568054199e+00
7.129999999999999893e+00,1.323614001274108887e+00
7.131000000000000227e+00,1.327363967895507812e+00
7.131999999999999673e+00,1.316738843917846680e+00
7.133000000000000007e+00,1.316738843917846680e+00
7.134000000000000341e+00,1.320176362991333008e+00
7.134999999999999787e+00,1.353614449501037598e+00
7.136000000000000121e+00,1.406115174293518066e+00
7.136999999999999567e+00,1.368927121162414551e+00
7.137999999999999901e+00,1.325801491737365723e+00
7.139000000000000234e+00,1.322988986968994141e+00
7.139999999999999680e+00,1.308926224708557129e+00
7.141000000000000014e+00,1.294551014900207520e+00
7.142000000000000348e+00,1.260175466537475586e+00
7.142999999999999794e+00,1.262675523757934570e+00
7.144000000000000128e+00,1.258925437927246094e+00
7.144999999999999574e+00,1.318926334381103516e+00
7.145999999999999908e+00,1.364239573478698730e+00
7.147000000000000242e+00,1.345489263534545898e+00
7.147999999999999687e+00,1.334239125251770020e+00
7.149000000000000021e+00,1.333926558494567871e+00
7.150000000000000355e+00,1.326738953590393066e+00
7.150999999999999801e+00,1.333301544189453125e+00
7.152000000000000135e+00,1.322676420211791992e+00
7.152999999999999581e+00,1.322676420211791992e+00
7.153999999999999915e+00,1.326738953590393066e+00
7.155000000000000249e+00,1.365177035331726074e+00
7.155999999999999694e+00,1.419240355491638184e+00
7.157000000000000028e+00,1.389864921569824219e+00
7.158000000000000362e+00,1.342989206314086914e+00
7.158999999999999808e+00,1.343301773071289062e+00
7.160000000000000142e+00,1.327051520347595215e+00
7.160999999999999588e+00,1.313301324844360352e+00
7.161999999999999922e+00,1.274550676345825195e+00
7.163000000000000256e+00,1.281738281250000000e+00
7.163999999999999702e+00,1.269863128662109375e+00
7.165000000000000036e+00,1.326426506042480469e+00
7.166000000000000369e+00,1.372989654541015625e+00
7.166999999999999815e+00,1.350176811218261719e+00
7.168000000000000149e+00,1.343301773071289062e+00
7.168999999999999595e+00,1.340176701545715332e+00
7.169999999999999929e+00,1.336426615715026855e+00
7.171000000000000263e+00,1.338614225387573242e+00
7.171999999999999709e+00,1.329551577568054199e+00
7.173000000000000043e+00,1.331114053726196289e+00
7.174000000000000377e+00,1.332989096641540527e+00
7.174999999999999822e+00,1.369864702224731445e+00
7.176000000000000156e+00,1.421740412712097168e+00
7.176999999999999602e+00,1.393302559852600098e+00
7.177999999999999936e+00,1.347051858901977539e+00
7.179000000000000270e+00,1.345801830291748047e+00
7.179999999999999716e+00,1.330176591873168945e+00
7.181000000000000050e+00,1.316738843917846680e+00
7.182000000000000384e+00,1.281113266944885254e+00
7.182999999999999829e+00,1.283300876617431641e+00
7.184000000000000163e+00,1.279550790786743164e+00
7.184999999999999609e+00,1.338926672935485840e+00
7.185999999999999943e+00,1.386114954948425293e+00
7.187000000000000277e+00,1.366114616394042969e+00
7.187999999999999723e+00,1.356739401817321777e+00
7.189000000000000057e+00,1.354239463806152344e+00
7.190000000000000391e+00,1.349239349365234375e+00
7.190999999999999837e+00,1.351426839828491211e+00
7.192000000000000171e+00,1.348301768302917480e+00
7.192999999999999616e+00,1.342364192008972168e+00
7.193999999999999950e+00,1.344239234924316406e+00
7.195000000000000284e+00,1.374239683151245117e+00
7.195999999999999730e+00,1.428928017616271973e+00
7.197000000000000064e+00,1.401427626609802246e+00
7.198000000000000398e+00,1.352989435195922852e+00
7.198999999999999844e+00,1.352364420890808105e+00
7.200000000000000178e+00,1.331739068031311035e+00
7.200999999999999623e+00,1.319238901138305664e+00
7.201999999999999957e+00,1.286113381385803223e+00
7.203000000000000291e+00,1.287363409996032715e+00
7.203999999999999737e+00,1.285488367080688477e+00
7.205000000000000071e+00,1.338926672935485840e+00
7.206000000000000405e+00,1.388614892959594727e+00
7.206999999999999851e+00,1.371427178382873535e+00
7.208000000000000185e+00,1.357676982879638672e+00
7.208999999999999631e+00,1.362677097320556641e+00
7.209999999999999964e+00,1.352676868438720703e+00
7.211000000000000298e+00,1.353301882743835449e+00
7.211999999999999744e+00,1.346739292144775391e+00
7.213000000000000078e+00,1.344864249229431152e+00
7.214000000000000412e+00,1.347364306449890137e+00
7.214999999999999858e+00,1.376114726066589355e+00
7.216000000000000192e+00,1.429865598678588867e+00
7.216999999999999638e+00,1.400490164756774902e+00
7.217999999999999972e+00,1.358301997184753418e+00
7.219000000000000306e+00,1.351114392280578613e+00
7.219999999999999751e+00,1.337364196777343750e+00
7.221000000000000085e+00,1.322676420211791992e+00
7.222000000000000419e+00,1.285488367080688477e+00
7.222999999999999865e+00,1.290800929069519043e+00
7.224000000000000199e+00,1.287675857543945312e+00
7.224999999999999645e+00,1.338614225387573242e+00
7.225999999999999979e+00,1.392677545547485352e+00
7.227000000000000313e+00,1.375177264213562012e+00
7.227999999999999758e+00,1.362989544868469238e+00
7.229000000000000092e+00,1.359239459037780762e+00
7.230000000000000426e+00,1.356426954269409180e+00
7.230999999999999872e+00,1.357051968574523926e+00
7.232000000000000206e+00,1.350489377975463867e+00
7.232999999999999652e+00,1.344864249229431152e+00
7.233999999999999986e+00,1.355176925659179688e+00
7.235000000000000320e+00,1.383927345275878906e+00
7.235999999999999766e+00,1.444240808486938477e+00
7.237000000000000099e+00,1.414552807807922363e+00
7.238000000000000433e+00,1.373614668846130371e+00
7.238999999999999879e+00,1.367052078247070312e+00
7.240000000000000213e+00,1.350489377975463867e+00
7.240999999999999659e+00,1.335176587104797363e+00
7.241999999999999993e+00,1.301738619804382324e+00
7.243000000000000327e+00,1.303301095962524414e+00
7.243999999999999773e+00,1.298613548278808594e+00
7.245000000000000107e+00,1.346114277839660645e+00
7.246000000000000441e+00,1.394552588462829590e+00
7.246999999999999886e+00,1.376114726066589355e+00
7.248000000000000220e+00,1.363302111625671387e+00
7.248999999999999666e+00,1.363302111625671387e+00
7.250000000000000000e+00,1.355489492416381836e+00
7.251000000000000334e+00,1.360177040100097656e+00
7.251999999999999780e+00,1.353614449501037598e+00
7.253000000000000114e+00,1.349864363670349121e+00
7.253999999999999559e+00,1.353926897048950195e+00
7.254999999999999893e+00,1.384239912033081055e+00
7.256000000000000227e+00,1.443615794181823730e+00
7.256999999999999673e+00,1.416115403175354004e+00
7.258000000000000007e+00,1.374864697456359863e+00
7.259000000000000341e+00,1.362989544868469238e+00
7.259999999999999787e+00,1.347051858901977539e+00
7.261000000000000121e+00,1.338614225387573242e+00
7.261999999999999567e+00,1.299863576889038086e+00
7.262999999999999901e+00,1.300801157951354980e+00
7.264000000000000234e+00,1.303926110267639160e+00
7.264999999999999680e+00,1.353926897048950195e+00
7.266000000000000014e+00,1.404240131378173828e+00
7.267000000000000348e+00,1.388302445411682129e+00
7.267999999999999794e+00,1.377364754676818848e+00
7.269000000000000128e+00,1.374239683151245117e+00
7.269999999999999574e+00,1.366427063941955566e+00
7.270999999999999908e+00,1.371114730834960938e+00
7.272000000000000242e+00,1.364239573478698730e+00
7.272999999999999687e+00,1.359552025794982910e+00
7.274000000000000021e+00,1.360802054405212402e+00
7.275000000000000355e+00,1.383614897727966309e+00
7.275999999999999801e+00,1.447365880012512207e+00
7.277000000000000135e+00,1.417677879333496094e+00
7.277999999999999581e+00,1.380489826202392578e+00
7.278999999999999915e+00,1.364864587783813477e+00
7.280000000000000249e+00,1.348614335060119629e+00
7.280999999999999694e+00,1.338926672935485840e+00
7.282000000000000028e+00,1.301426053047180176e+00
7.283000000000000362e+00,1.306426167488098145e+00
7.283999999999999808e+00,1.303301095962524414e+00
7.285000000000000142e+00,1.352989435195922852e+00
7.285999999999999588e+00,1.403615117073059082e+00
7.286999999999999922e+00,1.386114954948425293e+00
7.288000000000000256e+00,1.378614783287048340e+00
7.288999999999999702e+00,1.372364640235900879e+00
7.290000000000000036e+00,1.365489602088928223e+00
7.291000000000000369e+00,1.366739630699157715e+00
7.291999999999999815e+00,1.360802054405212402e+00
7.293000000000000149e+00,1.358301997184753418e+00
7.293999999999999595e+00,1.367677092552185059e+00
7.294999999999999929e+00,1.394552588462829590e+00
7.296000000000000263e+00,1.451740860939025879e+00
7.296999999999999709e+00,1.429240584373474121e+00
7.298000000000000043e+00,1.388614892959594727e+00
7.299000000000000377e+00,1.373614668846130371e+00
7.299999999999999822e+00,1.360489487648010254e+00
7.301000000000000156e+00,1.349239349365234375e+00
7.301999999999999602e+00,1.306738734245300293e+00
7.302999999999999936e+00,1.314863801002502441e+00
7.304000000000000270e+00,1.310176253318786621e+00
7.304999999999999716e+00,1.355801939964294434e+00
7.306000000000000050e+00,1.407365202903747559e+00
7.307000000000000384e+00,1.386114954948425293e+00
7.307999999999999829e+00,1.378614783287048340e+00
7.309000000000000163e+00,1.370489716529846191e+00
7.309999999999999609e+00,1.365177035331726074e+00
7.310999999999999943e+00,1.369552135467529297e+00
7.312000000000000277e+00,1.362989544868469238e+00
7.312999999999999723e+00,1.358301997184753418e+00
7.314000000000000057e+00,1.366427063941955566e+00
7.315000000000000391e+00,1.388927459716796875e+00
7.315999999999999837e+00,1.456740975379943848e+00
7.317000000000000171e+00,1.427052974700927734e+00
7.317999999999999616e+00,1.392364978790283203e+00
7.318999999999999950e+00,1.372677206993103027e+00
7.320000000000000284e+00,1.356426954269409180e+00
7.320999999999999730e+00,1.347051858901977539e+00
7.322000000000000064e+00,1.309863686561584473e+00
7.323000000000000398e+00,1.312676310539245605e+00
7.323999999999999844e+00,1.309551239013671875e+00
7.325000000000000178e+00,1.351426839828491211e+00
7.325999999999999623e+00,1.406115174293518066e+00
7.326999999999999957e+00,1.384239912033081055e+00
7.328000000000000291e+00,1.375177264213562012e+00
7.328999999999999737e+00,1.372052192687988281e+00
7.330000000000000071e+00,1.363614559173583984e+00
7.331000000000000405e+00,1.364864587783813477e+00
7.331999999999999851e+00,1.359552025794982910e+00
7.333000000000000185e+00,1.354551911354064941e+00
7.333999999999999631e+00,1.362364530563354492e+00
7.334999999999999964e+00,1.383927345275878906e+00
7.336000000000000298e+00,1.450803399085998535e+00
7.336999999999999744e+00,1.427052974700927734e+00
7.338000000000000078e+00,1.387677431106567383e+00
7.339000000000000412e+00,1.371114730834960938e+00
7.339999999999999858e+00,1.355176925659179688e+00
7.341000000000000192e+00,1.344864249229431152e+00
7.341999999999999638e+00,1.304863691329956055e+00
7.342999999999999972e+00,1.312051296234130859e+00
7.344000000000000306e+00,1.314863801002502441e+00
7.344999999999999751e+00,1.357364416122436523e+00
7.346000000000000085e+00,1.411427736282348633e+00
7.347000000000000419e+00,1.395177483558654785e+00
7.347999999999999865e+00,1.384239912033081055e+00
7.349000000000000199e+00,1.380802273750305176e+00
7.349999999999999645e+00,1.372677206993103027e+00
7.350999999999999979e+00,1.372677206993103027e+00
7.352000000000000313e+00,1.367989659309387207e+00
7.352999999999999758e+00,1.366739630699157715e+00
7.354000000000000092e+00,1.369239687919616699e+00
7.355000000000000426e+00,1.385489940643310547e+00
7.355999999999999872e+00,1.448928356170654297e+00
7.357000000000000206e+00,1.422990441322326660e+00
7.357999999999999652e+00,1.390489935874938965e+00
7.358999999999999986e+00,1.367989659309387207e+00
7.360000000000000320e+00,1.352051854133605957e+00
7.360999999999999766e+00,1.343926787376403809e+00
7.362000000000000099e+00,1.306426167488098145e+00
7.363000000000000433e+00,1.308613777160644531e+00
7.363999999999999879e+00,1.313613772392272949e+00
7.365000000000000213e+00,1.353614449501037598e+00
7.365999999999999659e+00,1.406740188598632812e+00
7.366999999999999993e+00,1.390489935874938965e+00
7.368000000000000327e+00,1.377677321434020996e+00
7.368999999999999773e+00,1.374239683151245117e+00
7.370000000000000107e+00,1.368614673614501953e+00
7.371000000000000441e+00,1.368302106857299805e+00
7.371999999999999886e+00,1.364239573478698730e+00
7.373000000000000220e+00,1.360802054405212402e+00
7.373999999999999666e+00,1.368302106857299805e+00
7.375000000000000000e+00,1.385177373886108398e+00
7.376000000000000334e+00,1.456115961074829102e+00
7.376999999999999780e+00,1.429865598678588867e+00
7.378000000000000114e+00,1.397052526473999023e+00
7.378999999999999559e+00,1.375802278518676758e+00
7.379999999999999893e+00,1.355489492416381836e+00
7.381000000000000227e+00,1.349551796913146973e+00
7.381999999999999673e+00,1.307676196098327637e+00
7.383000000000000007e+00,1.318301320075988770e+00
7.384000000000000341e+00,1.320801377296447754e+00
7.384999999999999787e+00,1.351114392280578613e+00
7.386000000000000121e+00,1.403927683830261230e+00
7.386999999999999567e+00,1.387364864349365234e+00
7.387999999999999901e+00,1.375489711761474609e+00
7.389000000000000234e+00,1.370489716529846191e+00
7.389999999999999680e+00,1.363927006721496582e+00
7.391000000000000014e+00,1.364864587783813477e+00
7.392000000000000348e+00,1.358614444732666016e+00
7.392999999999999794e+00,1.355176925659179688e+00
7.394000000000000128e+00,1.360489487648010254e+00
7.394999999999999574e+00,1.382677316665649414e+00
7.395999999999999908e+00,1.448615908622741699e+00
7.397000000000000242e+00,1.424553036689758301e+00
7.397999999999999687e+00,1.393615007400512695e+00
7.399000000000000021e+00,1.366739630699157715e+00
7.400000000000000355e+00,1.352051854133605957e+00
7.400999999999999801e+00,1.342364192008972168e+00
7.402000000000000135e+00,1.305488705635070801e+00
7.402999999999999581e+00,1.311113715171813965e+00
7.403999999999999915e+00,1.320176362991333008e+00
7.405000000000000249e+00,1.353614449501037598e+00
7.405999999999999694e+00,1.407677769660949707e+00
7.407000000000000028e+00,1.392989993095397949e+00
7.408000000000000362e+00,1.381427288055419922e+00
7.408999999999999808e+00,1.375802278518676758e+00
7.410000000000000142e+00,1.370802164077758789e+00
7.410999999999999588e+00,1.369864702224731445e+00
7.411999999999999922e+00,1.367677092552185059e+00
7.413000000000000256e+00,1.358927011489868164e+00
7.413999999999999702e+00,1.364239573478698730e+00
7.415000000000000036e+00,1.376427292823791504e+00
7.416000000000000369e+00,1.445178270339965820e+00
7.416999999999999815e+00,1.422990441322326660e+00
7.418000000000000149e+00,1.389864921569824219e+00
7.418999999999999595e+00,1.362989544868469238e+00
7.419999999999999929e+00,1.347676873207092285e+00
7.421000000000000263e+00,1.337989211082458496e+00
7.421999999999999709e+00,1.302988648414611816e+00
7.423000000000000043e+00,1.305801153182983398e+00
7.424000000000000377e+00,1.311738729476928711e+00
7.424999999999999822e+00,1.346114277839660645e+00
7.426000000000000156e+00,1.405802726745605469e+00
7.426999999999999602e+00,1.388927459716796875e+00
7.427999999999999936e+00,1.376114726066589355e+00
7.429000000000000270e+00,1.371427178382873535e+00
7.429999999999999716e+00,1.365177035331726074e+00
7.431000000000000050e+00,1.365489602088928223e+00
7.432000000000000384e+00,1.358927011489868164e+00
7.432999999999999829e+00,1.354551911354064941e+00
7.434000000000000163e+00,1.358927011489868164e+00
7.434999999999999609e+00,1.370489716529846191e+00
7.435999999999999943e+00,1.437678217887878418e+00
7.437000000000000277e+00,1.416115403175354004e+00
7.437999999999999723e+00,1.384864926338195801e+00
7.439000000000000057e+00,1.357364416122436523e+00
7.440000000000000391e+00,1.338301658630371094e+00
7.440999999999999837e+00,1.334239125251770020e+00
7.442000000000000171e+00,1.294863462448120117e+00
7.442999999999999616e+00,1.297363519668579102e+00
7.443999999999999950e+00,1.313926339149475098e+00
7.445000000000000284e+00,1.338301658630371094e+00
7.445999999999999730e+00,1.397365093231201172e+00
7.447000000000000064e+00,1.382052302360534668e+00
7.448000000000000398e+00,1.372364640235900879e+00
7.448999999999999844e+00,1.366427063941955566e+00
7.450000000000000178e+00,1.359864473342895508e+00
7.450999999999999623e+00,1.356114387512207031e+00
7.451999999999999957e+00,1.354239463806152344e+00
7.453000000000000291e+00,1.348301768302917480e+00
7.453999999999999737e+00,1.359864473342895508e+00
7.455000000000000071e+00,1.370489716529846191e+00
7.456000000000000405e+00,1.443615794181823730e+00
7.456999999999999851e+00,1.419552922248840332e+00
7.458000000000000185e+00,1.391114950180053711e+00
7.458999999999999631e+00,1.359864473342895508e+00
7.459999999999999964e+00,1.343301773071289062e+00
7.461000000000000298e+00,1.337364196777343750e+00
7.461999999999999744e+00,1.299863576889038086e+00
7.463000000000000078e+00,1.299238562583923340e+00
7.464000000000000412e+00,1.309238672256469727e+00
7.464999999999999858e+00,1.334239125251770020e+00
7.466000000000000192e+00,1.392052531242370605e+00
7.466999999999999638e+00,1.377364754676818848e+00
7.467999999999999972e+00,1.363614559173583984e+00
7.469000000000000306e+00,1.359552025794982910e+00
7.469999999999999751e+00,1.351114392280578613e+00
7.471000000000000085e+00,1.353614449501037598e+00
7.472000000000000419e+00,1.346739292144775391e+00
7.472999999999999865e+00,1.342989206314086914e+00
7.474000000000000199e+00,1.350176811218261719e+00
7.474999999999999645e+00,1.364239573478698730e+00
7.475999999999999979e+00,1.437053203582763672e+00
7.477000000000000313e+00,1.412677764892578125e+00
7.477999999999999758e+00,1.384864926338195801e+00
7.479000000000000092e+00,1.353926897048950195e+00
7.480000000000000426e+00,1.337676644325256348e+00
7.480999999999999872e+00,1.331426620483398438e+00
7.482000000000000206e+00,1.292363524436950684e+00
7.482999999999999652e+00,1.297051072120666504e+00
7.483999999999999986e+00,1.312051296234130859e+00
7.485000000000000320e+00,1.334864139556884766e+00
7.485999999999999766e+00,1.395177483558654785e+00
7.487000000000000099e+00,1.382052302360534668e+00
7.488000000000000433e+00,1.369552135467529297e+00
7.488999999999999879e+00,1.360489487648010254e+00
7.490000000000000213e+00,1.354551911354064941e+00
7.490999999999999659e+00,1.355176925659179688e+00
7.491999999999999993e+00,1.350489377975463867e+00
7.493000000000000327e+00,1.347051858901977539e+00
7.493999999999999773e+00,1.348926782608032227e+00
7.495000000000000107e+00,1.358301997184753418e+00
7.496000000000000441e+00,1.430803060531616211e+00
7.496999999999999886e+00,1.405802726745605469e+00
7.498000000000000220e+00,1.379239797592163086e+00
7.498999999999999666e+00,1.347676873207092285e+00
7.500000000000000000e+00,1.328613996505737305e+00
7.501000000000000334e+00,1.320801377296447754e+00
7.501999999999999780e+00,1.285175919532775879e+00
7.503000000000000114e+00,1.290800929069519043e+00
7.503999999999999559e+00,1.301738619804382324e+00
7.504999999999999893e+00,1.327051520347595215e+00
7.506000000000000227e+00,1.385802388191223145e+00
7.506999999999999673e+00,1.372677206993103027e+00
7.508000000000000007e+00,1.357989430427551270e+00
7.509000000000000341e+00,1.357051968574523926e+00
7.509999999999999787e+00,1.348926782608032227e+00
7.511000000000000121e+00,1.348301768302917480e+00
7.511999999999999567e+00,1.344551801681518555e+00
7.512999999999999901e+00,1.336739182472229004e+00
7.514000000000000234e+00,1.342676758766174316e+00
7.514999999999999680e+00,1.358301997184753418e+00
7.516000000000000014e+00,1.435490608215332031e+00
7.517000000000000348e+00,1.408615231513977051e+00
7.517999999999999794e+00,1.381739854812622070e+00
7.519000000000000128e+00,1.346739292144775391e+00
7.519999999999999574e+00,1.331114053726196289e+00
7.520999999999999908e+00,1.323926448822021484e+00
7.522000000000000242e+00,1.287675857543945312e+00
7.522999999999999687e+00,1.291113495826721191e+00
7.524000000000000021e+00,1.301426053047180176e+00
7.525000000000000355e+00,1.319863915443420410e+00
7.525999999999999801e+00,1.378927350044250488e+00
7.527000000000000135e+00,1.367052078247070312e+00
7.527999999999999581e+00,1.353614449501037598e+00
7.528999999999999915e+00,1.345489263534545898e+00
7.530000000000000249e+00,1.338926672935485840e+00
7.530999999999999694e+00,1.339239239692687988e+00
7.532000000000000028e+00,1.332676529884338379e+00
7.533000000000000362e+00,1.327051520347595215e+00
7.533999999999999808e+00,1.338926672935485840e+00
7.535000000000000142e+00,1.349551796913146973e+00
7.535999999999999588e+00,1.425490498542785645e+00
7.536999999999999922e+00,1.397677540779113770e+00
7.538000000000000256e+00,1.373614668846130371e+00
7.538999999999999702e+00,1.340176701545715332e+00
7.540000000000000036e+00,1.322051405906677246e+00
7.541000000000000369e+00,1.313926339149475098e+00
7.541999999999999815e+00,1.280175805091857910e+00
7.543000000000000149e+00,1.280800819396972656e+00
7.543999999999999595e+00,1.293613433837890625e+00
7.544999999999999929e+00,1.305488705635070801e+00
7.546000000000000263e+00,1.371427178382873535e+00
7.546999999999999709e+00,1.360489487648010254e+00
7.548000000000000043e+00,1.344864249229431152e+00
7.549000000000000377e+00,1.337989211082458496e+00
7.549999999999999822e+00,1.331426620483398438e+00
7.551000000000000156e+00,1.327676534652709961e+00
7.551999999999999602e+00,1.326113939285278320e+00
7.552999999999999936e+00,1.318301320075988770e+00
7.554000000000000270e+00,1.328926563262939453e+00
7.554999999999999716e+00,1.339239239692687988e+00
7.556000000000000050e+00,1.417365431785583496e+00
7.557000000000000384e+00,1.388614892959594727e+00
7.557999999999999829e+00,1.365489602088928223e+00
7.559000000000000163e+00,1.331114053726196289e+00
7.559999999999999609e+00,1.312988758087158203e+00
7.560999999999999943e+00,1.309238672256469727e+00
7.562000000000000277e+00,1.271738171577453613e+00
7.562999999999999723e+00,1.274238228797912598e+00
7.564000000000000057e+00,1.288613438606262207e+00
7.565000000000000391e+00,1.305488705635070801e+00
7.565999999999999837e+00,1.370802164077758789e+00
7.567000000000000171e+00,1.363302111625671387e+00
7.567999999999999616e+00,1.348614335060119629e+00
7.568999999999999950e+00,1.338926672935485840e+00
7.570000000000000284e+00,1.332989096641540527e+00
7.570999999999999730e+00,1.330801606178283691e+00
7.572000000000000064e+00,1.328301548957824707e+00
7.573000000000000398e+00,1.324239015579223633e+00
7.573999999999999844e+00,1.324551463127136230e+00
7.575000000000000178e+00,1.330801606178283691e+00
7.575999999999999623e+00,1.407990217208862305e+00
7.576999999999999957e+00,1.382677316665649414e+00
7.578000000000000291e+00,1.355489492416381836e+00
7.578999999999999737e+00,1.322988986968994141e+00
7.580000000000000071e+00,1.306113719940185547e+00
7.581000000000000405e+00,1.298613548278808594e+00
7.581999999999999851e+00,1.265175580978393555e+00
7.583000000000000185e+00,1.266425609588623047e+00
7.583999999999999631e+00,1.279863238334655762e+00
7.584999999999999964e+00,1.296738505363464355e+00
7.586000000000000298e+00,1.358614444732666016e+00
7.586999999999999744e+00,1.351426839828491211e+00
7.588000000000000078e+00,1.337051630020141602e+00
7.589000000000000412e+00,1.330489039421081543e+00
7.589999999999999858e+00,1.324551463127136230e+00
7.591000000000000192e+00,1.320176362991333008e+00
7.591999999999999638e+00,1.317676305770874023e+00
7.592999999999999972e+00,1.313301324844360352e+00
7.594000000000000306e+00,1.325488924980163574e+00
7.594999999999999751e+00,1.329864025115966797e+00
7.596000000000000085e+00,1.408615231513977051e+00
7.597000000000000419e+00,1.385489940643310547e+00
7.597999999999999865e+00,1.356114387512207031e+00
7.599000000000000199e+00,1.323614001274108887e+00
7.599999999999999645e+00,1.304551124572753906e+00
7.600999999999999979e+00,1.301113605499267578e+00
7.602000000000000313e+00,1.260488033294677734e+00
7.602999999999999758e+00,1.265800595283508301e+00
7.604000000000000092e+00,1.272675633430480957e+00
7.605000000000000426e+00,1.285800814628601074e+00
7.605999999999999872e+00,1.350801825523376465e+00
7.607000000000000206e+00,1.343301773071289062e+00
7.607999999999999652e+00,1.328613996505737305e+00
7.608999999999999986e+00,1.319863915443420410e+00
7.610000000000000320e+00,1.314551353454589844e+00
7.610999999999999766e+00,1.313613772392272949e+00
7.612000000000000099e+00,1.310176253318786621e+00
7.613000000000000433e+00,1.306426167488098145e+00
7.613999999999999879e+00,1.314238786697387695e+00
7.615000000000000213e+00,1.319551348686218262e+00
7.615999999999999659e+00,1.399240136146545410e+00
7.616999999999999993e+00,1.373614668846130371e+00
7.618000000000000327e+00,1.346426844596862793e+00
7.618999999999999773e+00,1.315488815307617188e+00
7.620000000000000107e+00,1.293926000595092773e+00
7.621000000000000441e+00,1.289238452911376953e+00
7.621999999999999886e+00,1.256112933158874512e+00
7.623000000000000220e+00,1.255487918853759766e+00
7.623999999999999666e+00,1.271738171577453613e+00
7.625000000000000000e+00,1.282675862312316895e+00
7.626000000000000334e+00,1.350489377975463867e+00
7.626999999999999780e+00,1.346739292144775391e+00
7.628000000000000114e+00,1.327051520347595215e+00
7.628999999999999559e+00,1.319863915443420410e+00
7.629999999999999893e+00,1.313926339149475098e+00
7.631000000000000227e+00,1.312988758087158203e+00
7.631999999999999673e+00,1.311738729476928711e+00
7.633000000000000007e+00,1.302051067352294922e+00
7.634000000000000341e+00,1.307363748550415039e+00
7.634999999999999787e+00,1.311113715171813965e+00
7.636000000000000121e+00,1.389552474021911621e+00
7.636999999999999567e+00,1.362052083015441895e+00
7.637999999999999901e+00,1.334551572799682617e+00
7.639000000000000234e+00,1.305176138877868652e+00
7.639999999999999680e+00,1.283925890922546387e+00
7.641000000000000014e+00,1.275800704956054688e+00
7.642000000000000348e+00,1.242362737655639648e+00
7.642999999999999794e+00,1.247362732887268066e+00
7.644000000000000128e+00,1.257675409317016602e+00
7.644999999999999574e+00,1.270800590515136719e+00
7.645999999999999908e+00,1.341426730155944824e+00
7.647000000000000242e+00,1.333614110946655273e+00
7.647999999999999687e+00,1.317051291465759277e+00
7.649000000000000021e+00,1.310488700866699219e+00
7.650000000000000355e+00,1.306426167488098145e+00
7.650999999999999801e+00,1.302676081657409668e+00
7.652000000000000135e+00,1.297988533973693848e+00
7.652999999999999581e+00,1.294551014900207520e+00
7.653999999999999915e+00,1.300801157951354980e+00
7.655000000000000249e+00,1.307363748550415039e+00
7.655999999999999694e+00,1.390489935874938965e+00
7.657000000000000028e+00,1.363302111625671387e+00
7.658000000000000362e+00,1.331739068031311035e+00
7.658999999999999808e+00,1.301738619804382324e+00
7.660000000000000142e+00,1.282675862312316895e+00
7.660999999999999588e+00,1.277675747871398926e+00
7.661999999999999922e+00,1.245175242424011230e+00
7.663000000000000256e+00,1.245175242424011230e+00
7.663999999999999702e+00,1.249550342559814453e+00
7.665000000000000036e+00,1.262987971305847168e+00
7.666000000000000369e+00,1.327676534652709961e+00
7.666999999999999815e+00,1.322988986968994141e+00
7.668000000000000149e+00,1.305801153182983398e+00
7.668999999999999595e+00,1.300801157951354980e+00
7.669999999999999929e+00,1.293613433837890625e+00
7.671000000000000263e+00,1.290800929069519043e+00
7.671999999999999709e+00,1.289238452911376953e+00
7.673000000000000043e+00,1.284550905227661133e+00
7.674000000000000377e+00,1.292675971984863281e+00
7.674999999999999822e+00,1.296113491058349609e+00
7.676000000000000156e+00,1.374864697456359863e+00
7.676999999999999602e+00,1.351739406585693359e+00
7.677999999999999936e+00,1.325176477432250977e+00
7.679000000000000270e+00,1.292675971984863281e+00
7.679999999999999716e+00,1.270175576210021973e+00
7.681000000000000050e+00,1.264237999916076660e+00
7.682000000000000384e+00,1.234550118446350098e+00
7.682999999999999829e+00,1.235175132751464844e+00
7.684000000000000163e+00,1.241112709045410156e+00
7.684999999999999609e+00,1.250800371170043945e+00
7.685999999999999943e+00,1.315801382064819336e+00
7.687000000000000277e+00,1.317988872528076172e+00
7.687999999999999723e+00,1.298613548278808594e+00
7.689000000000000057e+00,1.291425943374633789e+00
7.690000000000000391e+00,1.283613324165344238e+00
7.690999999999999837e+00,1.282675862312316895e+00
7.692000000000000171e+00,1.277050733566284180e+00
7.692999999999999616e+00,1.273925662040710449e+00
7.693999999999999950e+00,1.285488367080688477e+00
7.695000000000000284e+00,1.290488481521606445e+00
7.695999999999999730e+00,1.368302106857299805e+00
7.697000000000000064e+00,1.341426730155944824e+00
7.698000000000000398e+00,1.313926339149475098e+00
7.698999999999999844e+00,1.282675862312316895e+00
7.700000000000000178e+00,1.263300538063049316e+00
7.700999999999999623e+00,1.255175352096557617e+00
7.701999999999999957e+00,1.222674965858459473e+00
7.703000000000000291e+00,1.225487470626831055e+00
7.703999999999999737e+00,1.230800032615661621e+00
7.705000000000000071e+00,1.248612761497497559e+00
7.706000000000000405e+00,1.317363858222961426e+00
7.706999999999999851e+00,1.315176367759704590e+00
7.708000000000000185e+00,1.295801043510437012e+00
7.708999999999999631e+00,1.288300871849060059e+00
7.709999999999999964e+00,1.282988309860229492e+00
7.711000000000000298e+00,1.278613209724426270e+00
7.711999999999999744e+00,1.278300762176513672e+00
7.713000000000000078e+00,1.270488142967224121e+00
7.714000000000000412e+00,1.273300647735595703e+00
7.714999999999999858e+00,1.279863238334655762e+00
7.716000000000000192e+00,1.356426954269409180e+00
7.716999999999999638e+00,1.336739182472229004e+00
7.717999999999999972e+00,1.302988648414611816e+00
7.719000000000000306e+00,1.267363071441650391e+00
7.719999999999999751e+00,1.252050399780273438e+00
7.721000000000000085e+00,1.243300199508666992e+00
7.722000000000000419e+00,1.211112260818481445e+00
7.722999999999999865e+00,1.216424822807312012e+00
7.724000000000000199e+00,1.227362513542175293e+00
7.724999999999999645e+00,1.239862680435180664e+00
7.725999999999999979e+00,1.304551124572753906e+00
7.727000000000000313e+00,1.306426167488098145e+00
7.727999999999999758e+00,1.287675857543945312e+00
7.729000000000000092e+00,1.281425833702087402e+00
7.730000000000000426e+00,1.274238228797912598e+00
7.730999999999999872e+00,1.270800590515136719e+00
7.732000000000000206e+00,1.269238114356994629e+00
7.732999999999999652e+00,1.261425495147705078e+00
7.733999999999999986e+00,1.272050619125366211e+00
7.735000000000000320e+00,1.274550676345825195e+00
7.735999999999999766e+00,1.352989435195922852e+00
7.737000000000000099e+00,1.334551572799682617e+00
7.738000000000000433e+00,1.302988648414611816e+00
7.738999999999999879e+00,1.269550681114196777e+00
7.740000000000000213e+00,1.252362847328186035e+00
7.740999999999999659e+00,1.244862794876098633e+00
7.741999999999999993e+00,1.210799694061279297e+00
7.743000000000000327e+00,1.215799808502197266e+00
7.743999999999999773e+00,1.212674736976623535e+00
7.745000000000000107e+00,1.225799918174743652e+00
7.746000000000000441e+00,1.295488476753234863e+00
7.746999999999999886e+00,1.294863462448120117e+00
7.748000000000000220e+00,1.275488257408142090e+00
7.748999999999999666e+00,1.268613100051879883e+00
7.750000000000000000e+00,1.264863014221191406e+00
7.751000000000000334e+00,1.259550452232360840e+00
7.751999999999999780e+00,1.257362961769104004e+00
7.753000000000000114e+00,1.250800371170043945e+00
7.753999999999999559e+00,1.263300538063049316e+00
7.754999999999999893e+00,1.264550566673278809e+00
7.756000000000000227e+00,1.345801830291748047e+00
7.756999999999999673e+00,1.322363972663879395e+00
7.758000000000000007e+00,1.293300986289978027e+00
7.759000000000000341e+00,1.260175466537475586e+00
7.759999999999999787e+00,1.240175127983093262e+00
7.761000000000000121e+00,1.228299975395202637e+00
7.761999999999999567e+00,1.199862003326416016e+00
7.762999999999999901e+00,1.202362060546875000e+00
7.764000000000000234e+00,1.213612318038940430e+00
7.764999999999999680e+00,1.225174903869628906e+00
7.766000000000000014e+00,1.285488367080688477e+00
7.767000000000000348e+00,1.294238448143005371e+00
7.767999999999999794e+00,1.277988195419311523e+00
7.769000000000000128e+00,1.268613100051879883e+00
7.769999999999999574e+00,1.259550452232360840e+00
7.770999999999999908e+00,1.259238004684448242e+00
7.772000000000000242e+00,1.254862904548645020e+00
7.772999999999999687e+00,1.248612761497497559e+00
7.774000000000000021e+00,1.256112933158874512e+00
7.775000000000000355e+00,1.250800371170043945e+00
7.775999999999999801e+00,1.332051634788513184e+00
7.777000000000000135e+00,1.312676310539245605e+00
7.777999999999999581e+00,1.277675747871398926e+00
7.778999999999999915e+00,1.245487809181213379e+00
7.780000000000000249e+00,1.227987527847290039e+00
7.780999999999999694e+00,1.220487356185913086e+00
7.782000000000000028e+00,1.187986850738525391e+00
7.783000000000000362e+00,1.192361950874328613e+00
7.783999999999999808e+00,1.193924427032470703e+00
7.785000000000000142e+00,1.212674736976623535e+00
7.785999999999999588e+00,1.277050733566284180e+00
7.786999999999999922e+00,1.283300876617431641e+00
7.788000000000000256e+00,1.263925552368164062e+00
7.788999999999999702e+00,1.258612990379333496e+00
7.790000000000000036e+00,1.249237775802612305e+00
7.791000000000000369e+00,1.248925328254699707e+00
7.791999999999999815e+00,1.242050170898437500e+00
7.793000000000000149e+00,1.236425161361694336e+00
7.793999999999999595e+00,1.242987751960754395e+00
7.794999999999999929e+00,1.245487809181213379e+00
7.796000000000000263e+00,1.323301434516906738e+00
7.796999999999999709e+00,1.298301100730895996e+00
7.798000000000000043e+00,1.271113157272338867e+00
7.799000000000000377e+00,1.237362623214721680e+00
7.799999999999999822e+00,1.216112256050109863e+00
7.801000000000000156e+00,1.211112260818481445e+00
7.801999999999999602e+00,1.176424145698547363e+00
7.802999999999999936e+00,1.183299303054809570e+00
7.804000000000000270e+00,1.189236879348754883e+00
7.804999999999999716e+00,1.200174570083618164e+00
7.806000000000000050e+00,1.265175580978393555e+00
7.807000000000000384e+00,1.272988200187683105e+00
7.807999999999999829e+00,1.256112933158874512e+00
7.809000000000000163e+00,1.247362732887268066e+00
7.809999999999999609e+00,1.241112709045410156e+00
7.810999999999999943e+00,1.238300204277038574e+00
7.812000000000000277e+00,1.232987523078918457e+00
7.812999999999999723e+00,1.228924989700317383e+00
7.814000000000000057e+00,1.235487580299377441e+00
7.815000000000000391e+00,1.240800142288208008e+00
7.815999999999999837e+00,1.320176362991333008e+00
7.817000000000000171e+00,1.298926115036010742e+00
7.817999999999999616e+00,1.267050623893737793e+00
7.818999999999999950e+00,1.233925104141235352e+00
7.820000000000000284e+00,1.216424822807312012e+00
7.820999999999999730e+00,1.208924651145935059e+00
7.822000000000000064e+00,1.177049160003662109e+00
7.823000000000000398e+00,1.177674174308776855e+00
7.823999999999999844e+00,1.176424145698547363e+00
7.825000000000000178e+00,1.190486907958984375e+00
7.825999999999999623e+00,1.252050399780273438e+00
7.826999999999999957e+00,1.258300423622131348e+00
7.828000000000000291e+00,1.243925213813781738e+00
7.828999999999999737e+00,1.234550118446350098e+00
7.830000000000000071e+00,1.230175018310546875e+00
7.831000000000000405e+00,1.226112484931945801e+00
7.831999999999999851e+00,1.220799922943115234e+00
7.833000000000000185e+00,1.218612313270568848e+00
7.833999999999999631e+00,1.226737499237060547e+00
7.834999999999999964e+00,1.229237556457519531e+00
7.836000000000000298e+00,1.305488705635070801e+00
7.836999999999999744e+00,1.290175914764404297e+00
7.838000000000000078e+00,1.261113047599792480e+00
7.839000000000000412e+00,1.220799922943115234e+00
7.839999999999999858e+00,1.207987189292907715e+00
7.841000000000000192e+00,1.196112036705017090e+00
7.841999999999999638e+00,1.168611526489257812e+00
7.842999999999999972e+00,1.168924093246459961e+00
7.844000000000000306e+00,1.176424145698547363e+00
7.844999999999999751e+00,1.187674403190612793e+00
7.846000000000000085e+00,1.249237775802612305e+00
7.847000000000000419e+00,1.262987971305847168e+00
7.847999999999999865e+00,1.239862680435180664e+00
7.849000000000000199e+00,1.233925104141235352e+00
7.849999999999999645e+00,1.226737499237060547e+00
7.850999999999999979e+00,1.225487470626831055e+00
7.852000000000000313e+00,1.217049837112426758e+00
7.852999999999999758e+00,1.212049722671508789e+00
7.854000000000000092e+00,1.218612313270568848e+00
7.855000000000000426e+00,1.220174908638000488e+00
7.855999999999999872e+00,1.295176029205322266e+00
7.857000000000000206e+00,1.276738286018371582e+00
7.857999999999999652e+00,1.248925328254699707e+00
7.858999999999999986e+00,1.210487246513366699e+00
7.860000000000000320e+00,1.195487022399902344e+00
7.860999999999999766e+00,1.183299303054809570e+00
7.862000000000000099e+00,1.152361392974853516e+00
7.863000000000000433e+00,1.157673954963684082e+00
7.863999999999999879e+00,1.164236545562744141e+00
7.865000000000000213e+00,1.173924207687377930e+00
7.865999999999999659e+00,1.237050175666809082e+00
7.866999999999999993e+00,1.252362847328186035e+00
7.868000000000000327e+00,1.235487580299377441e+00
7.868999999999999773e+00,1.217674851417541504e+00
7.870000000000000107e+00,1.213924765586853027e+00
7.871000000000000441e+00,1.214237332344055176e+00
7.871999999999999886e+00,1.208299636840820312e+00
7.873000000000000220e+00,1.206424713134765625e+00
7.873999999999999666e+00,1.215174794197082520e+00
7.875000000000000000e+00,1.214862346649169922e+00
7.876000000000000334e+00,1.290488481521606445e+00
7.876999999999999780e+00,1.277050733566284180e+00
7.878000000000000114e+00,1.247362732887268066e+00
7.878999999999999559e+00,1.209549665451049805e+00
7.879999999999999893e+00,1.192361950874328613e+00
7.881000000000000227e+00,1.180486798286437988e+00
7.881999999999999673e+00,1.150798797607421875e+00
7.883000000000000007e+00,1.153611302375793457e+00
7.884000000000000341e+00,1.153611302375793457e+00
7.884999999999999787e+00,1.161423921585083008e+00
7.886000000000000121e+00,1.220174908638000488e+00
7.886999999999999567e+00,1.238300204277038574e+00
7.887999999999999901e+00,1.221737384796142578e+00
7.889000000000000234e+00,1.209237217903137207e+00
7.889999999999999680e+00,1.204862117767333984e+00
7.891000000000000014e+00,1.202362060546875000e+00
7.892000000000000348e+00,1.199237108230590820e+00
7.892999999999999794e+00,1.192361950874328613e+00
7.894000000000000128e+00,1.203612089157104492e+00
7.894999999999999574e+00,1.203612089157104492e+00
7.895999999999999908e+00,1.278925776481628418e+00
7.897000000000000242e+00,1.263300538063049316e+00
7.897999999999999687e+00,1.237675189971923828e+00
7.899000000000000021e+00,1.197049498558044434e+00
7.900000000000000355e+00,1.182986855506896973e+00
7.900999999999999801e+00,1.169861555099487305e+00
7.902000000000000135e+00,1.138611078262329102e+00
7.902999999999999581e+00,1.143923759460449219e+00
7.903999999999999915e+00,1.142986178398132324e+00
7.905000000000000249e+00,1.150486350059509277e+00
7.905999999999999694e+00,1.208612203598022461e+00
7.907000000000000028e+00,1.231112480163574219e+00
7.908000000000000362e+00,1.209862232208251953e+00
7.908999999999999808e+00,1.198924541473388672e+00
7.910000000000000142e+00,1.197362065315246582e+00
7.910999999999999588e+00,1.193299412727355957e+00
7.911999999999999922e+00,1.187049388885498047e+00
7.913000000000000256e+00,1.182986855506896973e+00
7.913999999999999702e+00,1.191111922264099121e+00
7.915000000000000036e+00,1.193299412727355957e+00
7.916000000000000369e+00,1.266738057136535645e+00
7.916999999999999815e+00,1.256737947463989258e+00
7.918000000000000149e+00,1.229550004005432129e+00
7.918999999999999595e+00,1.185486793518066406e+00
7.919999999999999929e+00,1.171736598014831543e+00
7.921000000000000263e+00,1.162048935890197754e+00
7.921999999999999709e+00,1.127985954284667969e+00
7.923000000000000043e+00,1.133298516273498535e+00
7.924000000000000377e+00,1.140798687934875488e+00
7.924999999999999822e+00,1.148298740386962891e+00
7.926000000000000156e+00,1.204549670219421387e+00
7.926999999999999602e+00,1.226424932479858398e+00
7.927999999999999936e+00,1.209237217903137207e+00
7.929000000000000270e+00,1.199237108230590820e+00
7.929999999999999716e+00,1.197049498558044434e+00
7.931000000000000050e+00,1.188924431800842285e+00
7.932000000000000384e+00,1.186736822128295898e+00
7.932999999999999829e+00,1.179861783981323242e+00
7.934000000000000163e+00,1.185174345970153809e+00
7.934999999999999609e+00,1.180486798286437988e+00
7.935999999999999943e+00,1.253300428390502930e+00
7.937000000000000277e+00,1.244862794876098633e+00
7.937999999999999723e+00,1.218924880027770996e+00
7.939000000000000057e+00,1.172674179077148438e+00
7.940000000000000391e+00,1.159236431121826172e+00
7.940999999999999837e+00,1.151423811912536621e+00
7.942000000000000171e+00,1.120173335075378418e+00
7.942999999999999616e+00,1.120798349380493164e+00
7.943999999999999950e+00,1.128298521041870117e+00
7.945000000000000284e+00,1.139548659324645996e+00
7.945999999999999730e+00,1.192361950874328613e+00
7.947000000000000064e+00,1.216737270355224609e+00
7.948000000000000398e+00,1.198612093925476074e+00
7.948999999999999844e+00,1.189861893653869629e+00
7.950000000000000178e+00,1.184549331665039062e+00
7.950999999999999623e+00,1.180799245834350586e+00
7.951999999999999957e+00,1.173924207687377930e+00
7.953000000000000291e+00,1.169861555099487305e+00
7.953999999999999737e+00,1.179861783981323242e+00
7.955000000000000071e+00,1.178924202919006348e+00
7.956000000000000405e+00,1.249862790107727051e+00
7.956999999999999851e+00,1.243612766265869141e+00
7.958000000000000185e+00,1.219237327575683594e+00
7.958999999999999631e+00,1.172361612319946289e+00
7.959999999999999964e+00,1.161111474037170410e+00
7.961000000000000298e+00,1.147048711776733398e+00
7.961999999999999744e+00,1.114860773086547852e+00
7.963000000000000078e+00,1.120485901832580566e+00
7.964000000000000412e+00,1.120485901832580566e+00
7.964999999999999858e+00,1.126735925674438477e+00
7.966000000000000192e+00,1.180174231529235840e+00
7.966999999999999638e+00,1.205487132072448730e+00
7.967999999999999972e+00,1.187049388885498047e+00
7.969000000000000306e+00,1.179236769676208496e+00
7.969999999999999751e+00,1.171111583709716797e+00
7.971000000000000085e+00,1.165486574172973633e+00
7.972000000000000419e+00,1.165174007415771484e+00
7.972999999999999865e+00,1.157986402511596680e+00
7.974000000000000199e+00,1.169861555099487305e+00
7.974999999999999645e+00,1.165799021720886230e+00
7.975999999999999979e+00,1.239862680435180664e+00
7.977000000000000313e+00,1.233300089836120605e+00
7.977999999999999758e+00,1.210799694061279297e+00
7.979000000000000092e+00,1.159861445426940918e+00
7.980000000000000426e+00,1.148298740386962891e+00
7.980999999999999872e+00,1.139548659324645996e+00
7.982000000000000206e+00,1.102985620498657227e+00
7.982999999999999652e+00,1.110798239707946777e+00
7.983999999999999986e+00,1.114548206329345703e+00
7.985000000000000320e+00,1.120798349380493164e+00
7.985999999999999766e+00,1.177674174308776855e+00
7.987000000000000099e+00,1.207362174987792969e+00
7.988000000000000433e+00,1.186736822128295898e+00
7.988999999999999879e+00,1.176424145698547363e+00
7.990000000000000213e+00,1.169549107551574707e+00
7.990999999999999659e+00,1.165486574172973633e+00
7.991999999999999993e+00,1.162048935890197754e+00
7.993000000000000327e+00,1.155798912048339844e+00
7.993999999999999773e+00,1.162361502647399902e+00
7.995000000000000107e+00,1.157361388206481934e+00
7.996000000000000441e+00,1.224237442016601562e+00
7.996999999999999886e+00,1.219862341880798340e+00
7.998000000000000220e+00,1.196424484252929688e+00
7.998999999999999666e+00,1.147361278533935547e+00
8.000000000000000000e+00,1.137986063957214355e+00
8.000999999999999446e+00,1.126423478126525879e+00
8.002000000000000668e+00,1.095173001289367676e+00
8.003000000000000114e+00,1.097985506057739258e+00
8.003999999999999559e+00,1.105485677719116211e+00
8.005000000000000782e+00,1.109860658645629883e+00
8.006000000000000227e+00,1.168611526489257812e+00
8.006999999999999673e+00,1.193611979484558105e+00
8.007999999999999119e+00,1.176736712455749512e+00
8.009000000000000341e+00,1.165486574172973633e+00
8.009999999999999787e+00,1.160174012184143066e+00
8.010999999999999233e+00,1.154236316680908203e+00
8.012000000000000455e+00,1.150798797607421875e+00
8.012999999999999901e+00,1.145798683166503906e+00
8.013999999999999346e+00,1.152361392974853516e+00
8.015000000000000568e+00,1.144861221313476562e+00
8.016000000000000014e+00,1.216737270355224609e+00
8.016999999999999460e+00,1.208924651145935059e+00
8.018000000000000682e+00,1.187674403190612793e+00
8.019000000000000128e+00,1.135173559188842773e+00
8.019999999999999574e+00,1.127985954284667969e+00
8.021000000000000796e+00,1.115173220634460449e+00
8.022000000000000242e+00,1.082985281944274902e+00
8.022999999999999687e+00,1.085172772407531738e+00
8.023999999999999133e+00,1.093922972679138184e+00
8.025000000000000355e+00,1.101110577583312988e+00
8.025999999999999801e+00,1.157361388206481934e+00
8.026999999999999247e+00,1.187049388885498047e+00
8.028000000000000469e+00,1.164236545562744141e+00
8.028999999999999915e+00,1.156111359596252441e+00
8.029999999999999361e+00,1.150798797607421875e+00
8.031000000000000583e+00,1.145486235618591309e+00
8.032000000000000028e+00,1.137673616409301758e+00
8.032999999999999474e+00,1.137673616409301758e+00
8.034000000000000696e+00,1.148923754692077637e+00
8.035000000000000142e+00,1.141736149787902832e+00
8.035999999999999588e+00,1.212674736976623535e+00
8.037000000000000810e+00,1.210799694061279297e+00
8.038000000000000256e+00,1.191111922264099121e+00
8.038999999999999702e+00,1.133611083030700684e+00
8.039999999999999147e+00,1.126423478126525879e+00
8.041000000000000369e+00,1.112985730171203613e+00
8.041999999999999815e+00,1.080172777175903320e+00
8.042999999999999261e+00,1.085797786712646484e+00
8.044000000000000483e+00,1.087985396385192871e+00
8.044999999999999929e+00,1.087672829627990723e+00
8.045999999999999375e+00,1.145173668861389160e+00
8.047000000000000597e+00,1.176111698150634766e+00
8.048000000000000043e+00,1.156423926353454590e+00
8.048999999999999488e+00,1.142361164093017578e+00
8.050000000000000711e+00,1.140798687934875488e+00
8.051000000000000156e+00,1.129235982894897461e+00
8.051999999999999602e+00,1.129548430442810059e+00
8.053000000000000824e+00,1.127360939979553223e+00
8.054000000000000270e+00,1.135486125946044922e+00
8.054999999999999716e+00,1.132361054420471191e+00
8.055999999999999162e+00,1.200174570083618164e+00
8.057000000000000384e+00,1.200487017631530762e+00
8.057999999999999829e+00,1.182674288749694824e+00
8.058999999999999275e+00,1.122048377990722656e+00
8.060000000000000497e+00,1.115798234939575195e+00
8.060999999999999943e+00,1.102673053741455078e+00
8.061999999999999389e+00,1.066735029220581055e+00
8.063000000000000611e+00,1.075797677040100098e+00
8.064000000000000057e+00,1.083610296249389648e+00
8.064999999999999503e+00,1.087672829627990723e+00
8.066000000000000725e+00,1.145486235618591309e+00
8.067000000000000171e+00,1.174236655235290527e+00
8.067999999999999616e+00,1.153298854827880859e+00
8.069000000000000838e+00,1.140173673629760742e+00
8.070000000000000284e+00,1.137361049652099609e+00
8.070999999999999730e+00,1.130798459053039551e+00
8.071999999999999176e+00,1.127048492431640625e+00
8.073000000000000398e+00,1.122985839843750000e+00
8.073999999999999844e+00,1.124860882759094238e+00
8.074999999999999289e+00,1.119235873222351074e+00
8.076000000000000512e+00,1.183924317359924316e+00
8.076999999999999957e+00,1.189549446105957031e+00
8.077999999999999403e+00,1.169549107551574707e+00
8.079000000000000625e+00,1.110173225402832031e+00
8.080000000000000071e+00,1.102985620498657227e+00
8.080999999999999517e+00,1.089860439300537109e+00
8.082000000000000739e+00,1.053297281265258789e+00
8.083000000000000185e+00,1.063609957695007324e+00
8.083999999999999631e+00,1.072047591209411621e+00
8.085000000000000853e+00,1.074547648429870605e+00
8.086000000000000298e+00,1.132673501968383789e+00
8.086999999999999744e+00,1.164861559867858887e+00
8.087999999999999190e+00,1.142673730850219727e+00
8.089000000000000412e+00,1.132361054420471191e+00
8.089999999999999858e+00,1.129548430442810059e+00
8.090999999999999304e+00,1.121735811233520508e+00
8.092000000000000526e+00,1.115798234939575195e+00
8.092999999999999972e+00,1.114235758781433105e+00
8.093999999999999417e+00,1.122048377990722656e+00
8.095000000000000639e+00,1.118298292160034180e+00
8.096000000000000085e+00,1.182674288749694824e+00
8.096999999999999531e+00,1.187361836433410645e+00
8.098000000000000753e+00,1.167049050331115723e+00
8.099000000000000199e+00,1.104860663414001465e+00
8.099999999999999645e+00,1.104548096656799316e+00
8.101000000000000867e+00,1.089860439300537109e+00
8.102000000000000313e+00,1.052359819412231445e+00
8.102999999999999758e+00,1.058297395706176758e+00
8.103999999999999204e+00,1.065485000610351562e+00
8.105000000000000426e+00,1.064234972000122070e+00
8.105999999999999872e+00,1.120173335075378418e+00
8.106999999999999318e+00,1.153923869132995605e+00
8.108000000000000540e+00,1.132048487663269043e+00
8.108999999999999986e+00,1.117048263549804688e+00
8.109999999999999432e+00,1.114860773086547852e+00
8.111000000000000654e+00,1.109860658645629883e+00
8.112000000000000099e+00,1.100172996520996094e+00
8.112999999999999545e+00,1.099547982215881348e+00
8.114000000000000767e+00,1.113298296928405762e+00
8.115000000000000213e+00,1.109860658645629883e+00
8.115999999999999659e+00,1.170799136161804199e+00
8.117000000000000881e+00,1.176424145698547363e+00
8.118000000000000327e+00,1.157361388206481934e+00
8.118999999999999773e+00,1.097673058509826660e+00
8.119999999999999218e+00,1.090485334396362305e+00
8.121000000000000441e+00,1.076735138893127441e+00
8.121999999999999886e+00,1.040172100067138672e+00
8.122999999999999332e+00,1.049547314643859863e+00
8.124000000000000554e+00,1.058297395706176758e+00
8.125000000000000000e+00,1.058922410011291504e+00
8.125999999999999446e+00,1.116110801696777344e+00
8.127000000000000668e+00,1.152673840522766113e+00
8.128000000000000114e+00,1.129548430442810059e+00
8.128999999999999559e+00,1.117048263549804688e+00
8.130000000000000782e+00,1.113923192024230957e+00
8.131000000000000227e+00,1.104235649108886719e+00
8.131999999999999673e+00,1.100485563278198242e+00
8.132999999999999119e+00,1.096423029899597168e+00
8.134000000000000341e+00,1.099860548973083496e+00
8.134999999999999787e+00,1.096423029899597168e+00
8.135999999999999233e+00,1.156423926353454590e+00
8.137000000000000455e+00,1.165799021720886230e+00
8.137999999999999901e+00,1.149236321449279785e+00
8.138999999999999346e+00,1.082360267639160156e+00
8.140000000000000568e+00,1.080485224723815918e+00
8.141000000000000014e+00,1.064547538757324219e+00
8.141999999999999460e+00,1.031109452247619629e+00
8.143000000000000682e+00,1.036109566688537598e+00
8.144000000000000128e+00,1.048609733581542969e+00
8.144999999999999574e+00,1.048609733581542969e+00
8.146000000000000796e+00,1.107673168182373047e+00
8.147000000000000242e+00,1.141423702239990234e+00
8.147999999999999687e+00,1.120173335075378418e+00
8.148999999999999133e+00,1.107985615730285645e+00
8.150000000000000355e+00,1.106735587120056152e+00
8.150999999999999801e+00,1.096735477447509766e+00
8.151999999999999247e+00,1.089547872543334961e+00
8.153000000000000469e+00,1.085485339164733887e+00
8.153999999999999915e+00,1.094547986984252930e+00
8.154999999999999361e+00,1.088922858238220215e+00
8.156000000000000583e+00,1.143923759460449219e+00
8.157000000000000028e+00,1.156736373901367188e+00
8.157999999999999474e+00,1.136111140251159668e+00
8.159000000000000696e+00,1.075485110282897949e+00
8.160000000000000142e+00,1.070485115051269531e+00
8.160999999999999588e+00,1.057672381401062012e+00
8.162000000000000810e+00,1.017359256744384766e+00
8.163000000000000256e+00,1.026109457015991211e+00
8.163999999999999702e+00,1.039859652519226074e+00
8.164999999999999147e+00,1.038922071456909180e+00
8.166000000000000369e+00,1.097673058509826660e+00
8.166999999999999815e+00,1.131736040115356445e+00
8.167999999999999261e+00,1.110485672950744629e+00
8.169000000000000483e+00,1.096110463142395020e+00
8.169999999999999929e+00,1.093297958374023438e+00
8.170999999999999375e+00,1.086735367774963379e+00
8.172000000000000597e+00,1.082047820091247559e+00
8.173000000000000043e+00,1.077360153198242188e+00
8.173999999999999488e+00,1.087047815322875977e+00
8.175000000000000711e+00,1.086110353469848633e+00
8.176000000000000156e+00,1.144236207008361816e+00
8.176999999999999602e+00,1.156111359596252441e+00
8.178000000000000824e+00,1.136736154556274414e+00
8.179000000000000270e+00,1.075485110282897949e+00
8.179999999999999716e+00,1.067672491073608398e+00
8.180999999999999162e+00,1.054547309875488281e+00
8.182000000000000384e+00,1.014234185218811035e+00
8.182999999999999829e+00,1.025171875953674316e+00
8.183999999999999275e+00,1.029859423637390137e+00
8.185000000000000497e+00,1.025796890258789062e+00
8.185999999999999943e+00,1.085172772407531738e+00
8.186999999999999389e+00,1.118298292160034180e+00
8.188000000000000611e+00,1.098610520362854004e+00
8.189000000000000057e+00,1.086422801017761230e+00
8.189999999999999503e+00,1.081422805786132812e+00
8.191000000000000725e+00,1.073610186576843262e+00
8.192000000000000171e+00,1.071110129356384277e+00
8.192999999999999616e+00,1.068610072135925293e+00
8.194000000000000838e+00,1.079547762870788574e+00
8.195000000000000284e+00,1.073922634124755859e+00
8.195999999999999730e+00,1.130173444747924805e+00
8.196999999999999176e+00,1.145173668861389160e+00
8.198000000000000398e+00,1.124548435211181641e+00
8.198999999999999844e+00,1.062984943389892578e+00
8.199999999999999289e+00,1.060797452926635742e+00
8.201000000000000512e+00,1.046109676361083984e+00
8.201999999999999957e+00,1.008609175682067871e+00
8.202999999999999403e+00,1.012671709060668945e+00
8.204000000000000625e+00,1.025171875953674316e+00
8.205000000000000071e+00,1.030797004699707031e+00
8.205999999999999517e+00,1.087985396385192871e+00
8.207000000000000739e+00,1.118923306465148926e+00
8.208000000000000185e+00,1.099547982215881348e+00
8.208999999999999631e+00,1.081110239028930664e+00
8.210000000000000853e+00,1.080172777175903320e+00
8.211000000000000298e+00,1.071422576904296875e+00
8.211999999999999744e+00,1.068922519683837891e+00
8.212999999999999190e+00,1.061422467231750488e+00
8.214000000000000412e+00,1.067985057830810547e+00
8.214999999999999858e+00,1.067047476768493652e+00
8.215999999999999304e+00,1.119548320770263672e+00
8.217000000000000526e+00,1.135173559188842773e+00
8.217999999999999972e+00,1.112985730171203613e+00
8.218999999999999417e+00,1.049234747886657715e+00
8.220000000000000639e+00,1.048609733581542969e+00
8.221000000000000085e+00,1.030484437942504883e+00
8.221999999999999531e+00,9.964214563369750977e-01
8.223000000000000753e+00,1.002359032630920410e+00
8.224000000000000199e+00,1.016109228134155273e+00
8.224999999999999645e+00,1.016734242439270020e+00
8.226000000000000867e+00,1.073610186576843262e+00
8.227000000000000313e+00,1.112985730171203613e+00
8.227999999999999758e+00,1.091110348701477051e+00
8.228999999999999204e+00,1.070485115051269531e+00
8.230000000000000426e+00,1.072360157966613770e+00
8.230999999999999872e+00,1.062984943389892578e+00
8.231999999999999318e+00,1.057672381401062012e+00
8.233000000000000540e+00,1.056109905242919922e+00
8.233999999999999986e+00,1.068922519683837891e+00
8.234999999999999432e+00,1.063922524452209473e+00
8.236000000000000654e+00,1.117360830307006836e+00
8.237000000000000099e+00,1.134236097335815430e+00
8.237999999999999545e+00,1.111110687255859375e+00
8.239000000000000767e+00,1.047672271728515625e+00
8.240000000000000213e+00,1.046734690666198730e+00
8.240999999999999659e+00,1.032359480857849121e+00
8.242000000000000881e+00,9.982964992523193359e-01
8.243000000000000327e+00,1.002046585083007812e+00
8.243999999999999773e+00,1.008296608924865723e+00
8.244999999999999218e+00,1.004546523094177246e+00
8.246000000000000441e+00,1.064547538757324219e+00
8.246999999999999886e+00,1.099235534667968750e+00
8.247999999999999332e+00,1.075797677040100098e+00
8.249000000000000554e+00,1.064234972000122070e+00
8.250000000000000000e+00,1.062984943389892578e+00
8.250999999999999446e+00,1.052047252655029297e+00
8.252000000000000668e+00,1.047672271728515625e+00
8.253000000000000114e+00,1.047359704971313477e+00
8.253999999999999559e+00,1.053297281265258789e+00
8.255000000000000782e+00,1.054859876632690430e+00
8.256000000000000227e+00,1.107985615730285645e+00
8.256999999999999673e+00,1.125173449516296387e+00
8.257999999999999119e+00,1.100798010826110840e+00
8.259000000000000341e+00,1.040484666824340820e+00
8.259999999999999787e+00,1.036734580993652344e+00
8.260999999999999233e+00,1.025484442710876465e+00
8.262000000000000455e+00,9.873588085174560547e-01
8.262999999999999901e+00,9.929838776588439941e-01
8.263999999999999346e+00,1.001421570777893066e+00
8.265000000000000568e+00,9.998590350151062012e-01
8.266000000000000014e+00,1.056422352790832520e+00
8.266999999999999460e+00,1.086422801017761230e+00
8.268000000000000682e+00,1.071110129356384277e+00
8.269000000000000128e+00,1.053609848022460938e+00
8.269999999999999574e+00,1.053609848022460938e+00
8.271000000000000796e+00,1.044234633445739746e+00
8.272000000000000242e+00,1.038297057151794434e+00
8.272999999999999687e+00,1.036422014236450195e+00
8.273999999999999133e+00,1.048297286033630371e+00
8.275000000000000355e+00,1.045797228813171387e+00
8.275999999999999801e+00,1.099860548973083496e+00
8.276999999999999247e+00,1.115173220634460449e+00
8.278000000000000469e+00,1.090485334396362305e+00
8.278999999999999915e+00,1.028609395027160645e+00
8.279999999999999361e+00,1.032359480857849121e+00
8.281000000000000583e+00,1.015484213829040527e+00
8.282000000000000028e+00,9.789211750030517578e-01
8.282999999999999474e+00,9.823587536811828613e-01
8.284000000000000696e+00,9.998590350151062012e-01
8.285000000000000142e+00,9.998590350151062012e-01
8.285999999999999588e+00,1.053922295570373535e+00
8.287000000000000810e+00,1.090172886848449707e+00
8.288000000000000256e+00,1.069547533988952637e+00
8.288999999999999702e+00,1.054547309875488281e+00
8.289999999999999147e+00,1.053297281265258789e+00
8.291000000000000369e+00,1.042359709739685059e+00
8.291999999999999815e+00,1.038922071456909180e+00
8.292999999999999261e+00,1.032672047615051270e+00
8.294000000000000483e+00,1.039859652519226074e+00
8.294999999999999929e+00,1.036422014236450195e+00
8.295999999999999375e+00,1.086422801017761230e+00
8.297000000000000597e+00,1.102985620498657227e+00
8.298000000000000043e+00,1.078610181808471680e+00
8.298999999999999488e+00,1.019859313964843750e+00
8.300000000000000711e+00,1.020796775817871094e+00
8.301000000000000156e+00,1.005171537399291992e+00
8.301999999999999602e+00,9.739211201667785645e-01
8.303000000000000824e+00,9.701710343360900879e-01
8.304000000000000270e+00,9.836087822914123535e-01
8.304999999999999716e+00,9.926713705062866211e-01
8.305999999999999162e+00,1.045484662055969238e+00
8.307000000000000384e+00,1.082985281944274902e+00
8.307999999999999829e+00,1.058297395706176758e+00
8.308999999999999275e+00,1.042359709739685059e+00
8.310000000000000497e+00,1.045172214508056641e+00
8.310999999999999943e+00,1.032359480857849121e+00
8.311999999999999389e+00,1.030797004699707031e+00
8.313000000000000611e+00,1.030484437942504883e+00
8.314000000000000057e+00,1.036734580993652344e+00
8.314999999999999503e+00,1.033609509468078613e+00
8.316000000000000725e+00,1.087985396385192871e+00
8.317000000000000171e+00,1.108298182487487793e+00
8.317999999999999616e+00,1.073610186576843262e+00
8.319000000000000838e+00,1.017984271049499512e+00
8.320000000000000284e+00,1.020484328269958496e+00
8.320999999999999730e+00,1.001421570777893066e+00
8.321999999999999176e+00,9.739211201667785645e-01
8.323000000000000398e+00,9.689210057258605957e-01
8.323999999999999844e+00,9.779836535453796387e-01
8.324999999999999289e+00,9.782961606979370117e-01
8.326000000000000512e+00,1.035172104835510254e+00
8.326999999999999957e+00,1.068610072135925293e+00
8.327999999999999403e+00,1.048922300338745117e+00
8.329000000000000625e+00,1.033922076225280762e+00
8.330000000000000071e+00,1.027984380722045898e+00
8.330999999999999517e+00,1.022984385490417480e+00
8.332000000000000739e+00,1.020796775817871094e+00
8.333000000000000185e+00,1.014546751976013184e+00
8.333999999999999631e+00,1.029234409332275391e+00
8.335000000000000853e+00,1.026109457015991211e+00
8.336000000000000298e+00,1.075485110282897949e+00
8.336999999999999744e+00,1.101423025131225586e+00
8.337999999999999190e+00,1.065485000610351562e+00
8.339000000000000412e+00,1.007046580314636230e+00
8.339999999999999858e+00,1.008296608924865723e+00
8.340999999999999304e+00,9.942339062690734863e-01
8.342000000000000526e+00,9.692335128784179688e-01
8.342999999999999972e+00,9.617334008216857910e-01
8.343999999999999417e+00,9.761086702346801758e-01
8.345000000000000639e+00,9.764211773872375488e-01
8.346000000000000085e+00,1.034234523773193359e+00
8.346999999999999531e+00,1.069235086441040039e+00
8.348000000000000753e+00,1.049234747886657715e+00
8.349000000000000199e+00,1.033297061920166016e+00
8.349999999999999645e+00,1.032047033309936523e+00
8.351000000000000867e+00,1.020484328269958496e+00
8.352000000000000313e+00,1.017046809196472168e+00
8.352999999999999758e+00,1.015796780586242676e+00
8.353999999999999204e+00,1.021734356880187988e+00
8.355000000000000426e+00,1.014859199523925781e+00
8.355999999999999872e+00,1.062984943389892578e+00
8.356999999999999318e+00,1.085485339164733887e+00
8.358000000000000540e+00,1.049234747886657715e+00
8.358999999999999986e+00,9.967339634895324707e-01
8.359999999999999432e+00,9.973589777946472168e-01
8.361000000000000654e+00,9.807962179183959961e-01
8.362000000000000099e+00,9.617334008216857910e-01
8.362999999999999545e+00,9.517332911491394043e-01
8.364000000000000767e+00,9.617334008216857910e-01
8.365000000000000213e+00,9.701710343360900879e-01
8.365999999999999659e+00,1.026109457015991211e+00
8.367000000000000881e+00,1.058297395706176758e+00
8.368000000000000327e+00,1.040172100067138672e+00
8.368999999999999773e+00,1.024234414100646973e+00
8.369999999999999218e+00,1.024859428405761719e+00
8.371000000000000441e+00,1.009859204292297363e+00
8.371999999999999886e+00,1.008609175682067871e+00
8.372999999999999332e+00,1.004546523094177246e+00
8.374000000000000554e+00,1.010484218597412109e+00
8.375000000000000000e+00,1.006421566009521484e+00
8.375999999999999446e+00,1.053922295570373535e+00
8.377000000000000668e+00,1.078922748565673828e+00
8.378000000000000114e+00,1.043609619140625000e+00
8.378999999999999559e+00,9.870463013648986816e-01
8.380000000000000782e+00,9.898588657379150391e-01
8.381000000000000227e+00,9.739211201667785645e-01
8.381999999999999673e+00,9.520457983016967773e-01
8.382999999999999119e+00,9.414206147193908691e-01
8.384000000000000341e+00,9.567333459854125977e-01
8.384999999999999787e+00,9.642334580421447754e-01
8.385999999999999233e+00,1.017359256744384766e+00
8.387000000000000455e+00,1.054234862327575684e+00
8.387999999999999901e+00,1.032359480857849121e+00
8.388999999999999346e+00,1.014859199523925781e+00
8.390000000000000568e+00,1.011734247207641602e+00
8.391000000000000014e+00,1.004234075546264648e+00
8.391999999999999460e+00,1.004546523094177246e+00
8.393000000000000682e+00,9.945464134216308594e-01
8.394000000000000128e+00,1.006734132766723633e+00
8.394999999999999574e+00,1.002671599388122559e+00
8.396000000000000796e+00,1.053297281265258789e+00
8.397000000000000242e+00,1.079547762870788574e+00
8.397999999999999687e+00,1.039859652519226074e+00
8.398999999999999133e+00,9.882963299751281738e-01
8.400000000000000355e+00,9.892338514328002930e-01
8.400999999999999801e+00,9.764211773872375488e-01
8.401999999999999247e+00,9.523583054542541504e-01
8.403000000000000469e+00,9.395455718040466309e-01
8.403999999999999915e+00,9.507957696914672852e-01
8.404999999999999361e+00,9.526708126068115234e-01
8.406000000000000583e+00,1.008921623229980469e+00
8.407000000000000028e+00,1.046422243118286133e+00
8.407999999999999474e+00,1.022046804428100586e+00
8.409000000000000696e+00,1.003921627998352051e+00
8.410000000000000142e+00,1.006734132766723633e+00
8.410999999999999588e+00,9.929838776588439941e-01
8.412000000000000810e+00,9.961089491844177246e-01
8.413000000000000256e+00,9.857962727546691895e-01
8.413999999999999702e+00,9.986090064048767090e-01
8.414999999999999147e+00,9.973589777946472168e-01
8.416000000000000369e+00,1.045172214508056641e+00
8.416999999999999815e+00,1.072360157966613770e+00
8.417999999999999261e+00,1.033609509468078613e+00
8.419000000000000483e+00,9.801712036132812500e-01
8.419999999999999929e+00,9.773586392402648926e-01
8.420999999999999375e+00,9.654834866523742676e-01
8.422000000000000597e+00,9.464206695556640625e-01
8.423000000000000043e+00,9.304829239845275879e-01
8.423999999999999488e+00,9.457956552505493164e-01
8.425000000000000711e+00,9.486082196235656738e-01
8.426000000000000156e+00,1.005796551704406738e+00
8.426999999999999602e+00,1.048922300338745117e+00
8.428000000000000824e+00,1.021421790122985840e+00
8.429000000000000270e+00,1.003921627998352051e+00
8.429999999999999716e+00,1.001734018325805664e+00
8.430999999999999162e+00,9.936088919639587402e-01
8.432000000000000384e+00,9.936088919639587402e-01
8.432999999999999829e+00,9.895463585853576660e-01
8.433999999999999275e+00,9.923588633537292480e-01
8.435000000000000497e+00,9.873588085174560547e-01
8.435999999999999943e+00,1.032047033309936523e+00
8.436999999999999389e+00,1.060797452926635742e+00
8.438000000000000611e+00,1.023296833038330078e+00
8.439000000000000057e+00,9.686085581779479980e-01
8.439999999999999503e+00,9.707960486412048340e-01
8.441000000000000725e+00,9.561083316802978516e-01
8.442000000000000171e+00,9.345455169677734375e-01
8.442999999999999616e+00,9.201703071594238281e-01
8.444000000000000838e+00,9.395455718040466309e-01
8.445000000000000284e+00,9.395455718040466309e-01
8.445999999999999730e+00,9.973589777946472168e-01
8.446999999999999176e+00,1.035796999931335449e+00
8.448000000000000398e+00,1.012671709060668945e+00
8.448999999999999844e+00,9.961089491844177246e-01
8.449999999999999289e+00,9.929838776588439941e-01
8.451000000000000512e+00,9.839212894439697266e-01
8.451999999999999957e+00,9.870463013648986816e-01
8.452999999999999403e+00,9.767336249351501465e-01
8.454000000000000625e+00,9.898588657379150391e-01
8.455000000000000071e+00,9.898588657379150391e-01
8.455999999999999517e+00,1.032047033309936523e+00
8.457000000000000739e+00,1.066110014915466309e+00
8.458000000000000185e+00,1.021734356880187988e+00
8.458999999999999631e+00,9.670460224151611328e-01
8.460000000000000853e+00,9.701710343360900879e-01
8.461000000000000298e+00,9.561083316802978516e-01
8.461999999999999744e+00,9.379830360412597656e-01
8.462999999999999190e+00,9.195452928543090820e-01
8.464000000000000412e+00,9.329829812049865723e-01
8.464999999999999858e+00,9.292329549789428711e-01
8.465999999999999304e+00,9.873588085174560547e-01
8.467000000000000526e+00,1.023921847343444824e+00
8.467999999999999972e+00,1.005796551704406738e+00
8.468999999999999417e+00,9.864212870597839355e-01
8.470000000000000639e+00,9.839212894439697266e-01
8.471000000000000085e+00,9.757961630821228027e-01
8.471999999999999531e+00,9.742336273193359375e-01
8.473000000000000753e+00,9.667335152626037598e-01
8.474000000000000199e+00,9.795461893081665039e-01
8.474999999999999645e+00,9.795461893081665039e-01
8.476000000000000867e+00,1.020171761512756348e+00
8.477000000000000313e+00,1.054234862327575684e+00
8.477999999999999758e+00,1.011109232902526855e+00
8.478999999999999204e+00,9.598584175109863281e-01
8.480000000000000426e+00,9.632959365844726562e-01
8.480999999999999872e+00,9.482957124710083008e-01
8.481999999999999318e+00,9.276704192161560059e-01
8.483000000000000540e+00,9.126701951026916504e-01
8.483999999999999986e+00,9.220452904701232910e-01
8.484999999999999432e+00,9.217328429222106934e-01
8.486000000000000654e+00,9.814212322235107422e-01
8.487000000000000099e+00,1.017359256744384766e+00
8.487999999999999545e+00,9.954839348793029785e-01
8.489000000000000767e+00,9.779836535453796387e-01
8.490000000000000213e+00,9.767336249351501465e-01
8.490999999999999659e+00,9.689210057258605957e-01
8.492000000000000881e+00,9.682960510253906250e-01
8.493000000000000327e+00,9.617334008216857910e-01
8.493999999999999773e+00,9.742336273193359375e-01
8.494999999999999218e+00,9.689210057258605957e-01
8.496000000000000441e+00,1.012671709060668945e+00
8.496999999999999886e+00,1.049234747886657715e+00
8.497999999999999332e+00,1.002671599388122559e+00
8.499000000000000554e+00,9.504832625389099121e-01
8.500000000000000000e+00,9.557958245277404785e-01
8.500999999999999446e+00,9.386080503463745117e-01
8.502000000000000668e+00,9.232953190803527832e-01
8.503000000000000114e+00,9.051700830459594727e-01
8.503999999999999559e+00,9.217328429222106934e-01
8.505000000000000782e+00,9.145451784133911133e-01
8.506000000000000227e+00,9.792336821556091309e-01
8.506999999999999673e+00,1.017984271049499512e+00
8.507999999999999119e+00,9.954839348793029785e-01
8.509000000000000341e+00,9.779836535453796387e-01
8.509999999999999787e+00,9.764211773872375488e-01
8.510999999999999233e+00,9.667335152626037598e-01
8.512000000000000455e+00,9.679835438728332520e-01
8.512999999999999901e+00,9.573583602905273438e-01
8.513999999999999346e+00,9.657959938049316406e-01
8.515000000000000568e+00,9.617334008216857910e-01
8.516000000000000014e+00,1.000483989715576172e+00
8.516999999999999460e+00,1.034859538078308105e+00
8.518000000000000682e+00,9.961089491844177246e-01
8.519000000000000128e+00,9.414206147193908691e-01
8.519999999999999574e+00,9.454831480979919434e-01
8.521000000000000796e+00,9.286079406738281250e-01
8.522000000000000242e+00,9.114201664924621582e-01
8.522999999999999687e+00,8.948574066162109375e-01
8.523999999999999133e+00,9.104826450347900391e-01
8.525000000000000355e+00,9.120451807975769043e-01
8.525999999999999801e+00,9.726710915565490723e-01
8.526999999999999247e+00,1.009234189987182617e+00
8.528000000000000469e+00,9.848587512969970703e-01
8.528999999999999915e+00,9.711085557937622070e-01
8.529999999999999361e+00,9.689210057258605957e-01
8.531000000000000583e+00,9.589208960533142090e-01
8.532000000000000028e+00,9.579833745956420898e-01
8.532999999999999474e+00,9.545457959175109863e-01
8.534000000000000696e+00,9.639209508895874023e-01
8.535000000000000142e+00,9.617334008216857910e-01
8.535999999999999588e+00,1.002046585083007812e+00
8.537000000000000810e+00,1.038922071456909180e+00
8.538000000000000256e+00,9.986090064048767090e-01
8.538999999999999702e+00,9.439206719398498535e-01
8.539999999999999147e+00,9.448581933975219727e-01
8.541000000000000369e+00,9.267328977584838867e-01
8.541999999999999815e+00,9.179827570915222168e-01
8.542999999999999261e+00,8.889198303222656250e-01
8.544000000000000483e+00,9.061076045036315918e-01
8.544999999999999929e+00,8.995449542999267578e-01
8.545999999999999375e+00,9.598584175109863281e-01
8.547000000000000597e+00,1.003921627998352051e+00
8.548000000000000043e+00,9.773586392402648926e-01
8.548999999999999488e+00,9.611083865165710449e-01
8.550000000000000711e+00,9.582958817481994629e-01
8.551000000000000156e+00,9.489207267761230469e-01
8.551999999999999602e+00,9.523583054542541504e-01
8.553000000000000824e+00,9.432956576347351074e-01
8.554000000000000270e+00,9.551708102226257324e-01
8.554999999999999716e+00,9.532957673072814941e-01
8.555999999999999162e+00,9.932963848114013672e-01
8.557000000000000384e+00,1.030484437942504883e+00
8.557999999999999829e+00,9.898588657379150391e-01
8.558999999999999275e+00,9.348580241203308105e-01
8.560000000000000497e+00,9.392330646514892578e-01
8.560999999999999943e+00,9.204828143119812012e-01
8.561999999999999389e+00,9.054825901985168457e-01
8.563000000000000611e+00,8.817322254180908203e-01
8.564000000000000057e+00,9.026700258255004883e-01
8.564999999999999503e+00,8.982949852943420410e-01
8.566000000000000725e+00,9.592334032058715820e-01
8.567000000000000171e+00,1.002984046936035156e+00
8.567999999999999616e+00,9.814212322235107422e-01
8.569000000000000838e+00,9.617334008216857910e-01
8.570000000000000284e+00,9.589208960533142090e-01
8.570999999999999730e+00,9.473581910133361816e-01
8.571999999999999176e+00,9.486082196235656738e-01
8.573000000000000398e+00,9.445456862449645996e-01
8.573999999999999844e+00,9.479832053184509277e-01
8.574999999999999289e+00,9.423581361770629883e-01
8.576000000000000512e+00,9.801712036132812500e-01
8.576999999999999957e+00,1.020484328269958496e+00
8.577999999999999403e+00,9.786086678504943848e-01
8.579000000000000625e+00,9.276704192161560059e-01
8.580000000000000071e+00,9.267328977584838867e-01
8.580999999999999517e+00,9.092326164245605469e-01
8.582000000000000739e+00,8.982949852943420410e-01
8.583000000000000185e+00,8.757945895195007324e-01
8.583999999999999631e+00,8.961074352264404297e-01
8.585000000000000853e+00,8.892323374748229980e-01
8.586000000000000298e+00,9.545457959175109863e-01
8.586999999999999744e+00,9.932963848114013672e-01
8.587999999999999190e+00,9.692335128784179688e-01
8.589000000000000412e+00,9.520457983016967773e-01
8.589999999999999858e+00,9.532957673072814941e-01
8.590999999999999304e+00,9.398580789566040039e-01
8.592000000000000526e+00,9.417331218719482422e-01
8.592999999999999972e+00,9.317329525947570801e-01
8.593999999999999417e+00,9.464206695556640625e-01
8.595000000000000639e+00,9.426706433296203613e-01
8.596000000000000085e+00,9.817337393760681152e-01
8.596999999999999531e+00,1.025796890258789062e+00
8.598000000000000753e+00,9.817337393760681152e-01
8.599000000000000199e+00,9.276704192161560059e-01
8.599999999999999645e+00,9.307954311370849609e-01
8.601000000000000867e+00,9.107951521873474121e-01
8.602000000000000313e+00,8.967324495315551758e-01
8.602999999999999758e+00,8.723570704460144043e-01
8.603999999999999204e+00,8.876698017120361328e-01
8.605000000000000426e+00,8.798571825027465820e-01
8.605999999999999872e+00,9.389205574989318848e-01
8.606999999999999318e+00,9.836087822914123535e-01
8.608000000000000540e+00,9.607959389686584473e-01
8.608999999999999986e+00,9.420456290245056152e-01
8.609999999999999432e+00,9.426706433296203613e-01
8.611000000000000654e+00,9.314204454421997070e-01
8.612000000000000099e+00,9.357955455780029297e-01
8.612999999999999545e+00,9.232953190803527832e-01
8.614000000000000767e+00,9.345455169677734375e-01
8.615000000000000213e+00,9.332954883575439453e-01
8.615999999999999659e+00,9.701710343360900879e-01
8.617000000000000881e+00,1.017984271049499512e+00
8.618000000000000327e+00,9.732961058616638184e-01
8.618999999999999773e+00,9.182952642440795898e-01
8.619999999999999218e+00,9.182952642440795898e-01
8.621000000000000441e+00,9.051700830459594727e-01
8.621999999999999886e+00,8.879823088645935059e-01
8.622999999999999332e+00,8.636069297790527344e-01
8.624000000000000554e+00,8.804821968078613281e-01
8.625000000000000000e+00,8.757945895195007324e-01
8.625999999999999446e+00,9.317329525947570801e-01
8.627000000000000668e+00,9.767336249351501465e-01
8.628000000000000114e+00,9.548583030700683594e-01
8.628999999999999559e+00,9.342330098152160645e-01
8.630000000000000782e+00,9.351705312728881836e-01
8.631000000000000227e+00,9.267328977584838867e-01
8.631999999999999673e+00,9.248578548431396484e-01
8.632999999999999119e+00,9.170452356338500977e-01
8.634000000000000341e+00,9.307954311370849609e-01
8.634999999999999787e+00,9.282954335212707520e-01
8.635999999999999233e+00,9.648584723472595215e-01
8.637000000000000455e+00,1.006734132766723633e+00
8.637999999999999901e+00,9.673585295677185059e-01
8.638999999999999346e+00,9.139202237129211426e-01
8.640000000000000568e+00,9.139202237129211426e-01
8.641000000000000014e+00,8.954824209213256836e-01
8.641999999999999460e+00,8.854822516441345215e-01
8.643000000000000682e+00,8.567318320274353027e-01
8.644000000000000128e+00,8.773571252822875977e-01
8.644999999999999574e+00,8.723570704460144043e-01
8.646000000000000796e+00,9.354830384254455566e-01
8.647000000000000242e+00,9.795461893081665039e-01
8.647999999999999687e+00,9.536082744598388672e-01
8.648999999999999133e+00,9.367330670356750488e-01
8.650000000000000355e+00,9.339205026626586914e-01
8.650999999999999801e+00,9.242328405380249023e-01
8.651999999999999247e+00,9.251703619956970215e-01
8.653000000000000469e+00,9.192327857017517090e-01
8.653999999999999915e+00,9.223577976226806641e-01
8.654999999999999361e+00,9.204828143119812012e-01
8.656000000000000583e+00,9.539207816123962402e-01
8.657000000000000028e+00,1.000483989715576172e+00
8.657999999999999474e+00,9.598584175109863281e-01
8.659000000000000696e+00,9.054825901985168457e-01
8.660000000000000142e+00,9.039200544357299805e-01
8.660999999999999588e+00,8.861072659492492676e-01
8.662000000000000810e+00,8.748571276664733887e-01
8.663000000000000256e+00,8.470441699028015137e-01
8.663999999999999702e+00,8.689194917678833008e-01
8.664999999999999147e+00,8.632944226264953613e-01
8.666000000000000369e+00,9.257953763008117676e-01
8.666999999999999815e+00,9.692335128784179688e-01
8.667999999999999261e+00,9.498582482337951660e-01
8.669000000000000483e+00,9.320454597473144531e-01
8.669999999999999929e+00,9.267328977584838867e-01
8.670999999999999375e+00,9.167327284812927246e-01
8.672000000000000597e+00,9.195452928543090820e-01
8.673000000000000043e+00,9.120451807975769043e-01
8.673999999999999488e+00,9.214203357696533203e-01
8.675000000000000711e+00,9.179827570915222168e-01
8.676000000000000156e+00,9.542332887649536133e-01
8.676999999999999602e+00,1.000171542167663574e+00
8.678000000000000824e+00,9.592334032058715820e-01
8.679000000000000270e+00,9.089201092720031738e-01
8.679999999999999716e+00,9.014199972152709961e-01
8.680999999999999162e+00,8.886073231697082520e-01
8.682000000000000384e+00,8.779821395874023438e-01
8.682999999999999829e+00,8.445441126823425293e-01
8.683999999999999275e+00,8.642319440841674805e-01
8.685000000000000497e+00,8.567318320274353027e-01
8.685999999999999943e+00,9.142326712608337402e-01
8.686999999999999389e+00,9.589208960533142090e-01
8.688000000000000611e+00,9.386080503463745117e-01
8.689000000000000057e+00,9.229828119277954102e-01
8.689999999999999503e+00,9.192327857017517090e-01
8.691000000000000725e+00,9.111076593399047852e-01
8.692000000000000171e+00,9.107951521873474121e-01
8.692999999999999616e+00,9.029825329780578613e-01
8.694000000000000838e+00,9.117326736450195312e-01
8.695000000000000284e+00,9.123576879501342773e-01
8.695999999999999730e+00,9.473581910133361816e-01
8.696999999999999176e+00,9.901713728904724121e-01
8.698000000000000398e+00,9.536082744598388672e-01
8.698999999999999844e+00,9.026700258255004883e-01
8.699999999999999289e+00,8.948574066162109375e-01
8.701000000000000512e+00,8.801696896553039551e-01
8.701999999999999957e+00,8.673569560050964355e-01
8.702999999999999403e+00,8.407940864562988281e-01
8.704000000000000625e+00,8.589193820953369141e-01
8.705000000000000071e+00,8.548567891120910645e-01
8.705999999999999517e+00,9.164202213287353516e-01
8.707000000000000739e+00,9.636084437370300293e-01
8.708000000000000185e+00,9.389205574989318848e-01
8.708999999999999631e+00,9.223577976226806641e-01
8.710000000000000853e+00,9.223577976226806641e-01
8.711000000000000298e+00,9.079825878143310547e-01
8.711999999999999744e+00,9.107951521873474121e-01
8.712999999999999190e+00,9.007949829101562500e-01
8.714000000000000412e+00,9.048575758934020996e-01
8.714999999999999858e+00,9.023575186729431152e-01
8.715999999999999304e+00,9.320454597473144531e-01
8.717000000000000526e+00,9.829837679862976074e-01
8.717999999999999972e+00,9.461081624031066895e-01
8.718999999999999417e+00,8.936073780059814453e-01
8.720000000000000639e+00,8.842322230339050293e-01
8.721000000000000085e+00,8.745446205139160156e-01
8.721999999999999531e+00,8.586068749427795410e-01
8.723000000000000753e+00,8.304814100265502930e-01
8.724000000000000199e+00,8.511067628860473633e-01
8.724999999999999645e+00,8.492317199707031250e-01
8.726000000000000867e+00,9.082950949668884277e-01
8.727000000000000313e+00,9.545457959175109863e-01
8.727999999999999758e+00,9.307954311370849609e-01
8.728999999999999204e+00,9.151701927185058594e-01
8.730000000000000426e+00,9.111076593399047852e-01
8.730999999999999872e+00,9.032950401306152344e-01
8.731999999999999318e+00,9.039200544357299805e-01
8.733000000000000540e+00,8.936073780059814453e-01
8.733999999999999986e+00,8.970449566841125488e-01
8.734999999999999432e+00,8.961074352264404297e-01
8.736000000000000654e+00,9.257953763008117676e-01
8.737000000000000099e+00,9.748586416244506836e-01
8.737999999999999545e+00,9.376705288887023926e-01
8.739000000000000767e+00,8.892323374748229980e-01
8.740000000000000213e+00,8.804821968078613281e-01
8.740999999999999659e+00,8.626694083213806152e-01
8.742000000000000881e+00,8.539192676544189453e-01
8.743000000000000327e+00,8.226687908172607422e-01
8.743999999999999773e+00,8.432941436767578125e-01
8.744999999999999218e+00,8.470441699028015137e-01
8.746000000000000441e+00,9.004824757575988770e-01
8.746999999999999886e+00,9.486082196235656738e-01
8.747999999999999332e+00,9.279829263687133789e-01
8.749000000000000554e+00,9.086076021194458008e-01
8.750000000000000000e+00,9.032950401306152344e-01
8.750999999999999446e+00,8.945448994636535645e-01
8.752000000000000668e+00,8.982949852943420410e-01
8.753000000000000114e+00,8.926698565483093262e-01
8.753999999999999559e+00,8.976699709892272949e-01
8.755000000000000782e+00,8.979824781417846680e-01
8.756000000000000227e+00,9.232953190803527832e-01
8.756999999999999673e+00,9.795461893081665039e-01
8.757999999999999119e+00,9.407956004142761230e-01
8.759000000000000341e+00,8.942323923110961914e-01
8.759999999999999787e+00,8.832947015762329102e-01
8.760999999999999233e+00,8.632944226264953613e-01
8.762000000000000455e+00,8.551692962646484375e-01
8.762999999999999901e+00,8.204812407493591309e-01
8.763999999999999346e+00,8.404815793037414551e-01
8.765000000000000568e+00,8.351690173149108887e-01
8.766000000000000014e+00,8.854822516441345215e-01
8.766999999999999460e+00,9.379830360412597656e-01
8.768000000000000682e+00,9.198578000068664551e-01
8.769000000000000128e+00,8.982949852943420410e-01
8.769999999999999574e+00,8.964199423789978027e-01
8.771000000000000796e+00,8.879823088645935059e-01
8.772000000000000242e+00,8.879823088645935059e-01
8.772999999999999687e+00,8.817322254180908203e-01
8.773999999999999133e+00,8.914198279380798340e-01
8.775000000000000355e+00,8.898573517799377441e-01
8.775999999999999801e+00,9.170452356338500977e-01
8.776999999999999247e+00,9.723585844039916992e-01
8.778000000000000469e+00,9.367330670356750488e-01
8.778999999999999915e+00,8.904823660850524902e-01
8.779999999999999361e+00,8.761070966720581055e-01
8.781000000000000583e+00,8.611068725585937500e-01
8.782000000000000028e+00,8.489192128181457520e-01
8.782999999999999474e+00,8.107936382293701172e-01
8.784000000000000696e+00,8.351690173149108887e-01
8.785000000000000142e+00,8.395440578460693359e-01
8.785999999999999588e+00,8.898573517799377441e-01
8.787000000000000810e+00,9.401705861091613770e-01
8.788000000000000256e+00,9.198578000068664551e-01
8.788999999999999702e+00,9.029825329780578613e-01
8.789999999999999147e+00,8.957949280738830566e-01
8.791000000000000369e+00,8.864197731018066406e-01
8.791999999999999815e+00,8.870447874069213867e-01
8.792999999999999261e+00,8.826697468757629395e-01
8.794000000000000483e+00,8.801696896553039551e-01
8.794999999999999929e+00,8.826697468757629395e-01
8.795999999999999375e+00,9.032950401306152344e-01
8.797000000000000597e+00,9.661085009574890137e-01
8.798000000000000043e+00,9.273579120635986328e-01
8.798999999999999488e+00,8.804821968078613281e-01
8.800000000000000711e+00,8.654819726943969727e-01
8.801000000000000156e+00,8.492317199707031250e-01
8.801999999999999602e+00,8.423566222190856934e-01
8.803000000000000824e+00,8.061060309410095215e-01
8.804000000000000270e+00,8.286063671112060547e-01
8.804999999999999716e+00,8.286063671112060547e-01
8.805999999999999162e+00,8.829821944236755371e-01
8.807000000000000384e+00,9.342330098152160645e-01
8.807999999999999829e+00,9.117326736450195312e-01
8.808999999999999275e+00,8.951699137687683105e-01
8.810000000000000497e+00,8.882948160171508789e-01
8.810999999999999943e+00,8.826697468757629395e-01
8.811999999999999389e+00,8.801696896553039551e-01
8.813000000000000611e+00,8.704820275306701660e-01
8.814000000000000057e+00,8.807947039604187012e-01
8.814999999999999503e+00,8.836072087287902832e-01
8.816000000000000725e+00,9.067325592041015625e-01
8.817000000000000171e+00,9.667335152626037598e-01
8.817999999999999616e+00,9.292329549789428711e-01
8.819000000000000838e+00,8.839197158813476562e-01
8.820000000000000284e+00,8.667320013046264648e-01
8.820999999999999730e+00,8.511067628860473633e-01
8.821999999999999176e+00,8.423566222190856934e-01
8.823000000000000398e+00,8.064185380935668945e-01
8.823999999999999844e+00,8.232938051223754883e-01
8.824999999999999289e+00,8.214187622070312500e-01
8.826000000000000512e+00,8.704820275306701660e-01
8.826999999999999957e+00,9.248578548431396484e-01
8.827999999999999403e+00,9.007949829101562500e-01
8.829000000000000625e+00,8.892323374748229980e-01
8.830000000000000071e+00,8.795446753501892090e-01
8.830999999999999517e+00,8.739196062088012695e-01
8.832000000000000739e+00,8.714195489883422852e-01
8.833000000000000185e+00,8.670445084571838379e-01
8.833999999999999631e+00,8.754820823669433594e-01
8.835000000000000853e+00,8.736070990562438965e-01
8.836000000000000298e+00,8.951699137687683105e-01
8.836999999999999744e+00,9.589208960533142090e-01
8.837999999999999190e+00,9.204828143119812012e-01
8.839000000000000412e+00,8.767321109771728516e-01
8.839999999999999858e+00,8.579818606376647949e-01
8.840999999999999304e+00,8.442316055297851562e-01
8.842000000000000526e+00,8.357940316200256348e-01
8.842999999999999972e+00,7.992309331893920898e-01
8.843999999999999417e+00,8.157936930656433105e-01
8.845000000000000639e+00,8.195437788963317871e-01
8.846000000000000085e+00,8.629819154739379883e-01
8.846999999999999531e+00,9.173577427864074707e-01
8.848000000000000753e+00,8.954824209213256836e-01
8.849000000000000199e+00,8.829821944236755371e-01
8.849999999999999645e+00,8.748571276664733887e-01
8.851000000000000867e+00,8.639194369316101074e-01
8.852000000000000313e+00,8.686069846153259277e-01
8.852999999999999758e+00,8.573568463325500488e-01
8.853999999999999204e+00,8.686069846153259277e-01
8.855000000000000426e+00,8.673569560050964355e-01
8.855999999999999872e+00,8.882948160171508789e-01
8.856999999999999318e+00,9.495457410812377930e-01
8.858000000000000540e+00,9.179827570915222168e-01
8.858999999999999986e+00,8.773571252822875977e-01
8.859999999999999432e+00,8.548567891120910645e-01
8.861000000000000654e+00,8.379815220832824707e-01
8.862000000000000099e+00,8.317314386367797852e-01
8.862999999999999545e+00,7.942308783531188965e-01
8.864000000000000767e+00,8.170437216758728027e-01
8.865000000000000213e+00,8.236063122749328613e-01
8.865999999999999659e+00,8.654819726943969727e-01
8.867000000000000881e+00,9.182952642440795898e-01
8.868000000000000327e+00,8.986074328422546387e-01
8.868999999999999773e+00,8.895448446273803711e-01
8.869999999999999218e+00,8.782946467399597168e-01
8.871000000000000441e+00,8.632944226264953613e-01
8.871999999999999886e+00,8.651694655418395996e-01
8.872999999999999332e+00,8.642319440841674805e-01
8.874000000000000554e+00,8.611068725585937500e-01
8.875000000000000000e+00,8.586068749427795410e-01
8.875999999999999446e+00,8.767321109771728516e-01
8.877000000000000668e+00,9.442331790924072266e-01
8.878000000000000114e+00,9.086076021194458008e-01
8.878999999999999559e+00,8.679819703102111816e-01
8.880000000000000782e+00,8.464191555976867676e-01
8.881000000000000227e+00,8.282938599586486816e-01
8.881999999999999673e+00,8.211062550544738770e-01
8.882999999999999119e+00,7.864182591438293457e-01
8.884000000000000341e+00,8.076685667037963867e-01
8.884999999999999787e+00,8.176687359809875488e-01
8.885999999999999233e+00,8.576693534851074219e-01
8.887000000000000455e+00,9.101701378822326660e-01
8.887999999999999901e+00,8.936073780059814453e-01
8.888999999999999346e+00,8.767321109771728516e-01
8.890000000000000568e+00,8.676694631576538086e-01
8.891000000000000014e+00,8.598568439483642578e-01
8.891999999999999460e+00,8.570443391799926758e-01
8.893000000000000682e+00,8.539192676544189453e-01
8.894000000000000128e+00,8.601693511009216309e-01
8.894999999999999574e+00,8.629819154739379883e-01
8.896000000000000796e+00,8.767321109771728516e-01
8.897000000000000242e+00,9.439206719398498535e-01
8.897999999999999687e+00,9.126701951026916504e-01
8.898999999999999133e+00,8.717320561408996582e-01
8.900000000000000355e+00,8.461066484451293945e-01
8.900999999999999801e+00,8.289188742637634277e-01
8.901999999999999247e+00,8.223562836647033691e-01
8.903000000000000469e+00,7.895432710647583008e-01
8.903999999999999915e+00,8.029810190200805664e-01
8.904999999999999361e+00,8.079810738563537598e-01
8.906000000000000583e+00,8.439190983772277832e-01
8.907000000000000028e+00,9.011074900627136230e-01
8.907999999999999474e+00,8.814197182655334473e-01
8.909000000000000696e+00,8.686069846153259277e-01
8.910000000000000142e+00,8.607943654060363770e-01
8.910999999999999588e+00,8.529817461967468262e-01
8.912000000000000810e+00,8.523567318916320801e-01
8.913000000000000256e+00,8.457941412925720215e-01
8.913999999999999702e+00,8.492317199707031250e-01
8.914999999999999147e+00,8.601693511009216309e-01
8.916000000000000369e+00,8.707945346832275391e-01
8.916999999999999815e+00,9.354830384254455566e-01
8.917999999999999261e+00,9.086076021194458008e-01
8.919000000000000483e+00,8.676694631576538086e-01
8.919999999999999929e+00,8.411065936088562012e-01
8.920999999999999375e+00,8.204812407493591309e-01
8.922000000000000597e+00,8.170437216758728027e-01
8.923000000000000043e+00,7.804806828498840332e-01
8.923999999999999488e+00,7.986059188842773438e-01
8.925000000000000711e+00,8.107936382293701172e-01
8.926000000000000156e+00,8.451691269874572754e-01
8.926999999999999602e+00,9.029825329780578613e-01
8.928000000000000824e+00,8.867322802543640137e-01
8.929000000000000270e+00,8.698570132255554199e-01
8.929999999999999716e+00,8.607943654060363770e-01
8.930999999999999162e+00,8.523567318916320801e-01
8.932000000000000384e+00,8.507942557334899902e-01
8.932999999999999829e+00,8.467316627502441406e-01
8.933999999999999275e+00,8.498567342758178711e-01
8.935000000000000497e+00,8.467316627502441406e-01
8.935999999999999943e+00,8.576693534851074219e-01
8.936999999999999389e+00,9.279829263687133789e-01
8.938000000000000611e+00,8.979824781417846680e-01
8.939000000000000057e+00,8.576693534851074219e-01
8.939999999999999503e+00,8.317314386367797852e-01
8.941000000000000725e+00,8.145436644554138184e-01
8.942000000000000171e+00,8.095436096191406250e-01
8.942999999999999616e+00,7.723555564880371094e-01
8.944000000000000838e+00,7.942308783531188965e-01
8.945000000000000284e+00,8.076685667037963867e-01
8.945999999999999730e+00,8.364189863204956055e-01
8.946999999999999176e+00,8.964199423789978027e-01
8.948000000000000398e+00,8.807947039604187012e-01
8.948999999999999844e+00,8.623569011688232422e-01
8.949999999999999289e+00,8.539192676544189453e-01
8.951000000000000512e+00,8.467316627502441406e-01
8.951999999999999957e+00,8.464191555976867676e-01
8.952999999999999403e+00,8.386065363883972168e-01
8.954000000000000625e+00,8.407940864562988281e-01
8.955000000000000071e+00,8.426691293716430664e-01
8.955999999999999517e+00,8.473566770553588867e-01
8.957000000000000739e+00,9.207953214645385742e-01
8.958000000000000185e+00,8.926698565483093262e-01
8.958999999999999631e+00,8.557943105697631836e-01
8.960000000000000853e+00,8.264188766479492188e-01
8.961000000000000298e+00,8.067310452461242676e-01
8.961999999999999744e+00,8.020434975624084473e-01
8.962999999999999190e+00,7.682929635047912598e-01
8.964000000000000412e+00,7.889183163642883301e-01
8.964999999999999858e+00,8.042310476303100586e-01
8.965999999999999304e+00,8.314189314842224121e-01
8.967000000000000526e+00,8.904823660850524902e-01
8.967999999999999972e+00,8.754820823669433594e-01
8.968999999999999417e+00,8.570443391799926758e-01
8.970000000000000639e+00,8.495442271232604980e-01
8.971000000000000085e+00,8.414191007614135742e-01
8.971999999999999531e+00,8.382940292358398438e-01
8.973000000000000753e+00,8.339189887046813965e-01
8.974000000000000199e+00,8.376690149307250977e-01
8.974999999999999645e+00,8.423566222190856934e-01
8.976000000000000867e+00,8.523567318916320801e-01
8.977000000000000313e+00,9.226703047752380371e-01
8.977999999999999758e+00,8.942323923110961914e-01
8.978999999999999204e+00,8.570443391799926758e-01
8.980000000000000426e+00,8.232938051223754883e-01
8.980999999999999872e+00,8.104811310768127441e-01
8.981999999999999318e+00,8.067310452461242676e-01
8.983000000000000540e+00,7.717305421829223633e-01
8.983999999999999986e+00,7.842307090759277344e-01
8.984999999999999432e+00,7.936058640480041504e-01
8.986000000000000654e+00,8.189187645912170410e-01
8.987000000000000099e+00,8.801696896553039551e-01
8.987999999999999545e+00,8.657944798469543457e-01
8.989000000000000767e+00,8.479816913604736328e-01
8.990000000000000213e+00,8.389190435409545898e-01
8.990999999999999659e+00,8.307939171791076660e-01
8.992000000000000881e+00,8.307939171791076660e-01
8.993000000000000327e+00,8.279814124107360840e-01
8.993999999999999773e+00,8.301689028739929199e-01
8.994999999999999218e+00,8.357940316200256348e-01
8.996000000000000441e+00,8.432941436767578125e-01
8.996999999999999886e+00,9.182952642440795898e-01
8.997999999999999332e+00,8.861072659492492676e-01
8.999000000000000554e+00,8.554818034172058105e-01
9.000000000000000000e+00,8.214187622070312500e-01
9.000999999999999446e+00,8.011059761047363281e-01
9.002000000000000668e+00,7.970433831214904785e-01
9.003000000000000114e+00,7.623553872108459473e-01
9.003999999999999559e+00,7.817306518554687500e-01
9.005000000000000782e+00,7.957934141159057617e-01
9.006000000000000227e+00,8.207937479019165039e-01
9.006999999999999673e+00,8.829821944236755371e-01
9.007999999999999119e+00,8.676694631576538086e-01
9.009000000000000341e+00,8.511067628860473633e-01
9.009999999999999787e+00,8.420441150665283203e-01
9.010999999999999233e+00,8.314189314842224121e-01
9.012000000000000455e+00,8.311064243316650391e-01
9.012999999999999901e+00,8.273563981056213379e-01
9.013999999999999346e+00,8.264188766479492188e-01
9.015000000000000568e+00,8.289188742637634277e-01
9.016000000000000014e+00,8.326689600944519043e-01
9.016999999999999460e+00,9.079825878143310547e-01
9.018000000000000682e+00,8.789196610450744629e-01
9.019000000000000128e+00,8.457941412925720215e-01
9.019999999999999574e+00,8.111061453819274902e-01
9.021000000000000796e+00,7.926683425903320312e-01
9.022000000000000242e+00,7.926683425903320312e-01
9.022999999999999687e+00,7.548552751541137695e-01
9.023999999999999133e+00,7.739180326461791992e-01
9.025000000000000355e+00,7.889183163642883301e-01
9.025999999999999801e+00,8.120436668395996094e-01
9.026999999999999247e+00,8.751695752143859863e-01
9.028000000000000469e+00,8.592318892478942871e-01
9.028999999999999915e+00,8.420441150665283203e-01
9.029999999999999361e+00,8.329814672470092773e-01
9.031000000000000583e+00,8.264188766479492188e-01
9.032000000000000028e+00,8.273563981056213379e-01
9.032999999999999474e+00,8.189187645912170410e-01
9.034000000000000696e+00,8.267313838005065918e-01
9.035000000000000142e+00,8.292313814163208008e-01
9.035999999999999588e+00,8.373565077781677246e-01
9.037000000000000810e+00,9.139202237129211426e-01
9.038000000000000256e+00,8.823572397232055664e-01
9.038999999999999702e+00,8.495442271232604980e-01
9.039999999999999147e+00,8.123561739921569824e-01
9.041000000000000369e+00,7.942308783531188965e-01
9.041999999999999815e+00,7.920433282852172852e-01
9.042999999999999261e+00,7.567303180694580078e-01
9.044000000000000483e+00,7.717305421829223633e-01
9.044999999999999929e+00,7.798556685447692871e-01
9.045999999999999375e+00,8.032935261726379395e-01
9.047000000000000597e+00,8.651694655418395996e-01
9.048000000000000043e+00,8.507942557334899902e-01
9.048999999999999488e+00,8.354815244674682617e-01
9.050000000000000711e+00,8.254813551902770996e-01
9.051000000000000156e+00,8.189187645912170410e-01
9.051999999999999602e+00,8.170437216758728027e-01
9.053000000000000824e+00,8.154811859130859375e-01
9.054000000000000270e+00,8.179812431335449219e-01
9.054999999999999716e+00,8.239188194274902344e-01
9.055999999999999162e+00,8.289188742637634277e-01
9.057000000000000384e+00,9.054825901985168457e-01
9.057999999999999829e+00,8.770446181297302246e-01
9.058999999999999275e+00,8.379815220832824707e-01
9.060000000000000497e+00,8.089185953140258789e-01
9.060999999999999943e+00,7.879807949066162109e-01
9.061999999999999389e+00,7.857932448387145996e-01
9.063000000000000611e+00,7.486051917076110840e-01
9.064000000000000057e+00,7.692304849624633789e-01
9.064999999999999503e+00,7.826681733131408691e-01
9.066000000000000725e+00,8.011059761047363281e-01
9.067000000000000171e+00,8.676694631576538086e-01
9.067999999999999616e+00,8.545442819595336914e-01
9.069000000000000838e+00,8.367314934730529785e-01
9.070000000000000284e+00,8.261063694953918457e-01
9.070999999999999730e+00,8.226687908172607422e-01
9.071999999999999176e+00,8.170437216758728027e-01
9.073000000000000398e+00,8.145436644554138184e-01
9.073999999999999844e+00,8.148561716079711914e-01
9.074999999999999289e+00,8.132936358451843262e-01
9.076000000000000512e+00,8.211062550544738770e-01
9.076999999999999957e+00,8.948574066162109375e-01
9.077999999999999403e+00,8.651694655418395996e-01
9.079000000000000625e+00,8.345440030097961426e-01
9.080000000000000071e+00,7.992309331893920898e-01
9.080999999999999517e+00,7.801681756973266602e-01
9.082000000000000739e+00,7.770431041717529297e-01
9.083000000000000185e+00,7.436050772666931152e-01
9.083999999999999631e+00,7.595428228378295898e-01
9.085000000000000853e+00,7.754805684089660645e-01
9.086000000000000298e+00,7.926683425903320312e-01
9.086999999999999744e+00,8.592318892478942871e-01
9.087999999999999190e+00,8.489192128181457520e-01
9.089000000000000412e+00,8.314189314842224121e-01
9.089999999999999858e+00,8.182937502861022949e-01
9.090999999999999304e+00,8.104811310768127441e-01
9.092000000000000526e+00,8.111061453819274902e-01
9.092999999999999972e+00,8.067310452461242676e-01
9.093999999999999417e+00,8.095436096191406250e-01
9.095000000000000639e+00,8.082935810089111328e-01
9.096000000000000085e+00,8.129811286926269531e-01
9.096999999999999531e+00,8.895448446273803711e-01
9.098000000000000753e+00,8.598568439483642578e-01
9.099000000000000199e+00,8.314189314842224121e-01
9.099999999999999645e+00,7.961059212684631348e-01
9.101000000000000867e+00,7.776681184768676758e-01
9.102000000000000313e+00,7.729805707931518555e-01
9.102999999999999758e+00,7.386050224304199219e-01
9.103999999999999204e+00,7.567303180694580078e-01
9.105000000000000426e+00,7.726680636405944824e-01
9.105999999999999872e+00,7.870432734489440918e-01
9.106999999999999318e+00,8.526692390441894531e-01
9.108000000000000540e+00,8.442316055297851562e-01
9.108999999999999986e+00,8.242313265800476074e-01
9.109999999999999432e+00,8.154811859130859375e-01
9.111000000000000654e+00,8.092311024665832520e-01
9.112000000000000099e+00,8.067310452461242676e-01
9.112999999999999545e+00,7.995434403419494629e-01
9.114000000000000767e+00,8.064185380935668945e-01
9.115000000000000213e+00,8.139186501502990723e-01
9.115999999999999659e+00,8.164187073707580566e-01
9.117000000000000881e+00,8.932948708534240723e-01
9.118000000000000327e+00,8.651694655418395996e-01
9.118999999999999773e+00,8.311064243316650391e-01
9.119999999999999218e+00,7.982934117317199707e-01
9.121000000000000441e+00,7.773556113243103027e-01
9.121999999999999886e+00,7.726680636405944824e-01
9.122999999999999332e+00,7.379800081253051758e-01
9.124000000000000554e+00,7.495427131652832031e-01
9.125000000000000000e+00,7.592303156852722168e-01
9.125999999999999446e+00,7.739180326461791992e-01
9.127000000000000668e+00,8.448566198348999023e-01
9.128000000000000114e+00,8.354815244674682617e-01
9.128999999999999559e+00,8.173562288284301758e-01
9.130000000000000782e+00,8.042310476303100586e-01
9.131000000000000227e+00,8.007934689521789551e-01
9.131999999999999673e+00,7.992309331893920898e-01
9.132999999999999119e+00,7.957934141159057617e-01
9.134000000000000341e+00,8.011059761047363281e-01
9.134999999999999787e+00,8.054810166358947754e-01
9.135999999999999233e+00,8.107936382293701172e-01
9.137000000000000455e+00,8.857947587966918945e-01
9.137999999999999901e+00,8.564193248748779297e-01
9.138999999999999346e+00,8.261063694953918457e-01
9.140000000000000568e+00,7.926683425903320312e-01
9.141000000000000014e+00,7.698554992675781250e-01
9.141999999999999460e+00,7.679804563522338867e-01
9.143000000000000682e+00,7.326674461364746094e-01
9.144000000000000128e+00,7.489176988601684570e-01
9.144999999999999574e+00,7.617303729057312012e-01
9.146000000000000796e+00,7.764180898666381836e-01
9.147000000000000242e+00,8.476691842079162598e-01
9.147999999999999687e+00,8.398565649986267090e-01
9.148999999999999133e+00,8.173562288284301758e-01
9.150000000000000355e+00,8.107936382293701172e-01
9.150999999999999801e+00,8.026685118675231934e-01
9.151999999999999247e+00,7.989184260368347168e-01
9.153000000000000469e+00,7.948558926582336426e-01
9.153999999999999915e+00,7.948558926582336426e-01
9.154999999999999361e+00,7.954809069633483887e-01
9.156000000000000583e+00,8.001684546470642090e-01
9.157000000000000028e+00,8.776696324348449707e-01
9.157999999999999474e+00,8.479816913604736328e-01
9.159000000000000696e+00,8.161062002182006836e-01
9.160000000000000142e+00,7.836056947708129883e-01
9.160999999999999588e+00,7.620428800582885742e-01
9.162000000000000810e+00,7.576678395271301270e-01
9.163000000000000256e+00,7.282923460006713867e-01
9.163999999999999702e+00,7.436050772666931152e-01
9.164999999999999147e+00,7.576678395271301270e-01
9.166000000000000369e+00,7.682929635047912598e-01
9.166999999999999815e+00,8.389190435409545898e-01
9.167999999999999261e+00,8.279814124107360840e-01
9.169000000000000483e+00,8.126686215400695801e-01
9.169999999999999929e+00,8.020434975624084473e-01
9.170999999999999375e+00,7.970433831214904785e-01
9.172000000000000597e+00,7.939183712005615234e-01
9.173000000000000043e+00,7.892307639122009277e-01
9.173999999999999488e+00,7.939183712005615234e-01
9.175000000000000711e+00,7.979809045791625977e-01
9.176000000000000156e+00,7.998559474945068359e-01
9.176999999999999602e+00,8.814197182655334473e-01
9.178000000000000824e+00,8.507942557334899902e-01
9.179000000000000270e+00,8.186062574386596680e-01
9.179999999999999716e+00,7.876682877540588379e-01
9.180999999999999162e+00,7.636054158210754395e-01
9.182000000000000384e+00,7.604803442955017090e-01
9.182999999999999829e+00,7.270423173904418945e-01
9.183999999999999275e+00,7.351674437522888184e-01
9.185000000000000497e+00,7.454801201820373535e-01
9.185999999999999943e+00,7.567303180694580078e-01
9.186999999999999389e+00,8.292313814163208008e-01
9.188000000000000611e+00,8.236063122749328613e-01
9.189000000000000057e+00,8.032935261726379395e-01
9.189999999999999503e+00,7.932933568954467773e-01
9.191000000000000725e+00,7.867307662963867188e-01
9.192000000000000171e+00,7.873557806015014648e-01
9.192999999999999616e+00,7.839182019233703613e-01
9.194000000000000838e+00,7.876682877540588379e-01
9.195000000000000284e+00,7.929808497428894043e-01
9.195999999999999730e+00,7.951683998107910156e-01
9.196999999999999176e+00,8.736070990562438965e-01
9.198000000000000398e+00,8.448566198348999023e-01
9.198999999999999844e+00,8.136061429977416992e-01
9.199999999999999289e+00,7.773556113243103027e-01
9.201000000000000512e+00,7.592303156852722168e-01
9.201999999999999957e+00,7.561053037643432617e-01
9.202999999999999403e+00,7.204797267913818359e-01
9.204000000000000625e+00,7.342299818992614746e-01
9.205000000000000071e+00,7.367299795150756836e-01
9.205999999999999517e+00,7.523552179336547852e-01
9.207000000000000739e+00,8.229812979698181152e-01
9.208000000000000185e+00,8.192312717437744141e-01
9.208999999999999631e+00,7.986059188842773438e-01
9.210000000000000853e+00,7.904807925224304199e-01
9.211000000000000298e+00,7.826681733131408691e-01
9.211999999999999744e+00,7.823556661605834961e-01
9.212999999999999190e+00,7.789181470870971680e-01
9.214000000000000412e+00,7.814181447029113770e-01
9.214999999999999858e+00,7.882933020591735840e-01
9.215999999999999304e+00,7.901682853698730469e-01
9.217000000000000526e+00,8.667320013046264648e-01
9.217999999999999972e+00,8.411065936088562012e-01
9.218999999999999417e+00,8.079810738563537598e-01
9.220000000000000639e+00,7.745430469512939453e-01
9.221000000000000085e+00,7.548552751541137695e-01
9.221999999999999531e+00,7.492302060127258301e-01
9.223000000000000753e+00,7.151671648025512695e-01
9.224000000000000199e+00,7.320424318313598633e-01
9.224999999999999645e+00,7.411050796508789062e-01
9.226000000000000867e+00,7.554802894592285156e-01
9.227000000000000313e+00,8.273563981056213379e-01
9.227999999999999758e+00,8.236063122749328613e-01
9.228999999999999204e+00,7.986059188842773438e-01
9.230000000000000426e+00,7.920433282852172852e-01
9.230999999999999872e+00,7.854807376861572266e-01
9.231999999999999318e+00,7.842307090759277344e-01
9.233000000000000540e+00,7.767305970191955566e-01
9.233999999999999986e+00,7.795431613922119141e-01
9.234999999999999432e+00,7.792306542396545410e-01
9.236000000000000654e+00,7.782931327819824219e-01
9.237000000000000099e+00,8.595443367958068848e-01
9.237999999999999545e+00,8.329814672470092773e-01
9.239000000000000767e+00,8.004809617996215820e-01
9.240000000000000213e+00,7.689179778099060059e-01
9.240999999999999659e+00,7.473551630973815918e-01
9.242000000000000881e+00,7.398550510406494141e-01
9.243000000000000327e+00,7.089170813560485840e-01
9.243999999999999773e+00,7.236047983169555664e-01
9.244999999999999218e+00,7.342299818992614746e-01
9.246000000000000441e+00,7.473551630973815918e-01
9.246999999999999886e+00,8.173562288284301758e-01
9.247999999999999332e+00,8.154811859130859375e-01
9.249000000000000554e+00,7.976683974266052246e-01
9.250000000000000000e+00,7.857932448387145996e-01
9.250999999999999446e+00,7.789181470870971680e-01
9.252000000000000668e+00,7.767305970191955566e-01
9.253000000000000114e+00,7.745430469512939453e-01
9.253999999999999559e+00,7.779806256294250488e-01
9.255000000000000782e+00,7.826681733131408691e-01
9.256000000000000227e+00,7.836056947708129883e-01
9.256999999999999673e+00,8.632944226264953613e-01
9.257999999999999119e+00,8.357940316200256348e-01
9.259000000000000341e+00,8.048560023307800293e-01
9.259999999999999787e+00,7.679804563522338867e-01
9.260999999999999233e+00,7.517302036285400391e-01
9.262000000000000455e+00,7.429800629615783691e-01
9.262999999999999901e+00,7.114170789718627930e-01
9.263999999999999346e+00,7.207922339439392090e-01
9.265000000000000568e+00,7.245423197746276855e-01
9.266000000000000014e+00,7.389175295829772949e-01
9.266999999999999460e+00,8.064185380935668945e-01
9.268000000000000682e+00,8.076685667037963867e-01
9.269000000000000128e+00,7.873557806015014648e-01
9.269999999999999574e+00,7.804806828498840332e-01
9.271000000000000796e+00,7.726680636405944824e-01
9.272000000000000242e+00,7.692304849624633789e-01
9.272999999999999687e+00,7.645429372787475586e-01
9.273999999999999133e+00,7.711055278778076172e-01
9.275000000000000355e+00,7.751680612564086914e-01
9.275999999999999801e+00,7.757930755615234375e-01
9.276999999999999247e+00,8.557943105697631836e-01
9.278000000000000469e+00,8.301689028739929199e-01
9.278999999999999915e+00,7.976683974266052246e-01
9.279999999999999361e+00,7.629804015159606934e-01
9.281000000000000583e+00,7.442300915718078613e-01
9.282000000000000028e+00,7.357924580574035645e-01
9.282999999999999474e+00,7.067295312881469727e-01
9.284000000000000696e+00,7.214172482490539551e-01
9.285000000000000142e+00,7.289173603057861328e-01
9.285999999999999588e+00,7.417300939559936523e-01
9.287000000000000810e+00,8.104811310768127441e-01
9.288000000000000256e+00,8.136061429977416992e-01
9.288999999999999702e+00,7.889183163642883301e-01
9.289999999999999147e+00,7.826681733131408691e-01
9.291000000000000369e+00,7.726680636405944824e-01
9.291999999999999815e+00,7.711055278778076172e-01
9.292999999999999261e+00,7.661054134368896484e-01
9.294000000000000483e+00,7.670429348945617676e-01
9.294999999999999929e+00,7.698554992675781250e-01
9.295999999999999375e+00,7.667304277420043945e-01
9.297000000000000597e+00,8.461066484451293945e-01
9.298000000000000043e+00,8.254813551902770996e-01
9.298999999999999488e+00,7.898557782173156738e-01
9.300000000000000711e+00,7.523552179336547852e-01
9.301000000000000156e+00,7.373549938201904297e-01
9.301999999999999602e+00,7.276673316955566406e-01
9.303000000000000824e+00,6.951668858528137207e-01
9.304000000000000270e+00,7.148546576499938965e-01
9.304999999999999716e+00,7.198547124862670898e-01
9.305999999999999162e+00,7.351674437522888184e-01
9.307000000000000384e+00,8.017309904098510742e-01
9.307999999999999829e+00,8.042310476303100586e-01
9.308999999999999275e+00,7.857932448387145996e-01
9.310000000000000497e+00,7.764180898666381836e-01
9.310999999999999943e+00,7.692304849624633789e-01
9.311999999999999389e+00,7.670429348945617676e-01
9.313000000000000611e+00,7.614178657531738281e-01
9.314000000000000057e+00,7.626678943634033203e-01
9.314999999999999503e+00,7.614178657531738281e-01
9.316000000000000725e+00,7.614178657531738281e-01
9.317000000000000171e+00,8.423566222190856934e-01
9.317999999999999616e+00,8.179812431335449219e-01
9.319000000000000838e+00,7.845432162284851074e-01
9.320000000000000284e+00,7.495427131652832031e-01
9.320999999999999730e+00,7.326674461364746094e-01
9.321999999999999176e+00,7.220422625541687012e-01
9.323000000000000398e+00,6.917293071746826172e-01
9.323999999999999844e+00,7.089170813560485840e-01
9.324999999999999289e+00,7.126671075820922852e-01
9.326000000000000512e+00,7.264173626899719238e-01
9.326999999999999957e+00,7.967309355735778809e-01
9.327999999999999403e+00,8.020434975624084473e-01
9.329000000000000625e+00,7.823556661605834961e-01
9.330000000000000071e+00,7.692304849624633789e-01
9.330999999999999517e+00,7.654804587364196777e-01
9.332000000000000739e+00,7.598553299903869629e-01
9.333000000000000185e+00,7.582927942276000977e-01
9.333999999999999631e+00,7.661054134368896484e-01
9.335000000000000853e+00,7.673554420471191406e-01
9.336000000000000298e+00,7.648554444313049316e-01
9.336999999999999744e+00,8.454816341400146484e-01
9.337999999999999190e+00,8.251688480377197266e-01
9.339000000000000412e+00,7.882933020591735840e-01
9.339999999999999858e+00,7.517302036285400391e-01
9.340999999999999304e+00,7.336049675941467285e-01
9.342000000000000526e+00,7.289173603057861328e-01
9.342999999999999972e+00,6.942293643951416016e-01
9.343999999999999417e+00,7.042294740676879883e-01
9.345000000000000639e+00,7.057920098304748535e-01
9.346000000000000085e+00,7.192296981811523438e-01
9.346999999999999531e+00,7.861057519912719727e-01
9.348000000000000753e+00,7.929808497428894043e-01
9.349000000000000199e+00,7.714180350303649902e-01
9.349999999999999645e+00,7.626678943634033203e-01
9.351000000000000867e+00,7.567303180694580078e-01
9.352000000000000313e+00,7.551677823066711426e-01
9.352999999999999758e+00,7.507926821708679199e-01
9.353999999999999204e+00,7.561053037643432617e-01
9.355000000000000426e+00,7.642304301261901855e-01
9.355999999999999872e+00,7.604803442955017090e-01
9.356999999999999318e+00,8.382940292358398438e-01
9.358000000000000540e+00,8.179812431335449219e-01
9.358999999999999986e+00,7.839182019233703613e-01
9.359999999999999432e+00,7.454801201820373535e-01
9.361000000000000654e+00,7.261048555374145508e-01
9.362000000000000099e+00,7.186047434806823730e-01
9.362999999999999545e+00,6.879792213439941406e-01
9.364000000000000767e+00,7.045419812202453613e-01
9.365000000000000213e+00,7.104796171188354492e-01
9.365999999999999659e+00,7.220422625541687012e-01
9.367000000000000881e+00,7.876682877540588379e-01
9.368000000000000327e+00,7.964184284210205078e-01
9.368999999999999773e+00,7.761055827140808105e-01
9.369999999999999218e+00,7.629804015159606934e-01
9.371000000000000441e+00,7.604803442955017090e-01
9.371999999999999886e+00,7.551677823066711426e-01
9.372999999999999332e+00,7.514176964759826660e-01
9.374000000000000554e+00,7.495427131652832031e-01
9.375000000000000000e+00,7.545427680015563965e-01
9.375999999999999446e+00,7.504801750183105469e-01
9.377000000000000668e+00,8.261063694953918457e-01
9.378000000000000114e+00,8.123561739921569824e-01
9.378999999999999559e+00,7.754805684089660645e-01
9.380000000000000782e+00,7.392300367355346680e-01
9.381000000000000227e+00,7.214172482490539551e-01
9.381999999999999673e+00,7.126671075820922852e-01
9.382999999999999119e+00,6.829791665077209473e-01
9.384000000000000341e+00,7.011044621467590332e-01
9.384999999999999787e+00,7.042294740676879883e-01
9.385999999999999233e+00,7.139171361923217773e-01
9.387000000000000455e+00,7.782931327819824219e-01
9.387999999999999901e+00,7.904807925224304199e-01
9.388999999999999346e+00,7.698554992675781250e-01
9.390000000000000568e+00,7.611053586006164551e-01
9.391000000000000014e+00,7.548552751541137695e-01
9.391999999999999460e+00,7.501676678657531738e-01
9.393000000000000682e+00,7.464176416397094727e-01
9.394000000000000128e+00,7.511051893234252930e-01
9.394999999999999574e+00,7.582927942276000977e-01
9.396000000000000796e+00,7.542302608489990234e-01
9.397000000000000242e+00,8.336064815521240234e-01
9.397999999999999687e+00,8.142311573028564453e-01
9.398999999999999133e+00,7.798556685447692871e-01
9.400000000000000355e+00,7.398550510406494141e-01
9.400999999999999801e+00,7.242298126220703125e-01
9.401999999999999247e+00,7.132921218872070312e-01
9.403000000000000469e+00,6.839166879653930664e-01
9.403999999999999915e+00,6.942293643951416016e-01
9.404999999999999361e+00,6.954793334007263184e-01
9.406000000000000583e+00,7.032919526100158691e-01
9.407000000000000028e+00,7.704805135726928711e-01
9.407999999999999474e+00,7.845432162284851074e-01
9.409000000000000696e+00,7.626678943634033203e-01
9.410000000000000142e+00,7.495427131652832031e-01
9.410999999999999588e+00,7.464176416397094727e-01
9.412000000000000810e+00,7.432925701141357422e-01
9.413000000000000256e+00,7.386050224304199219e-01
9.413999999999999702e+00,7.436050772666931152e-01
9.414999999999999147e+00,7.498552203178405762e-01
9.416000000000000369e+00,7.454801201820373535e-01
9.416999999999999815e+00,8.248563408851623535e-01
9.417999999999999261e+00,8.086060881614685059e-01
9.419000000000000483e+00,7.773556113243103027e-01
9.419999999999999929e+00,7.326674461364746094e-01
9.420999999999999375e+00,7.182922363281250000e-01
9.422000000000000597e+00,7.089170813560485840e-01
9.423000000000000043e+00,6.776666045188903809e-01
9.423999999999999488e+00,6.876667141914367676e-01
9.425000000000000711e+00,6.898542642593383789e-01
9.426000000000000156e+00,6.989169120788574219e-01
9.426999999999999602e+00,7.623553872108459473e-01
9.428000000000000824e+00,7.779806256294250488e-01
9.429000000000000270e+00,7.592303156852722168e-01
9.429999999999999716e+00,7.464176416397094727e-01
9.430999999999999162e+00,7.401675581932067871e-01
9.432000000000000384e+00,7.392300367355346680e-01
9.432999999999999829e+00,7.351674437522888184e-01
9.433999999999999275e+00,7.414175868034362793e-01
9.435000000000000497e+00,7.479801774024963379e-01
9.435999999999999943e+00,7.436050772666931152e-01
9.436999999999999389e+00,8.198562860488891602e-01
9.438000000000000611e+00,8.014184832572937012e-01
9.439000000000000057e+00,7.711055278778076172e-01
9.439999999999999503e+00,7.311049103736877441e-01
9.441000000000000725e+00,7.167297005653381348e-01
9.442000000000000171e+00,7.039169669151306152e-01
9.442999999999999616e+00,6.711040139198303223e-01
9.444000000000000838e+00,6.904792785644531250e-01
9.445000000000000284e+00,6.942293643951416016e-01
9.445999999999999730e+00,6.998544335365295410e-01
9.446999999999999176e+00,7.639179229736328125e-01
9.448000000000000398e+00,7.829806804656982422e-01
9.448999999999999844e+00,7.620428800582885742e-01
9.449999999999999289e+00,7.479801774024963379e-01
9.451000000000000512e+00,7.451676130294799805e-01
9.451999999999999957e+00,7.386050224304199219e-01
9.452999999999999403e+00,7.392300367355346680e-01
9.454000000000000625e+00,7.364174723625183105e-01
9.455000000000000071e+00,7.404800653457641602e-01
9.455999999999999517e+00,7.307924032211303711e-01
9.457000000000000739e+00,8.086060881614685059e-01
9.458000000000000185e+00,7.957934141159057617e-01
9.458999999999999631e+00,7.704805135726928711e-01
9.460000000000000853e+00,7.211047410964965820e-01
9.461000000000000298e+00,7.054795026779174805e-01
9.461999999999999744e+00,6.986044049263000488e-01
9.462999999999999190e+00,6.648538708686828613e-01
9.464000000000000412e+00,6.832916736602783203e-01
9.464999999999999858e+00,6.898542642593383789e-01
9.465999999999999304e+00,6.945418715476989746e-01
9.467000000000000526e+00,7.551677823066711426e-01
9.467999999999999972e+00,7.779806256294250488e-01
9.468999999999999417e+00,7.595428228378295898e-01
9.470000000000000639e+00,7.457926273345947266e-01
9.471000000000000085e+00,7.401675581932067871e-01
9.471999999999999531e+00,7.351674437522888184e-01
9.473000000000000753e+00,7.320424318313598633e-01
9.474000000000000199e+00,7.373549938201904297e-01
9.474999999999999645e+00,7.436050772666931152e-01
9.476000000000000867e+00,7.367299795150756836e-01
9.477000000000000313e+00,8.117311596870422363e-01
9.477999999999999758e+00,7.995434403419494629e-01
9.478999999999999204e+00,7.701680064201354980e-01
9.480000000000000426e+00,7.232922911643981934e-01
9.480999999999999872e+00,7.104796171188354492e-01
9.481999999999999318e+00,7.004794478416442871e-01
9.483000000000000540e+00,6.673539280891418457e-01
9.483999999999999986e+00,6.792291402816772461e-01
9.484999999999999432e+00,6.767290830612182617e-01
9.486000000000000654e+00,6.851667165756225586e-01
9.487000000000000099e+00,7.423550486564636230e-01
9.487999999999999545e+00,7.714180350303649902e-01
9.489000000000000767e+00,7.467301487922668457e-01
9.490000000000000213e+00,7.370424866676330566e-01
9.490999999999999659e+00,7.320424318313598633e-01
9.492000000000000881e+00,7.282923460006713867e-01
9.493000000000000327e+00,7.239173054695129395e-01
9.493999999999999773e+00,7.314174175262451172e-01
9.494999999999999218e+00,7.336049675941467285e-01
9.496000000000000441e+00,7.314174175262451172e-01
9.496999999999999886e+00,8.020434975624084473e-01
9.497999999999999332e+00,7.932933568954467773e-01
9.499000000000000554e+00,7.654804587364196777e-01
9.500000000000000000e+00,7.198547124862670898e-01
9.500999999999999446e+00,7.064170241355895996e-01
9.502000000000000668e+00,6.932918429374694824e-01
9.503000000000000114e+00,6.632913947105407715e-01
9.503999999999999559e+00,6.792291402816772461e-01
9.505000000000000782e+00,6.829791665077209473e-01
9.506000000000000227e+00,6.895417571067810059e-01
9.506999999999999673e+00,7.454801201820373535e-01
9.507999999999999119e+00,7.723555564880371094e-01
9.509000000000000341e+00,7.514176964759826660e-01
9.509999999999999787e+00,7.395425438880920410e-01
9.510999999999999233e+00,7.357924580574035645e-01
9.512000000000000455e+00,7.289173603057861328e-01
9.512999999999999901e+00,7.261048555374145508e-01
9.513999999999999346e+00,7.251673340797424316e-01
9.515000000000000568e+00,7.289173603057861328e-01
9.516000000000000014e+00,7.220422625541687012e-01
9.516999999999999460e+00,7.914183139801025391e-01
9.518000000000000682e+00,7.839182019233703613e-01
9.519000000000000128e+00,7.601678371429443359e-01
9.519999999999999574e+00,7.073545455932617188e-01
9.521000000000000796e+00,6.989169120788574219e-01
9.522000000000000242e+00,6.867292523384094238e-01
9.522999999999999687e+00,6.576662659645080566e-01
9.523999999999999133e+00,6.742290258407592773e-01
9.525000000000000355e+00,6.792291402816772461e-01
9.525999999999999801e+00,6.801666021347045898e-01
9.526999999999999247e+00,7.401675581932067871e-01
9.528000000000000469e+00,7.704805135726928711e-01
9.528999999999999915e+00,7.476676702499389648e-01
9.529999999999999361e+00,7.339174747467041016e-01
9.531000000000000583e+00,7.276673316955566406e-01
9.532000000000000028e+00,7.248548269271850586e-01
9.532999999999999474e+00,7.195422053337097168e-01
9.534000000000000696e+00,7.239173054695129395e-01
9.535000000000000142e+00,7.339174747467041016e-01
9.535999999999999588e+00,7.264173626899719238e-01
9.537000000000000810e+00,7.982934117317199707e-01
9.538000000000000256e+00,7.889183163642883301e-01
9.538999999999999702e+00,7.632929086685180664e-01
9.539999999999999147e+00,7.101671099662780762e-01
9.541000000000000369e+00,7.048544883728027344e-01
9.541999999999999815e+00,6.851667165756225586e-01
9.542999999999999261e+00,6.564162373542785645e-01
9.544000000000000483e+00,6.667289137840270996e-01
9.544999999999999929e+00,6.723539829254150391e-01
9.545999999999999375e+00,6.701664924621582031e-01
9.547000000000000597e+00,7.279798388481140137e-01
9.548000000000000043e+00,7.604803442955017090e-01
9.548999999999999488e+00,7.432925701141357422e-01
9.550000000000000711e+00,7.286048531532287598e-01
9.551000000000000156e+00,7.232922911643981934e-01
9.551999999999999602e+00,7.167297005653381348e-01
9.553000000000000824e+00,7.095420956611633301e-01
9.554000000000000270e+00,7.186047434806823730e-01
9.554999999999999716e+00,7.264173626899719238e-01
9.555999999999999162e+00,7.198547124862670898e-01
9.557000000000000384e+00,7.870432734489440918e-01
9.557999999999999829e+00,7.867307662963867188e-01
9.558999999999999275e+00,7.636054158210754395e-01
9.560000000000000497e+00,7.039169669151306152e-01
9.560999999999999943e+00,6.995419263839721680e-01
9.561999999999999389e+00,6.829791665077209473e-01
9.563000000000000611e+00,6.523537039756774902e-01
9.564000000000000057e+00,6.617288589477539062e-01
9.564999999999999503e+00,6.645413637161254883e-01
9.566000000000000725e+00,6.654788851737976074e-01
9.567000000000000171e+00,7.254798412322998047e-01
9.567999999999999616e+00,7.570428252220153809e-01
9.569000000000000838e+00,7.379800081253051758e-01
9.570000000000000284e+00,7.232922911643981934e-01
9.570999999999999730e+00,7.211047410964965820e-01
9.571999999999999176e+00,7.120420932769775391e-01
9.573000000000000398e+00,7.098546028137207031e-01
9.573999999999999844e+00,7.161046862602233887e-01
9.574999999999999289e+00,7.201672196388244629e-01
9.576000000000000512e+00,7.161046862602233887e-01
9.576999999999999957e+00,7.848557233810424805e-01
9.577999999999999403e+00,7.814181447029113770e-01
9.579000000000000625e+00,7.611053586006164551e-01
9.580000000000000071e+00,7.026669979095458984e-01
9.580999999999999517e+00,6.932918429374694824e-01
9.582000000000000739e+00,6.826666593551635742e-01
9.583000000000000185e+00,6.467286348342895508e-01
9.583999999999999631e+00,6.623538732528686523e-01
9.585000000000000853e+00,6.698539853096008301e-01
9.586000000000000298e+00,6.714165210723876953e-01
9.586999999999999744e+00,7.301673889160156250e-01
9.587999999999999190e+00,7.595428228378295898e-01
9.589000000000000412e+00,7.414175868034362793e-01
9.589999999999999858e+00,7.276673316955566406e-01
9.590999999999999304e+00,7.214172482490539551e-01
9.592000000000000526e+00,7.132921218872070312e-01
9.592999999999999972e+00,7.123546004295349121e-01
9.593999999999999417e+00,7.101671099662780762e-01
9.595000000000000639e+00,7.167297005653381348e-01
9.596000000000000085e+00,7.107921242713928223e-01
9.596999999999999531e+00,7.751680612564086914e-01
9.598000000000000753e+00,7.748555541038513184e-01
9.599000000000000199e+00,7.523552179336547852e-01
9.599999999999999645e+00,6.923543214797973633e-01
9.601000000000000867e+00,6.857917308807373047e-01
9.602000000000000313e+00,6.739165186882019043e-01
9.602999999999999758e+00,6.395410299301147461e-01
9.603999999999999204e+00,6.570412516593933105e-01
9.605000000000000426e+00,6.607913374900817871e-01
9.605999999999999872e+00,6.639164090156555176e-01
9.606999999999999318e+00,7.254798412322998047e-01
9.608000000000000540e+00,7.561053037643432617e-01
9.608999999999999986e+00,7.329799532890319824e-01
9.609999999999999432e+00,7.245423197746276855e-01
9.611000000000000654e+00,7.176672220230102539e-01
9.612000000000000099e+00,7.117295861244201660e-01
9.612999999999999545e+00,7.064170241355895996e-01
9.614000000000000767e+00,7.111045718193054199e-01
9.615000000000000213e+00,7.186047434806823730e-01
9.615999999999999659e+00,7.107921242713928223e-01
9.617000000000000881e+00,7.779806256294250488e-01
9.618000000000000327e+00,7.779806256294250488e-01
9.618999999999999773e+00,7.604803442955017090e-01
9.619999999999999218e+00,6.976668834686279297e-01
9.621000000000000441e+00,6.854792237281799316e-01
9.621999999999999886e+00,6.745415329933166504e-01
9.622999999999999332e+00,6.411035060882568359e-01
9.624000000000000554e+00,6.548537611961364746e-01
9.625000000000000000e+00,6.598538160324096680e-01
9.625999999999999446e+00,6.567287445068359375e-01
9.627000000000000668e+00,7.145421504974365234e-01
9.628000000000000114e+00,7.489176988601684570e-01
9.628999999999999559e+00,7.279798388481140137e-01
9.630000000000000782e+00,7.139171361923217773e-01
9.631000000000000227e+00,7.101671099662780762e-01
9.631999999999999673e+00,7.045419812202453613e-01
9.632999999999999119e+00,6.992294192314147949e-01
9.634000000000000341e+00,7.067295312881469727e-01
9.634999999999999787e+00,7.145421504974365234e-01
9.635999999999999233e+00,7.036044597625732422e-01
9.637000000000000455e+00,7.707930207252502441e-01
9.637999999999999901e+00,7.736055254936218262e-01
9.638999999999999346e+00,7.532927393913269043e-01
9.640000000000000568e+00,6.914168000221252441e-01
9.641000000000000014e+00,6.857917308807373047e-01
9.641999999999999460e+00,6.698539853096008301e-01
9.643000000000000682e+00,6.379784941673278809e-01
9.644000000000000128e+00,6.532912254333496094e-01
9.644999999999999574e+00,6.611038446426391602e-01
9.646000000000000796e+00,6.601663231849670410e-01
9.647000000000000242e+00,7.176672220230102539e-01
9.647999999999999687e+00,7.526677250862121582e-01
9.648999999999999133e+00,7.301673889160156250e-01
9.650000000000000355e+00,7.176672220230102539e-01
9.650999999999999801e+00,7.136046290397644043e-01
9.651999999999999247e+00,7.054795026779174805e-01
9.653000000000000469e+00,6.995419263839721680e-01
9.653999999999999915e+00,7.011044621467590332e-01
9.654999999999999361e+00,7.036044597625732422e-01
9.656000000000000583e+00,6.976668834686279297e-01
9.657000000000000028e+00,7.617303729057312012e-01
9.657999999999999474e+00,7.654804587364196777e-01
9.659000000000000696e+00,7.473551630973815918e-01
9.660000000000000142e+00,6.848542094230651855e-01
9.660999999999999588e+00,6.782916188240051270e-01
9.662000000000000810e+00,6.636039018630981445e-01
9.663000000000000256e+00,6.295408606529235840e-01
9.663999999999999702e+00,6.451660990715026855e-01
9.664999999999999147e+00,6.542287468910217285e-01
9.666000000000000369e+00,6.498536467552185059e-01
9.666999999999999815e+00,7.132921218872070312e-01
9.667999999999999261e+00,7.457926273345947266e-01
9.669000000000000483e+00,7.248548269271850586e-01
9.669999999999999929e+00,7.132921218872070312e-01
9.670999999999999375e+00,7.061045169830322266e-01
9.672000000000000597e+00,6.992294192314147949e-01
9.673000000000000043e+00,6.961043477058410645e-01
9.673999999999999488e+00,6.951668858528137207e-01
9.675000000000000711e+00,7.036044597625732422e-01
9.676000000000000156e+00,6.964168548583984375e-01
9.676999999999999602e+00,7.554802894592285156e-01
9.678000000000000824e+00,7.592303156852722168e-01
9.679000000000000270e+00,7.417300939559936523e-01
9.679999999999999716e+00,6.786041259765625000e-01
9.680999999999999162e+00,6.745415329933166504e-01
9.682000000000000384e+00,6.576662659645080566e-01
9.682999999999999829e+00,6.229782700538635254e-01
9.683999999999999275e+00,6.398535370826721191e-01
9.685000000000000497e+00,6.517286896705627441e-01
9.685999999999999943e+00,6.479786634445190430e-01
9.686999999999999389e+00,7.092295885086059570e-01
9.688000000000000611e+00,7.426675558090209961e-01
9.689000000000000057e+00,7.223547697067260742e-01
9.689999999999999503e+00,7.104796171188354492e-01
9.691000000000000725e+00,7.029795050621032715e-01
9.692000000000000171e+00,6.948543787002563477e-01
9.692999999999999616e+00,6.923543214797973633e-01
9.694000000000000838e+00,6.961043477058410645e-01
9.695000000000000284e+00,7.070420384407043457e-01
9.695999999999999730e+00,6.957918405532836914e-01
9.696999999999999176e+00,7.592303156852722168e-01
9.698000000000000398e+00,7.654804587364196777e-01
9.698999999999999844e+00,7.454801201820373535e-01
9.699999999999999289e+00,6.829791665077209473e-01
9.701000000000000512e+00,6.767290830612182617e-01
9.701999999999999957e+00,6.617288589477539062e-01
9.702999999999999403e+00,6.242282986640930176e-01
9.704000000000000625e+00,6.376659870147705078e-01
9.705000000000000071e+00,6.423535346984863281e-01
9.705999999999999517e+00,6.423535346984863281e-01
9.707000000000000739e+00,6.964168548583984375e-01
9.708000000000000185e+00,7.345424294471740723e-01
9.708999999999999631e+00,7.139171361923217773e-01
9.710000000000000853e+00,6.992294192314147949e-01
9.711000000000000298e+00,6.989169120788574219e-01
9.711999999999999744e+00,6.911042928695678711e-01
9.712999999999999190e+00,6.861042380332946777e-01
9.714000000000000412e+00,6.926668286323547363e-01
9.714999999999999858e+00,7.011044621467590332e-01
9.715999999999999304e+00,6.939168572425842285e-01
9.717000000000000526e+00,7.492302060127258301e-01
9.717999999999999972e+00,7.611053586006164551e-01
9.718999999999999417e+00,7.426675558090209961e-01
9.720000000000000639e+00,6.779791116714477539e-01
9.721000000000000085e+00,6.726664900779724121e-01
9.721999999999999531e+00,6.573537588119506836e-01
9.723000000000000753e+00,6.204782128334045410e-01
9.724000000000000199e+00,6.379784941673278809e-01
9.724999999999999645e+00,6.467286348342895508e-01
9.726000000000000867e+00,6.448535919189453125e-01
9.727000000000000313e+00,7.039169669151306152e-01
9.727999999999999758e+00,7.398550510406494141e-01
9.728999999999999204e+00,7.170422077178955078e-01
9.730000000000000426e+00,7.026669979095458984e-01
9.730999999999999872e+00,7.007919549942016602e-01
9.731999999999999318e+00,6.914168000221252441e-01
9.733000000000000540e+00,6.882917284965515137e-01
9.733999999999999986e+00,6.870417594909667969e-01
9.734999999999999432e+00,6.929793357849121094e-01
9.736000000000000654e+00,6.854792237281799316e-01
9.737000000000000099e+00,7.426675558090209961e-01
9.737999999999999545e+00,7.532927393913269043e-01
9.739000000000000767e+00,7.323549389839172363e-01
9.740000000000000213e+00,6.707915067672729492e-01
9.740999999999999659e+00,6.686039566993713379e-01
9.742000000000000881e+00,6.489161252975463867e-01
9.743000000000000327e+00,6.136031150817871094e-01
9.743999999999999773e+00,6.323534250259399414e-01
9.744999999999999218e+00,6.429785490036010742e-01
9.746000000000000441e+00,6.404785513877868652e-01
9.746999999999999886e+00,6.995419263839721680e-01
9.747999999999999332e+00,7.354799509048461914e-01
9.749000000000000554e+00,7.132921218872070312e-01
9.750000000000000000e+00,6.964168548583984375e-01
9.750999999999999446e+00,6.951668858528137207e-01
9.752000000000000668e+00,6.854792237281799316e-01
9.753000000000000114e+00,6.842291951179504395e-01
9.753999999999999559e+00,6.904792785644531250e-01
9.755000000000000782e+00,6.992294192314147949e-01
9.756000000000000227e+00,6.895417571067810059e-01
9.756999999999999673e+00,7.461051344871520996e-01
9.757999999999999119e+00,7.573553323745727539e-01
9.759000000000000341e+00,7.370424866676330566e-01
9.759999999999999787e+00,6.739165186882019043e-01
9.760999999999999233e+00,6.664164066314697266e-01
9.762000000000000455e+00,6.570412516593933105e-01
9.762999999999999901e+00,6.145406365394592285e-01
9.763999999999999346e+00,6.261032819747924805e-01
9.765000000000000568e+00,6.367284655570983887e-01
9.766000000000000014e+00,6.332908868789672852e-01
9.766999999999999460e+00,6.932918429374694824e-01
9.768000000000000682e+00,7.267298102378845215e-01
9.769000000000000128e+00,7.092295885086059570e-01
9.769999999999999574e+00,6.901667714118957520e-01
9.771000000000000796e+00,6.892292499542236328e-01
9.772000000000000242e+00,6.792291402816772461e-01
9.772999999999999687e+00,6.754790544509887695e-01
9.773999999999999133e+00,6.842291951179504395e-01
9.775000000000000355e+00,6.911042928695678711e-01
9.775999999999999801e+00,6.823541522026062012e-01
9.776999999999999247e+00,7.376675009727478027e-01
9.778000000000000469e+00,7.526677250862121582e-01
9.778999999999999915e+00,7.317299246788024902e-01
9.779999999999999361e+00,6.664164066314697266e-01
9.781000000000000583e+00,6.629788875579833984e-01
9.782000000000000028e+00,6.492286324501037598e-01
9.782999999999999474e+00,6.129781007766723633e-01
9.784000000000000696e+00,6.214157342910766602e-01
9.785000000000000142e+00,6.320409178733825684e-01
9.785999999999999588e+00,6.292283535003662109e-01
9.787000000000000810e+00,6.867292523384094238e-01
9.788000000000000256e+00,7.242298126220703125e-01
9.788999999999999702e+00,7.011044621467590332e-01
9.789999999999999147e+00,6.873542666435241699e-01
9.791000000000000369e+00,6.854792237281799316e-01
9.791999999999999815e+00,6.764165759086608887e-01
9.792999999999999261e+00,6.736040115356445312e-01
9.794000000000000483e+00,6.782916188240051270e-01
9.794999999999999929e+00,6.882917284965515137e-01
9.795999999999999375e+00,6.801666021347045898e-01
9.797000000000000597e+00,7.320424318313598633e-01
9.798000000000000043e+00,7.536052465438842773e-01
9.798999999999999488e+00,7.270423173904418945e-01
9.800000000000000711e+00,6.623538732528686523e-01
9.801000000000000156e+00,6.586037874221801758e-01
9.801999999999999602e+00,6.464161276817321777e-01
9.803000000000000824e+00,6.104780435562133789e-01
9.804000000000000270e+00,6.254782676696777344e-01
9.804999999999999716e+00,6.326659321784973145e-01
9.805999999999999162e+00,6.342284083366394043e-01
9.807000000000000384e+00,6.917293071746826172e-01
9.807999999999999829e+00,7.301673889160156250e-01
9.808999999999999275e+00,7.067295312881469727e-01
9.810000000000000497e+00,6.901667714118957520e-01
9.810999999999999943e+00,6.898542642593383789e-01
9.811999999999999389e+00,6.807916164398193359e-01
9.813000000000000611e+00,6.748540401458740234e-01
9.814000000000000057e+00,6.736040115356445312e-01
9.814999999999999503e+00,6.789166331291198730e-01
9.816000000000000725e+00,6.742290258407592773e-01
9.817000000000000171e+00,7.276673316955566406e-01
9.817999999999999616e+00,7.429800629615783691e-01
9.819000000000000838e+00,7.195422053337097168e-01
9.820000000000000284e+00,6.570412516593933105e-01
9.820999999999999730e+00,6.523537039756774902e-01
9.821999999999999176e+00,6.376659870147705078e-01
9.823000000000000398e+00,6.070405244827270508e-01
9.823999999999999844e+00,6.195406913757324219e-01
9.824999999999999289e+00,6.311033964157104492e-01
9.826000000000000512e+00,6.304783821105957031e-01
9.826999999999999957e+00,6.873542666435241699e-01
9.827999999999999403e+00,7.236047983169555664e-01
9.829000000000000625e+00,7.020419836044311523e-01
9.830000000000000071e+00,6.870417594909667969e-01
9.830999999999999517e+00,6.854792237281799316e-01
9.832000000000000739e+00,6.739165186882019043e-01
9.833000000000000185e+00,6.704789996147155762e-01
9.833999999999999631e+00,6.773540973663330078e-01
9.835000000000000853e+00,6.839166879653930664e-01
9.836000000000000298e+00,6.764165759086608887e-01
9.836999999999999744e+00,7.307924032211303711e-01
9.837999999999999190e+00,7.507926821708679199e-01
9.839000000000000412e+00,7.217297554016113281e-01
9.839999999999999858e+00,6.586037874221801758e-01
9.840999999999999304e+00,6.554787755012512207e-01
9.842000000000000526e+00,6.436035633087158203e-01
9.842999999999999972e+00,6.095405220985412598e-01
9.843999999999999417e+00,6.142281293869018555e-01
9.845000000000000639e+00,6.223532557487487793e-01
9.846000000000000085e+00,6.232907772064208984e-01
9.846999999999999531e+00,6.786041259765625000e-01
9.848000000000000753e+00,7.154796719551086426e-01
9.849000000000000199e+00,6.929793357849121094e-01
9.849999999999999645e+00,6.801666021347045898e-01
9.851000000000000867e+00,6.761040687561035156e-01
9.852000000000000313e+00,6.661038994789123535e-01
9.852999999999999758e+00,6.657913923263549805e-01
9.853999999999999204e+00,6.720414757728576660e-01
9.855000000000000426e+00,6.795416474342346191e-01
9.855999999999999872e+00,6.751665472984313965e-01
9.856999999999999318e+00,7.254798412322998047e-01
9.858000000000000540e+00,7.451676130294799805e-01
9.858999999999999986e+00,7.167297005653381348e-01
9.859999999999999432e+00,6.579787731170654297e-01
9.861000000000000654e+00,6.551662683486938477e-01
9.862000000000000099e+00,6.373534798622131348e-01
9.862999999999999545e+00,6.079780459403991699e-01
9.864000000000000767e+00,6.145406365394592285e-01
9.865000000000000213e+00,6.270408034324645996e-01
9.865999999999999659e+00,6.273533105850219727e-01
9.867000000000000881e+00,6.842291951179504395e-01
9.868000000000000327e+00,7.214172482490539551e-01
9.868999999999999773e+00,6.992294192314147949e-01
9.869999999999999218e+00,6.836041808128356934e-01
9.871000000000000441e+00,6.811041235923767090e-01
9.871999999999999886e+00,6.698539853096008301e-01
9.872999999999999332e+00,6.673539280891418457e-01
9.874000000000000554e+00,6.670414209365844727e-01
9.875000000000000000e+00,6.736040115356445312e-01
9.875999999999999446e+00,6.673539280891418457e-01
9.877000000000000668e+00,7.139171361923217773e-01
9.878000000000000114e+00,7.367299795150756836e-01
9.878999999999999559e+00,7.089170813560485840e-01
9.880000000000000782e+00,6.461036205291748047e-01
9.881000000000000227e+00,6.467286348342895508e-01
9.881999999999999673e+00,6.336033940315246582e-01
9.882999999999999119e+00,6.036029458045959473e-01
9.884000000000000341e+00,6.073530316352844238e-01
9.884999999999999787e+00,6.176656484603881836e-01
9.885999999999999233e+00,6.217282414436340332e-01
9.887000000000000455e+00,6.786041259765625000e-01
9.887999999999999901e+00,7.176672220230102539e-01
9.888999999999999346e+00,6.942293643951416016e-01
9.890000000000000568e+00,6.795416474342346191e-01
9.891000000000000014e+00,6.773540973663330078e-01
9.891999999999999460e+00,6.667289137840270996e-01
9.893000000000000682e+00,6.648538708686828613e-01
9.894000000000000128e+00,6.670414209365844727e-01
9.894999999999999574e+00,6.754790544509887695e-01
9.896000000000000796e+00,6.707915067672729492e-01
9.897000000000000242e+00,7.195422053337097168e-01
9.897999999999999687e+00,7.439175844192504883e-01
9.898999999999999133e+00,7.057920098304748535e-01
9.900000000000000355e+00,6.495411396026611328e-01
9.900999999999999801e+00,6.495411396026611328e-01
9.901999999999999247e+00,6.332908868789672852e-01
9.903000000000000469e+00,6.073530316352844238e-01
9.903999999999999915e+00,6.051654815673828125e-01
9.904999999999999361e+00,6.154781579971313477e-01
9.906000000000000583e+00,6.151656508445739746e-01
9.907000000000000028e+00,6.720414757728576660e-01
9.907999999999999474e+00,7.092295885086059570e-01
9.909000000000000696e+00,6.879792213439941406e-01
9.910000000000000142e+00,6.726664900779724121e-01
9.910999999999999588e+00,6.692289710044860840e-01
9.912000000000000810e+00,6.589162945747375488e-01
9.913000000000000256e+00,6.620413661003112793e-01
9.913999999999999702e+00,6.595413088798522949e-01
9.914999999999999147e+00,6.742290258407592773e-01
9.916000000000000369e+00,6.654788851737976074e-01
9.916999999999999815e+00,7.148546576499938965e-01
9.917999999999999261e+00,7.411050796508789062e-01
9.919000000000000483e+00,7.023544907569885254e-01
9.919999999999999929e+00,6.442285776138305664e-01
9.920999999999999375e+00,6.451660990715026855e-01
9.922000000000000597e+00,6.317284107208251953e-01
9.923000000000000043e+00,6.048529744148254395e-01
9.923999999999999488e+00,5.986028909683227539e-01
9.925000000000000711e+00,6.104780435562133789e-01
9.926000000000000156e+00,6.111030578613281250e-01
9.926999999999999602e+00,6.698539853096008301e-01
9.928000000000000824e+00,7.061045169830322266e-01
9.929000000000000270e+00,6.842291951179504395e-01
9.929999999999999716e+00,6.670414209365844727e-01
9.930999999999999162e+00,6.673539280891418457e-01
9.932000000000000384e+00,6.557912826538085938e-01
9.932999999999999829e+00,6.554787755012512207e-01
9.933999999999999275e+00,6.607913374900817871e-01
9.935000000000000497e+00,6.695414781570434570e-01
9.935999999999999943e+00,6.661038994789123535e-01
9.936999999999999389e+00,7.095420956611633301e-01
9.938000000000000611e+00,7.395425438880920410e-01
9.939000000000000057e+00,7.017294764518737793e-01
9.939999999999999503e+00,6.423535346984863281e-01
9.941000000000000725e+00,6.429785490036010742e-01
9.942000000000000171e+00,6.279783248901367188e-01
9.942999999999999616e+00,6.029779314994812012e-01
9.944000000000000838e+00,6.029779314994812012e-01
9.945000000000000284e+00,6.154781579971313477e-01
9.945999999999999730e+00,6.164156794548034668e-01
9.946999999999999176e+00,6.754790544509887695e-01
9.948000000000000398e+00,7.117295861244201660e-01
9.948999999999999844e+00,6.917293071746826172e-01
9.949999999999999289e+00,6.695414781570434570e-01
9.951000000000000512e+00,6.701664924621582031e-01
9.951999999999999957e+00,6.592288017272949219e-01
9.952999999999999403e+00,6.617288589477539062e-01
9.954000000000000625e+00,6.561037898063659668e-01
9.955000000000000071e+00,6.636039018630981445e-01
9.955999999999999517e+00,6.589162945747375488e-01
9.957000000000000739e+00,7.023544907569885254e-01
9.958000000000000185e+00,7.301673889160156250e-01
9.958999999999999631e+00,6.939168572425842285e-01
9.960000000000000853e+00,6.339159011840820312e-01
9.961000000000000298e+00,6.361034512519836426e-01
9.961999999999999744e+00,6.211032271385192871e-01
9.962999999999999190e+00,5.998529195785522461e-01
9.964000000000000412e+00,5.932903289794921875e-01
9.964999999999999858e+00,6.111030578613281250e-01
9.965999999999999304e+00,6.148531436920166016e-01
9.967000000000000526e+00,6.686039566993713379e-01
9.967999999999999972e+00,7.061045169830322266e-01
9.968999999999999417e+00,6.886042356491088867e-01
9.970000000000000639e+00,6.654788851737976074e-01
9.971000000000000085e+00,6.673539280891418457e-01
9.971999999999999531e+00,6.557912826538085938e-01
9.973000000000000753e+00,6.570412516593933105e-01
9.974000000000000199e+00,6.589162945747375488e-01
9.974999999999999645e+00,6.667289137840270996e-01
9.976000000000000867e+00,6.595413088798522949e-01
9.977000000000000313e+00,7.054795026779174805e-01
9.977999999999999758e+00,7.361049652099609375e-01
9.978999999999999204e+00,6.964168548583984375e-01
9.980000000000000426e+00,6.398535370826721191e-01
9.980999999999999872e+00,6.395410299301147461e-01
9.981999999999999318e+00,6.226657629013061523e-01
9.983000000000000540e+00,6.011029481887817383e-01
9.983999999999999986e+00,5.914152860641479492e-01
9.984999999999999432e+00,6.061030030250549316e-01
9.986000000000000654e+00,6.011029481887817383e-01
9.987000000000000099e+00,6.611038446426391602e-01
9.987999999999999545e+00,7.011044621467590332e-01
9.989000000000000767e+00,6.795416474342346191e-01
9.990000000000000213e+00,6.598538160324096680e-01
9.990999999999999659e+00,6.554787755012512207e-01
9.992000000000000881e+00,6.492286324501037598e-01
9.993000000000000327e+00,6.501661539077758789e-01
9.993999999999999773e+00,6.536037325859069824e-01
9.994999999999999218e+00,6.632913947105407715e-01
9.996000000000000441e+00,6.573537588119506836e-01
9.996999999999999886e+00,7.017294764518737793e-01
9.997999999999999332e+00,7.292298674583435059e-01
9.999000000000000554e+00,6.898542642593383789e-01
