time,voltage
0.000000000000000000e+00,-6.030873298645019531e+00
1.000000000000000021e-03,-7.750899314880371094e+00
2.000000000000000042e-03,-8.926855087280273438e+00
3.000000000000000062e-03,-9.721241950988769531e+00
4.000000000000000083e-03,-1.013968563079833984e+01
5.000000000000000104e-03,-1.012781047821044922e+01
6.000000000000000125e-03,-1.006999778747558594e+01
7.000000000000000146e-03,-1.010687255859375000e+01
8.000000000000000167e-03,-1.013062286376953125e+01
8.999999999999999320e-03,-1.014999866485595703e+01
1.000000000000000021e-02,-1.015343570709228516e+01
1.099999999999999936e-02,-1.014562320709228516e+01
1.200000000000000025e-02,-1.011093521118164062e+01
1.299999999999999940e-02,-1.007374763488769531e+01
1.400000000000000029e-02,-1.006781005859375000e+01
1.499999999999999944e-02,-1.015062332153320312e+01
1.600000000000000033e-02,-1.014999866485595703e+01
1.700000000000000122e-02,-1.013312339782714844e+01
1.799999999999999864e-02,-1.009624767303466797e+01
1.899999999999999953e-02,-1.008062267303466797e+01
2.000000000000000042e-02,-9.884681701660156250e+00
2.100000000000000130e-02,-9.663741111755371094e+00
2.199999999999999872e-02,-9.457175254821777344e+00
2.299999999999999961e-02,-9.175608634948730469e+00
2.400000000000000050e-02,-8.907479286193847656e+00
2.500000000000000139e-02,-8.704977035522460938e+00
2.599999999999999881e-02,-8.514660835266113281e+00
2.699999999999999969e-02,-8.317157745361328125e+00
2.800000000000000058e-02,-8.136218070983886719e+00
2.900000000000000147e-02,-7.953715324401855469e+00
2.999999999999999889e-02,-7.786837577819824219e+00
3.099999999999999978e-02,-7.618710041046142578e+00
3.200000000000000067e-02,-7.465895175933837891e+00
3.300000000000000155e-02,-7.275892257690429688e+00
3.400000000000000244e-02,-7.076201915740966797e+00
3.500000000000000333e-02,-6.969950199127197266e+00
3.599999999999999728e-02,-6.886511325836181641e+00
3.699999999999999817e-02,-6.764321804046630859e+00
3.799999999999999906e-02,-6.668070316314697266e+00
3.899999999999999994e-02,-6.575256347656250000e+00
4.000000000000000083e-02,-6.493067741394042969e+00
4.100000000000000172e-02,-6.390566349029541016e+00
4.200000000000000261e-02,-6.306502342224121094e+00
4.299999999999999656e-02,-6.145874977111816406e+00
4.399999999999999745e-02,-5.998997688293457031e+00
4.499999999999999833e-02,-5.921809196472167969e+00
4.599999999999999922e-02,-5.845245361328125000e+00
4.700000000000000011e-02,-5.765244007110595703e+00
4.800000000000000100e-02,-5.698680877685546875e+00
4.900000000000000189e-02,-5.617116928100585938e+00
5.000000000000000278e-02,-5.554303646087646484e+00
5.099999999999999672e-02,-5.483677387237548828e+00
5.199999999999999761e-02,-5.423364162445068359e+00
5.299999999999999850e-02,-5.320237636566162109e+00
5.399999999999999939e-02,-5.202735424041748047e+00
5.500000000000000028e-02,-5.176797866821289062e+00
5.600000000000000117e-02,-5.168047428131103516e+00
5.700000000000000205e-02,-5.117109298706054688e+00
5.800000000000000294e-02,-5.088358879089355469e+00
5.899999999999999689e-02,-5.057108402252197266e+00
5.999999999999999778e-02,-5.036170482635498047e+00
6.099999999999999867e-02,-4.986169815063476562e+00
6.199999999999999956e-02,-4.953044414520263672e+00
6.300000000000000044e-02,-4.845542907714843750e+00
6.400000000000000133e-02,-4.746478557586669922e+00
6.500000000000000222e-02,-4.714915752410888672e+00
6.600000000000000311e-02,-4.684602737426757812e+00
6.700000000000000400e-02,-4.644602298736572266e+00
6.800000000000000488e-02,-4.614601612091064453e+00
6.900000000000000577e-02,-4.569288253784179688e+00
7.000000000000000666e-02,-4.541475772857666016e+00
7.099999999999999367e-02,-4.503037452697753906e+00
7.199999999999999456e-02,-4.474599361419677734e+00
7.299999999999999545e-02,-4.400223255157470703e+00
7.399999999999999634e-02,-4.311471939086914062e+00
7.499999999999999722e-02,-4.310846805572509766e+00
7.599999999999999811e-02,-4.330222129821777344e+00
7.699999999999999900e-02,-4.302721977233886719e+00
7.799999999999999989e-02,-4.298034191131591797e+00
7.900000000000000078e-02,-4.290534019470214844e+00
8.000000000000000167e-02,-4.284909248352050781e+00
8.100000000000000255e-02,-4.256158828735351562e+00
8.200000000000000344e-02,-4.240846157073974609e+00
8.300000000000000433e-02,-4.150844573974609375e+00
8.400000000000000522e-02,-4.069593429565429688e+00
8.500000000000000611e-02,-4.057093143463134766e+00
8.599999999999999312e-02,-4.043343067169189453e+00
8.699999999999999400e-02,-4.015842437744140625e+00
8.799999999999999489e-02,-3.999904870986938477e+00
8.899999999999999578e-02,-3.972404479980468750e+00
8.999999999999999667e-02,-3.955216646194458008e+00
9.099999999999999756e-02,-3.933966159820556641e+00
9.199999999999999845e-02,-3.913028478622436523e+00
9.299999999999999933e-02,-3.854277610778808594e+00
9.400000000000000022e-02,-3.778338909149169922e+00
9.500000000000000111e-02,-3.786776542663574219e+00
9.600000000000000200e-02,-3.816152095794677734e+00
9.700000000000000289e-02,-3.801464319229125977e+00
9.800000000000000377e-02,-3.802714347839355469e+00
9.900000000000000466e-02,-3.806151866912841797e+00
1.000000000000000056e-01,-3.812402009963989258e+00
1.010000000000000064e-01,-3.793339014053344727e+00
1.019999999999999934e-01,-3.785526514053344727e+00
1.029999999999999943e-01,-3.703337669372558594e+00
1.039999999999999952e-01,-3.633336782455444336e+00
1.049999999999999961e-01,-3.625524044036865234e+00
1.059999999999999970e-01,-3.617711544036865234e+00
1.069999999999999979e-01,-3.600523710250854492e+00
1.079999999999999988e-01,-3.590210914611816406e+00
1.089999999999999997e-01,-3.573335886001586914e+00
1.100000000000000006e-01,-3.562398195266723633e+00
1.110000000000000014e-01,-3.543335199356079102e+00
1.120000000000000023e-01,-3.532085180282592773e+00
1.130000000000000032e-01,-3.479896783828735352e+00
1.140000000000000041e-01,-3.408645868301391602e+00
1.150000000000000050e-01,-3.423333406448364258e+00
1.160000000000000059e-01,-3.463646650314331055e+00
1.170000000000000068e-01,-3.452083826065063477e+00
1.179999999999999938e-01,-3.458959102630615234e+00
1.189999999999999947e-01,-3.463646650314331055e+00
1.199999999999999956e-01,-3.477084398269653320e+00
1.209999999999999964e-01,-3.460209131240844727e+00
1.219999999999999973e-01,-3.460209131240844727e+00
1.229999999999999982e-01,-3.383645296096801758e+00
1.239999999999999991e-01,-3.310519218444824219e+00
1.250000000000000000e-01,-3.310519218444824219e+00
1.260000000000000009e-01,-3.308956623077392578e+00
1.270000000000000018e-01,-3.295206546783447266e+00
1.280000000000000027e-01,-3.291456460952758789e+00
1.290000000000000036e-01,-3.274581193923950195e+00
1.300000000000000044e-01,-3.269268751144409180e+00
1.310000000000000053e-01,-3.258331060409545898e+00
1.320000000000000062e-01,-3.247705698013305664e+00
1.330000000000000071e-01,-3.197392463684082031e+00
1.340000000000000080e-01,-3.132704019546508789e+00
1.350000000000000089e-01,-3.150516748428344727e+00
1.360000000000000098e-01,-3.193330049514770508e+00
1.370000000000000107e-01,-3.187392473220825195e+00
1.380000000000000115e-01,-3.194892406463623047e+00
1.390000000000000124e-01,-3.200517654418945312e+00
1.400000000000000133e-01,-3.225205421447753906e+00
1.409999999999999865e-01,-3.209580183029174805e+00
1.419999999999999873e-01,-3.208642721176147461e+00
1.429999999999999882e-01,-3.134266614913940430e+00
1.439999999999999891e-01,-3.069890499114990234e+00
1.449999999999999900e-01,-3.071140527725219727e+00
1.459999999999999909e-01,-3.072390556335449219e+00
1.469999999999999918e-01,-3.060202836990356445e+00
1.479999999999999927e-01,-3.058327913284301758e+00
1.489999999999999936e-01,-3.048327684402465820e+00
1.499999999999999944e-01,-3.047077655792236328e+00
1.509999999999999953e-01,-3.035202503204345703e+00
1.519999999999999962e-01,-3.028327465057373047e+00
1.529999999999999971e-01,-2.979264259338378906e+00
1.539999999999999980e-01,-2.916450738906860352e+00
1.549999999999999989e-01,-2.935200929641723633e+00
1.559999999999999998e-01,-2.977701663970947266e+00
1.570000000000000007e-01,-2.975514173507690430e+00
1.580000000000000016e-01,-2.985201835632324219e+00
1.590000000000000024e-01,-2.998639583587646484e+00
1.600000000000000033e-01,-3.026452541351318359e+00
1.610000000000000042e-01,-3.008014678955078125e+00
1.620000000000000051e-01,-3.013639688491821289e+00
1.630000000000000060e-01,-2.940826177597045898e+00
1.640000000000000069e-01,-2.876762628555297852e+00
1.650000000000000078e-01,-2.877387762069702148e+00
1.660000000000000087e-01,-2.880200147628784180e+00
1.670000000000000095e-01,-2.872699975967407227e+00
1.680000000000000104e-01,-2.871449947357177734e+00
1.690000000000000113e-01,-2.863012552261352539e+00
1.700000000000000122e-01,-2.860824823379516602e+00
1.710000000000000131e-01,-2.850199699401855469e+00
1.719999999999999862e-01,-2.847387313842773438e+00
1.729999999999999871e-01,-2.802699089050292969e+00
1.739999999999999880e-01,-2.740198135375976562e+00
1.749999999999999889e-01,-2.761448383331298828e+00
1.759999999999999898e-01,-2.805824041366577148e+00
1.769999999999999907e-01,-2.804261445999145508e+00
1.779999999999999916e-01,-2.818324327468872070e+00
1.789999999999999925e-01,-2.830512046813964844e+00
1.799999999999999933e-01,-2.856137275695800781e+00
1.809999999999999942e-01,-2.842699527740478516e+00
1.819999999999999951e-01,-2.846762180328369141e+00
1.829999999999999960e-01,-2.773948669433593750e+00
1.839999999999999969e-01,-2.713010072708129883e+00
1.849999999999999978e-01,-2.716135263442993164e+00
1.859999999999999987e-01,-2.721447706222534180e+00
1.869999999999999996e-01,-2.717385292053222656e+00
1.880000000000000004e-01,-2.713947772979736328e+00
1.890000000000000013e-01,-2.707072496414184570e+00
1.900000000000000022e-01,-2.708322525024414062e+00
1.910000000000000031e-01,-2.701447486877441406e+00
1.920000000000000040e-01,-2.696134805679321289e+00
1.930000000000000049e-01,-2.654884338378906250e+00
1.940000000000000058e-01,-2.592695713043212891e+00
1.950000000000000067e-01,-2.615196228027343750e+00
1.960000000000000075e-01,-2.661446809768676758e+00
1.970000000000000084e-01,-2.658946752548217773e+00
1.980000000000000093e-01,-2.678322076797485352e+00
1.990000000000000102e-01,-2.685822248458862305e+00
2.000000000000000111e-01,-2.718635320663452148e+00
2.010000000000000120e-01,-2.701760053634643555e+00
2.020000000000000129e-01,-2.708009958267211914e+00
2.030000000000000138e-01,-2.638321399688720703e+00
2.039999999999999869e-01,-2.581133127212524414e+00
2.049999999999999878e-01,-2.585508108139038086e+00
2.059999999999999887e-01,-2.584258079528808594e+00
2.069999999999999896e-01,-2.584258079528808594e+00
2.079999999999999905e-01,-2.582695722579956055e+00
2.089999999999999913e-01,-2.576758146286010742e+00
2.099999999999999922e-01,-2.579258203506469727e+00
2.109999999999999931e-01,-2.574882984161376953e+00
2.119999999999999940e-01,-2.569570541381835938e+00
2.129999999999999949e-01,-2.530819892883300781e+00
2.139999999999999958e-01,-2.466443777084350586e+00
2.149999999999999967e-01,-2.487381696701049805e+00
2.159999999999999976e-01,-2.533632516860961914e+00
2.169999999999999984e-01,-2.536132335662841797e+00
2.179999999999999993e-01,-2.555195331573486328e+00
2.190000000000000002e-01,-2.566445350646972656e+00
2.200000000000000011e-01,-2.595508337020874023e+00
2.210000000000000020e-01,-2.583633184432983398e+00
2.220000000000000029e-01,-2.592695713043212891e+00
2.230000000000000038e-01,-2.523632287979125977e+00
2.240000000000000047e-01,-2.458318710327148438e+00
2.250000000000000056e-01,-2.467381477355957031e+00
2.260000000000000064e-01,-2.473006486892700195e+00
2.270000000000000073e-01,-2.468318939208984375e+00
2.280000000000000082e-01,-2.469568967819213867e+00
2.290000000000000091e-01,-2.463631391525268555e+00
2.300000000000000100e-01,-2.467693805694580078e+00
2.310000000000000109e-01,-2.463006258010864258e+00
2.320000000000000118e-01,-2.456756353378295898e+00
2.330000000000000127e-01,-2.418943166732788086e+00
2.340000000000000135e-01,-2.359879732131958008e+00
2.349999999999999867e-01,-2.379567623138427734e+00
2.359999999999999876e-01,-2.428943395614624023e+00
2.369999999999999885e-01,-2.432693481445312500e+00
2.379999999999999893e-01,-2.445506095886230469e+00
2.389999999999999902e-01,-2.459568738937377930e+00
2.399999999999999911e-01,-2.487069129943847656e+00
2.409999999999999920e-01,-2.480818986892700195e+00
2.419999999999999929e-01,-2.487694263458251953e+00
2.429999999999999938e-01,-2.420193195343017578e+00
2.439999999999999947e-01,-2.357692241668701172e+00
2.449999999999999956e-01,-2.363942384719848633e+00
2.459999999999999964e-01,-2.374254941940307617e+00
2.469999999999999973e-01,-2.364254713058471680e+00
2.479999999999999982e-01,-2.372067451477050781e+00
2.489999999999999991e-01,-2.363629817962646484e+00
2.500000000000000000e-01,-2.368004798889160156e+00
2.510000000000000009e-01,-2.362067222595214844e+00
2.520000000000000018e-01,-2.359567165374755859e+00
2.530000000000000027e-01,-2.323941707611083984e+00
2.540000000000000036e-01,-2.262378215789794922e+00
2.550000000000000044e-01,-2.284566164016723633e+00
2.560000000000000053e-01,-2.334254264831542969e+00
2.570000000000000062e-01,-2.338942050933837891e+00
2.580000000000000071e-01,-2.353629589080810547e+00
2.590000000000000080e-01,-2.364879846572875977e+00
2.600000000000000089e-01,-2.394255399703979492e+00
2.610000000000000098e-01,-2.388630151748657227e+00
2.620000000000000107e-01,-2.396755218505859375e+00
2.630000000000000115e-01,-2.328629255294799805e+00
2.640000000000000124e-01,-2.268940925598144531e+00
2.650000000000000133e-01,-2.276128530502319336e+00
2.660000000000000142e-01,-2.282066106796264648e+00
2.670000000000000151e-01,-2.281440973281860352e+00
2.680000000000000160e-01,-2.284566164016723633e+00
2.690000000000000169e-01,-2.278316020965576172e+00
2.700000000000000178e-01,-2.278628587722778320e+00
2.710000000000000187e-01,-2.278940916061401367e+00
2.720000000000000195e-01,-2.274565935134887695e+00
2.730000000000000204e-01,-2.239252805709838867e+00
2.740000000000000213e-01,-2.177689552307128906e+00
2.750000000000000222e-01,-2.201127290725708008e+00
2.760000000000000231e-01,-2.245815515518188477e+00
2.770000000000000240e-01,-2.257378101348876953e+00
2.780000000000000249e-01,-2.272065877914428711e+00
2.790000000000000258e-01,-2.284566164016723633e+00
2.800000000000000266e-01,-2.311753988265991211e+00
2.810000000000000275e-01,-2.308316469192504883e+00
2.819999999999999729e-01,-2.318629026412963867e+00
2.829999999999999738e-01,-2.248940467834472656e+00
2.839999999999999747e-01,-2.188939571380615234e+00
2.849999999999999756e-01,-2.193314790725708008e+00
2.859999999999999765e-01,-2.197377204895019531e+00
2.869999999999999774e-01,-2.202064752578735352e+00
2.879999999999999782e-01,-2.202064752578735352e+00
2.889999999999999791e-01,-2.198314905166625977e+00
2.899999999999999800e-01,-2.201752424240112305e+00
2.909999999999999809e-01,-2.199564695358276367e+00
2.919999999999999818e-01,-2.201127290725708008e+00
2.929999999999999827e-01,-2.162689208984375000e+00
2.939999999999999836e-01,-2.103000879287719727e+00
2.949999999999999845e-01,-2.127688646316528320e+00
2.959999999999999853e-01,-2.173002004623413086e+00
2.969999999999999862e-01,-2.182064533233642578e+00
2.979999999999999871e-01,-2.197064876556396484e+00
2.989999999999999880e-01,-2.211440086364746094e+00
2.999999999999999889e-01,-2.239877939224243164e+00
3.009999999999999898e-01,-2.235190391540527344e+00
3.019999999999999907e-01,-2.243002891540527344e+00
3.029999999999999916e-01,-2.178314447402954102e+00
3.039999999999999925e-01,-2.118000984191894531e+00
3.049999999999999933e-01,-2.126751184463500977e+00
3.059999999999999942e-01,-2.130501270294189453e+00
3.069999999999999951e-01,-2.130813837051391602e+00
3.079999999999999960e-01,-2.136126279830932617e+00
3.089999999999999969e-01,-2.128001213073730469e+00
3.099999999999999978e-01,-2.130813837051391602e+00
3.109999999999999987e-01,-2.131126165390014648e+00
3.119999999999999996e-01,-2.128938674926757812e+00
3.130000000000000004e-01,-2.096750736236572266e+00
3.140000000000000013e-01,-2.034562349319458008e+00
3.150000000000000022e-01,-2.057062625885009766e+00
3.160000000000000031e-01,-2.102063417434692383e+00
3.170000000000000040e-01,-2.115188598632812500e+00
3.180000000000000049e-01,-2.130188703536987305e+00
3.190000000000000058e-01,-2.143626451492309570e+00
3.200000000000000067e-01,-2.173002004623413086e+00
3.210000000000000075e-01,-2.168626785278320312e+00
3.220000000000000084e-01,-2.173314332962036133e+00
3.230000000000000093e-01,-2.114563465118408203e+00
3.240000000000000102e-01,-2.050812482833862305e+00
3.250000000000000111e-01,-2.057375192642211914e+00
3.260000000000000120e-01,-2.062687635421752930e+00
3.270000000000000129e-01,-2.065500259399414062e+00
3.280000000000000138e-01,-2.070500373840332031e+00
3.290000000000000147e-01,-2.064875364303588867e+00
3.300000000000000155e-01,-2.068937778472900391e+00
3.310000000000000164e-01,-2.067062854766845703e+00
3.320000000000000173e-01,-2.070812940597534180e+00
3.330000000000000182e-01,-2.036437273025512695e+00
3.340000000000000191e-01,-1.973311305046081543e+00
3.350000000000000200e-01,-1.995186686515808105e+00
3.360000000000000209e-01,-2.041124820709228516e+00
3.370000000000000218e-01,-2.052375078201293945e+00
3.380000000000000226e-01,-2.065812826156616211e+00
3.390000000000000235e-01,-2.083312988281250000e+00
3.400000000000000244e-01,-2.114563465118408203e+00
3.410000000000000253e-01,-2.108313322067260742e+00
3.420000000000000262e-01,-2.114876031875610352e+00
3.430000000000000271e-01,-2.052375078201293945e+00
3.439999999999999725e-01,-1.996749162673950195e+00
3.449999999999999734e-01,-2.000499248504638672e+00
3.459999999999999742e-01,-2.005499362945556641e+00
3.469999999999999751e-01,-2.008311986923217773e+00
3.479999999999999760e-01,-2.012061834335327148e+00
3.489999999999999769e-01,-2.010812044143676758e+00
3.499999999999999778e-01,-2.011436939239501953e+00
3.509999999999999787e-01,-2.012061834335327148e+00
3.519999999999999796e-01,-2.010186910629272461e+00
3.529999999999999805e-01,-1.978311419486999512e+00
3.539999999999999813e-01,-1.914560437202453613e+00
3.549999999999999822e-01,-1.938623309135437012e+00
3.559999999999999831e-01,-1.980499029159545898e+00
3.569999999999999840e-01,-1.996436715126037598e+00
3.579999999999999849e-01,-2.013624429702758789e+00
3.589999999999999858e-01,-2.027062177658081055e+00
3.599999999999999867e-01,-2.059875249862670898e+00
3.609999999999999876e-01,-2.053312540054321289e+00
3.619999999999999885e-01,-2.058000087738037109e+00
3.629999999999999893e-01,-1.998936772346496582e+00
3.639999999999999902e-01,-1.937060832977294922e+00
3.649999999999999911e-01,-1.944873452186584473e+00
3.659999999999999920e-01,-1.953623533248901367e+00
3.669999999999999929e-01,-1.954248547554016113e+00
3.679999999999999938e-01,-1.961123704910278320e+00
3.689999999999999947e-01,-1.952998518943786621e+00
3.699999999999999956e-01,-1.958311080932617188e+00
3.709999999999999964e-01,-1.960186123847961426e+00
3.719999999999999973e-01,-1.955811142921447754e+00
3.729999999999999982e-01,-1.924560666084289551e+00
3.739999999999999991e-01,-1.863309741020202637e+00
3.750000000000000000e-01,-1.885497570037841797e+00
3.760000000000000009e-01,-1.932373285293579102e+00
3.770000000000000018e-01,-1.945810914039611816e+00
3.780000000000000027e-01,-1.961436152458190918e+00
3.790000000000000036e-01,-1.976748943328857422e+00
3.800000000000000044e-01,-2.009249448776245117e+00
3.810000000000000053e-01,-2.003936767578125000e+00
3.820000000000000062e-01,-2.007999420166015625e+00
3.830000000000000071e-01,-1.944560885429382324e+00
3.840000000000000080e-01,-1.888310074806213379e+00
3.850000000000000089e-01,-1.897997736930847168e+00
3.860000000000000098e-01,-1.903310298919677734e+00
3.870000000000000107e-01,-1.902060270309448242e+00
3.880000000000000115e-01,-1.910810351371765137e+00
3.890000000000000124e-01,-1.907372832298278809e+00
3.900000000000000133e-01,-1.907997846603393555e+00
3.910000000000000142e-01,-1.910185456275939941e+00
3.920000000000000151e-01,-1.907997846603393555e+00
3.930000000000000160e-01,-1.879247426986694336e+00
3.940000000000000169e-01,-1.818308949470520020e+00
3.950000000000000178e-01,-1.836434245109558105e+00
3.960000000000000187e-01,-1.884247541427612305e+00
3.970000000000000195e-01,-1.896747708320617676e+00
3.980000000000000204e-01,-1.915810465812683105e+00
3.990000000000000213e-01,-1.932373285293579102e+00
4.000000000000000222e-01,-1.960186123847961426e+00
4.010000000000000231e-01,-1.953936100006103516e+00
4.020000000000000240e-01,-1.962686181068420410e+00
4.030000000000000249e-01,-1.903310298919677734e+00
4.040000000000000258e-01,-1.842371821403503418e+00
4.050000000000000266e-01,-1.848621964454650879e+00
4.060000000000000275e-01,-1.858934640884399414e+00
4.069999999999999729e-01,-1.859559655189514160e+00
4.079999999999999738e-01,-1.864559650421142578e+00
4.089999999999999747e-01,-1.859559655189514160e+00
4.099999999999999756e-01,-1.864247202873229980e+00
4.109999999999999765e-01,-1.861434698104858398e+00
4.119999999999999774e-01,-1.865809679031372070e+00
4.129999999999999782e-01,-1.837059259414672852e+00
4.139999999999999791e-01,-1.767683267593383789e+00
4.149999999999999800e-01,-1.792058587074279785e+00
4.159999999999999809e-01,-1.837059259414672852e+00
4.169999999999999818e-01,-1.853309512138366699e+00
4.179999999999999827e-01,-1.872059822082519531e+00
4.189999999999999836e-01,-1.882997512817382812e+00
4.199999999999999845e-01,-1.917373061180114746e+00
4.209999999999999853e-01,-1.912685394287109375e+00
4.219999999999999862e-01,-1.914560437202453613e+00
4.229999999999999871e-01,-1.860809683799743652e+00
4.239999999999999880e-01,-1.800496220588684082e+00
4.249999999999999889e-01,-1.810496330261230469e+00
4.259999999999999898e-01,-1.814558982849121094e+00
4.269999999999999907e-01,-1.814871430397033691e+00
4.279999999999999916e-01,-1.820496559143066406e+00
4.289999999999999925e-01,-1.820809006690979004e+00
4.299999999999999933e-01,-1.823934078216552734e+00
4.309999999999999942e-01,-1.823621630668640137e+00
4.319999999999999951e-01,-1.822371602058410645e+00
4.329999999999999960e-01,-1.794871091842651367e+00
4.339999999999999969e-01,-1.728620171546936035e+00
4.349999999999999978e-01,-1.752058029174804688e+00
4.359999999999999987e-01,-1.797371149063110352e+00
4.369999999999999996e-01,-1.812058925628662109e+00
4.380000000000000004e-01,-1.832059264183044434e+00
4.390000000000000013e-01,-1.845496892929077148e+00
4.400000000000000022e-01,-1.877059936523437500e+00
4.410000000000000031e-01,-1.871122360229492188e+00
4.420000000000000040e-01,-1.874872326850891113e+00
4.430000000000000049e-01,-1.822684049606323242e+00
4.440000000000000058e-01,-1.760183095932006836e+00
4.450000000000000067e-01,-1.768308281898498535e+00
4.460000000000000075e-01,-1.779245853424072266e+00
4.470000000000000084e-01,-1.776120901107788086e+00
4.480000000000000093e-01,-1.783308506011962891e+00
4.490000000000000102e-01,-1.778933405876159668e+00
4.500000000000000111e-01,-1.781433463096618652e+00
4.510000000000000120e-01,-1.782683491706848145e+00
4.520000000000000129e-01,-1.782683491706848145e+00
4.530000000000000138e-01,-1.755495548248291016e+00
4.540000000000000147e-01,-1.688307046890258789e+00
4.550000000000000155e-01,-1.713932394981384277e+00
4.560000000000000164e-01,-1.756120562553405762e+00
4.570000000000000173e-01,-1.773933291435241699e+00
4.580000000000000182e-01,-1.793621063232421875e+00
4.590000000000000191e-01,-1.804871320724487305e+00
4.600000000000000200e-01,-1.838309288024902344e+00
4.610000000000000209e-01,-1.835184216499328613e+00
4.620000000000000218e-01,-1.837996840476989746e+00
4.630000000000000226e-01,-1.783620953559875488e+00
4.640000000000000235e-01,-1.722995042800903320e+00
4.650000000000000244e-01,-1.728932619094848633e+00
4.660000000000000253e-01,-1.738620281219482422e+00
4.670000000000000262e-01,-1.739557743072509766e+00
4.680000000000000271e-01,-1.745495438575744629e+00
4.689999999999999725e-01,-1.743932843208312988e+00
4.699999999999999734e-01,-1.748620390892028809e+00
4.709999999999999742e-01,-1.747682929039001465e+00
4.719999999999999751e-01,-1.747057914733886719e+00
4.729999999999999760e-01,-1.722682595252990723e+00
4.739999999999999769e-01,-1.652681469917297363e+00
4.749999999999999778e-01,-1.676431775093078613e+00
4.759999999999999787e-01,-1.719869971275329590e+00
4.769999999999999796e-01,-1.740807771682739258e+00
4.779999999999999805e-01,-1.757058024406433105e+00
4.789999999999999813e-01,-1.769245743751525879e+00
4.799999999999999822e-01,-1.805496335029602051e+00
4.809999999999999831e-01,-1.800183773040771484e+00
4.819999999999999840e-01,-1.802996277809143066e+00
4.829999999999999849e-01,-1.749245405197143555e+00
4.839999999999999858e-01,-1.689244508743286133e+00
4.849999999999999867e-01,-1.694869637489318848e+00
4.859999999999999876e-01,-1.703932285308837891e+00
4.869999999999999885e-01,-1.704244732856750488e+00
4.879999999999999893e-01,-1.713307380676269531e+00
4.889999999999999902e-01,-1.705807328224182129e+00
4.899999999999999911e-01,-1.712994933128356934e+00
4.909999999999999920e-01,-1.715494871139526367e+00
4.919999999999999929e-01,-1.715807437896728516e+00
4.929999999999999938e-01,-1.688932061195373535e+00
4.939999999999999947e-01,-1.616430878639221191e+00
4.949999999999999956e-01,-1.639868736267089844e+00
4.959999999999999964e-01,-1.685806989669799805e+00
4.969999999999999973e-01,-1.702994704246520996e+00
4.979999999999999982e-01,-1.723620057106018066e+00
4.989999999999999991e-01,-1.733932733535766602e+00
5.000000000000000000e-01,-1.769558310508728027e+00
5.010000000000000009e-01,-1.766433238983154297e+00
5.020000000000000018e-01,-1.769870758056640625e+00
5.030000000000000027e-01,-1.715182423591613770e+00
5.040000000000000036e-01,-1.653931498527526855e+00
5.050000000000000044e-01,-1.660494089126586914e+00
5.060000000000000053e-01,-1.670494198799133301e+00
5.070000000000000062e-01,-1.670494198799133301e+00
5.080000000000000071e-01,-1.680181860923767090e+00
5.090000000000000080e-01,-1.672369241714477539e+00
5.100000000000000089e-01,-1.679869413375854492e+00
5.110000000000000098e-01,-1.681431889533996582e+00
5.120000000000000107e-01,-1.682681918144226074e+00
5.130000000000000115e-01,-1.655181527137756348e+00
5.140000000000000124e-01,-1.585180401802062988e+00
5.150000000000000133e-01,-1.609243273735046387e+00
5.160000000000000142e-01,-1.652681469917297363e+00
5.170000000000000151e-01,-1.671431779861450195e+00
5.180000000000000160e-01,-1.691744565963745117e+00
5.190000000000000169e-01,-1.701744675636291504e+00
5.200000000000000178e-01,-1.740807771682739258e+00
5.210000000000000187e-01,-1.734557747840881348e+00
5.220000000000000195e-01,-1.738620281219482422e+00
5.230000000000000204e-01,-1.679556846618652344e+00
5.240000000000000213e-01,-1.621743440628051758e+00
5.250000000000000222e-01,-1.631743669509887695e+00
5.260000000000000231e-01,-1.636118769645690918e+00
5.270000000000000240e-01,-1.642681360244750977e+00
5.280000000000000249e-01,-1.645806312561035156e+00
5.290000000000000258e-01,-1.647368907928466797e+00
5.300000000000000266e-01,-1.651118993759155273e+00
5.310000000000000275e-01,-1.650493979454040527e+00
5.320000000000000284e-01,-1.650806427001953125e+00
5.330000000000000293e-01,-1.628931164741516113e+00
5.340000000000000302e-01,-1.555179953575134277e+00
5.350000000000000311e-01,-1.579242825508117676e+00
5.360000000000000320e-01,-1.621118545532226562e+00
5.370000000000000329e-01,-1.644243836402893066e+00
5.380000000000000338e-01,-1.663306593894958496e+00
5.390000000000000346e-01,-1.671744227409362793e+00
5.400000000000000355e-01,-1.708619832992553711e+00
5.410000000000000364e-01,-1.704557299613952637e+00
5.420000000000000373e-01,-1.707369804382324219e+00
5.430000000000000382e-01,-1.658619046211242676e+00
5.440000000000000391e-01,-1.595180630683898926e+00
5.450000000000000400e-01,-1.602368235588073730e+00
5.460000000000000409e-01,-1.605493307113647461e+00
5.470000000000000417e-01,-1.613930821418762207e+00
5.480000000000000426e-01,-1.618930935859680176e+00
5.490000000000000435e-01,-1.615493416786193848e+00
5.500000000000000444e-01,-1.622368454933166504e+00
5.510000000000000453e-01,-1.621118545532226562e+00
5.520000000000000462e-01,-1.623618483543395996e+00
5.530000000000000471e-01,-1.601430654525756836e+00
5.540000000000000480e-01,-1.527367115020751953e+00
5.550000000000000488e-01,-1.552367448806762695e+00
5.560000000000000497e-01,-1.589868068695068359e+00
5.570000000000000506e-01,-1.619243502616882324e+00
5.580000000000000515e-01,-1.633931159973144531e+00
5.590000000000000524e-01,-1.646118879318237305e+00
5.600000000000000533e-01,-1.680494427680969238e+00
5.610000000000000542e-01,-1.677681803703308105e+00
5.620000000000000551e-01,-1.677369356155395508e+00
5.629999999999999449e-01,-1.629243612289428711e+00
5.639999999999999458e-01,-1.563305139541625977e+00
5.649999999999999467e-01,-1.573617815971374512e+00
5.659999999999999476e-01,-1.580805420875549316e+00
5.669999999999999485e-01,-1.585805416107177734e+00
5.679999999999999494e-01,-1.590492963790893555e+00
5.689999999999999503e-01,-1.589555501937866211e+00
5.699999999999999512e-01,-1.595805644989013672e+00
5.709999999999999520e-01,-1.599243164062500000e+00
5.719999999999999529e-01,-1.592680573463439941e+00
5.729999999999999538e-01,-1.573930263519287109e+00
5.739999999999999547e-01,-1.502679228782653809e+00
5.749999999999999556e-01,-1.525179505348205566e+00
5.759999999999999565e-01,-1.565180182456970215e+00
5.769999999999999574e-01,-1.586117982864379883e+00
5.779999999999999583e-01,-1.609555840492248535e+00
5.789999999999999591e-01,-1.615805864334106445e+00
5.799999999999999600e-01,-1.654868960380554199e+00
5.809999999999999609e-01,-1.654556512832641602e+00
5.819999999999999618e-01,-1.651431441307067871e+00
5.829999999999999627e-01,-1.602680683135986328e+00
5.839999999999999636e-01,-1.540804743766784668e+00
5.849999999999999645e-01,-1.548304915428161621e+00
5.859999999999999654e-01,-1.557054996490478516e+00
5.869999999999999662e-01,-1.559555053710937500e+00
5.879999999999999671e-01,-1.566430211067199707e+00
5.889999999999999680e-01,-1.566742658615112305e+00
5.899999999999999689e-01,-1.570492744445800781e+00
5.909999999999999698e-01,-1.568617701530456543e+00
5.919999999999999707e-01,-1.566742658615112305e+00
5.929999999999999716e-01,-1.548617362976074219e+00
5.939999999999999725e-01,-1.476428747177124023e+00
5.949999999999999734e-01,-1.500179171562194824e+00
5.959999999999999742e-01,-1.538304686546325684e+00
5.969999999999999751e-01,-1.562680125236511230e+00
5.979999999999999760e-01,-1.582680344581604004e+00
5.989999999999999769e-01,-1.593305587768554688e+00
5.999999999999999778e-01,-1.627368569374084473e+00
6.009999999999999787e-01,-1.624556064605712891e+00
6.019999999999999796e-01,-1.628618597984313965e+00
6.029999999999999805e-01,-1.579867839813232422e+00
6.039999999999999813e-01,-1.517054438591003418e+00
6.049999999999999822e-01,-1.524242043495178223e+00
6.059999999999999831e-01,-1.529554605484008789e+00
6.069999999999999840e-01,-1.536742210388183594e+00
6.079999999999999849e-01,-1.543617248535156250e+00
6.089999999999999858e-01,-1.537679672241210938e+00
6.099999999999999867e-01,-1.545179843902587891e+00
6.109999999999999876e-01,-1.545804858207702637e+00
6.119999999999999885e-01,-1.546742320060729980e+00
6.129999999999999893e-01,-1.525492072105407715e+00
6.139999999999999902e-01,-1.449553370475769043e+00
6.149999999999999911e-01,-1.474866271018981934e+00
6.159999999999999920e-01,-1.516429424285888672e+00
6.169999999999999929e-01,-1.540804743766784668e+00
6.179999999999999938e-01,-1.558617591857910156e+00
6.189999999999999947e-01,-1.568305134773254395e+00
6.199999999999999956e-01,-1.604868292808532715e+00
6.209999999999999964e-01,-1.604555726051330566e+00
6.219999999999999973e-01,-1.601743221282958984e+00
6.229999999999999982e-01,-1.555492520332336426e+00
6.239999999999999991e-01,-1.492366552352905273e+00
6.250000000000000000e-01,-1.499554157257080078e+00
6.260000000000000009e-01,-1.507054209709167480e+00
6.270000000000000018e-01,-1.511741876602172852e+00
6.280000000000000027e-01,-1.515804409980773926e+00
6.290000000000000036e-01,-1.515491843223571777e+00
6.300000000000000044e-01,-1.519554495811462402e+00
6.310000000000000053e-01,-1.522054433822631836e+00
6.320000000000000062e-01,-1.520804405212402344e+00
6.330000000000000071e-01,-1.501116633415222168e+00
6.340000000000000080e-01,-1.426427960395812988e+00
6.350000000000000089e-01,-1.448615908622741699e+00
6.360000000000000098e-01,-1.488616466522216797e+00
6.370000000000000107e-01,-1.515491843223571777e+00
6.380000000000000115e-01,-1.534554719924926758e+00
6.390000000000000124e-01,-1.543929815292358398e+00
6.400000000000000133e-01,-1.584867954254150391e+00
6.410000000000000142e-01,-1.578617811203002930e+00
6.420000000000000151e-01,-1.575180292129516602e+00
6.430000000000000160e-01,-1.535492181777954102e+00
6.440000000000000169e-01,-1.470803737640380859e+00
6.450000000000000178e-01,-1.478303790092468262e+00
6.460000000000000187e-01,-1.484866380691528320e+00
6.470000000000000195e-01,-1.488616466522216797e+00
6.480000000000000204e-01,-1.495491623878479004e+00
6.490000000000000213e-01,-1.493616580963134766e+00
6.500000000000000222e-01,-1.496429085731506348e+00
6.510000000000000231e-01,-1.499866604804992676e+00
6.520000000000000240e-01,-1.498616576194763184e+00
6.530000000000000249e-01,-1.483303904533386230e+00
6.540000000000000258e-01,-1.407052755355834961e+00
6.550000000000000266e-01,-1.426115512847900391e+00
6.560000000000000275e-01,-1.464241147041320801e+00
6.570000000000000284e-01,-1.493304014205932617e+00
6.580000000000000293e-01,-1.514241814613342285e+00
6.590000000000000302e-01,-1.522679448127746582e+00
6.600000000000000311e-01,-1.562992572784423828e+00
6.610000000000000320e-01,-1.557054996490478516e+00
6.620000000000000329e-01,-1.557680010795593262e+00
6.630000000000000338e-01,-1.515804409980773926e+00
6.640000000000000346e-01,-1.449865818023681641e+00
6.650000000000000355e-01,-1.457678437232971191e+00
6.660000000000000364e-01,-1.462678551673889160e+00
6.670000000000000373e-01,-1.467678666114807129e+00
6.680000000000000382e-01,-1.474241256713867188e+00
6.690000000000000391e-01,-1.475178718566894531e+00
6.700000000000000400e-01,-1.477991342544555664e+00
6.710000000000000409e-01,-1.481428861618041992e+00
6.720000000000000417e-01,-1.477991342544555664e+00
6.730000000000000426e-01,-1.459553480148315430e+00
6.740000000000000435e-01,-1.384239912033081055e+00
6.750000000000000444e-01,-1.406427741050720215e+00
6.760000000000000453e-01,-1.447053313255310059e+00
6.770000000000000462e-01,-1.473303675651550293e+00
6.780000000000000471e-01,-1.494241595268249512e+00
6.790000000000000480e-01,-1.501116633415222168e+00
6.800000000000000488e-01,-1.540179729461669922e+00
6.810000000000000497e-01,-1.537679672241210938e+00
6.820000000000000506e-01,-1.534242153167724609e+00
6.830000000000000515e-01,-1.495179057121276855e+00
6.840000000000000524e-01,-1.427677989006042480e+00
6.850000000000000533e-01,-1.434865593910217285e+00
6.860000000000000542e-01,-1.445490837097167969e+00
6.870000000000000551e-01,-1.448303341865539551e+00
6.879999999999999449e-01,-1.452990889549255371e+00
6.889999999999999458e-01,-1.452365875244140625e+00
6.899999999999999467e-01,-1.455490946769714355e+00
6.909999999999999476e-01,-1.458303451538085938e+00
6.919999999999999485e-01,-1.457365989685058594e+00
6.929999999999999494e-01,-1.442053198814392090e+00
6.939999999999999503e-01,-1.366114616394042969e+00
6.949999999999999512e-01,-1.386427402496337891e+00
6.959999999999999520e-01,-1.424553036689758301e+00
6.969999999999999529e-01,-1.450178384780883789e+00
6.979999999999999538e-01,-1.469241142272949219e+00
6.989999999999999547e-01,-1.481428861618041992e+00
6.999999999999999556e-01,-1.520179390907287598e+00
7.009999999999999565e-01,-1.515804409980773926e+00
7.019999999999999574e-01,-1.513304352760314941e+00
7.029999999999999583e-01,-1.472678780555725098e+00
7.039999999999999591e-01,-1.407677769660949707e+00
7.049999999999999600e-01,-1.414865374565124512e+00
7.059999999999999609e-01,-1.421740412712097168e+00
7.069999999999999618e-01,-1.427365541458129883e+00
7.079999999999999627e-01,-1.431428074836730957e+00
7.089999999999999636e-01,-1.432053089141845703e+00
7.099999999999999645e-01,-1.435490608215332031e+00
7.109999999999999654e-01,-1.439865708351135254e+00
7.119999999999999662e-01,-1.438303232192993164e+00
7.129999999999999671e-01,-1.422052979469299316e+00
7.139999999999999680e-01,-1.347989320755004883e+00
7.149999999999999689e-01,-1.364864587783813477e+00
7.159999999999999698e-01,-1.403927683830261230e+00
7.169999999999999707e-01,-1.434865593910217285e+00
7.179999999999999716e-01,-1.452678442001342773e+00
7.189999999999999725e-01,-1.460491061210632324e+00
7.199999999999999734e-01,-1.501741647720336914e+00
7.209999999999999742e-01,-1.494241595268249512e+00
7.219999999999999751e-01,-1.489553928375244141e+00
7.229999999999999760e-01,-1.454240918159484863e+00
7.239999999999999769e-01,-1.390802502632141113e+00
7.249999999999999778e-01,-1.397677540779113770e+00
7.259999999999999787e-01,-1.405802726745605469e+00
7.269999999999999796e-01,-1.407677769660949707e+00
7.279999999999999805e-01,-1.414552807807922363e+00
7.289999999999999813e-01,-1.414552807807922363e+00
7.299999999999999822e-01,-1.417990446090698242e+00
7.309999999999999831e-01,-1.420490384101867676e+00
7.319999999999999840e-01,-1.418615341186523438e+00
7.329999999999999849e-01,-1.404865145683288574e+00
7.339999999999999858e-01,-1.331114053726196289e+00
7.349999999999999867e-01,-1.347051858901977539e+00
7.359999999999999876e-01,-1.386427402496337891e+00
7.369999999999999885e-01,-1.415490388870239258e+00
7.379999999999999893e-01,-1.435178160667419434e+00
7.389999999999999902e-01,-1.445803284645080566e+00
7.399999999999999911e-01,-1.483928918838500977e+00
7.409999999999999920e-01,-1.479866385459899902e+00
7.419999999999999929e-01,-1.473928689956665039e+00
7.429999999999999938e-01,-1.438303232192993164e+00
7.439999999999999947e-01,-1.372052192687988281e+00
7.449999999999999956e-01,-1.379239797592163086e+00
7.459999999999999964e-01,-1.385802388191223145e+00
7.469999999999999973e-01,-1.392364978790283203e+00
7.479999999999999982e-01,-1.394865036010742188e+00
7.489999999999999991e-01,-1.395177483558654785e+00
7.500000000000000000e-01,-1.402052640914916992e+00
7.510000000000000009e-01,-1.404552698135375977e+00
7.520000000000000018e-01,-1.402365207672119141e+00
7.530000000000000027e-01,-1.387989878654479980e+00
7.540000000000000036e-01,-1.313301324844360352e+00
7.550000000000000044e-01,-1.328301548957824707e+00
7.560000000000000053e-01,-1.367677092552185059e+00
7.570000000000000062e-01,-1.398927569389343262e+00
7.580000000000000071e-01,-1.419865369796752930e+00
7.590000000000000080e-01,-1.424553036689758301e+00
7.600000000000000089e-01,-1.463303565979003906e+00
7.610000000000000098e-01,-1.463616132736206055e+00
7.620000000000000107e-01,-1.457365989685058594e+00
7.630000000000000115e-01,-1.421740412712097168e+00
7.640000000000000124e-01,-1.352364420890808105e+00
7.650000000000000133e-01,-1.360489487648010254e+00
7.660000000000000142e-01,-1.371114730834960938e+00
7.670000000000000151e-01,-1.373927235603332520e+00
7.680000000000000160e-01,-1.382677316665649414e+00
7.690000000000000169e-01,-1.380177259445190430e+00
7.700000000000000178e-01,-1.381114840507507324e+00
7.710000000000000187e-01,-1.386739969253540039e+00
7.720000000000000195e-01,-1.388302445411682129e+00
7.730000000000000204e-01,-1.371114730834960938e+00
7.740000000000000213e-01,-1.294863462448120117e+00
7.750000000000000222e-01,-1.310488700866699219e+00
7.760000000000000231e-01,-1.348614335060119629e+00
7.770000000000000240e-01,-1.381114840507507324e+00
7.780000000000000249e-01,-1.400490164756774902e+00
7.790000000000000258e-01,-1.408615231513977051e+00
7.800000000000000266e-01,-1.447990894317626953e+00
7.810000000000000275e-01,-1.442365765571594238e+00
7.820000000000000284e-01,-1.438928246498107910e+00
7.830000000000000293e-01,-1.406740188598632812e+00
7.840000000000000302e-01,-1.338614225387573242e+00
7.850000000000000311e-01,-1.345801830291748047e+00
7.860000000000000320e-01,-1.354239463806152344e+00
7.870000000000000329e-01,-1.355176925659179688e+00
7.880000000000000338e-01,-1.362677097320556641e+00
7.890000000000000346e-01,-1.361427068710327148e+00
7.900000000000000355e-01,-1.365177035331726074e+00
7.910000000000000364e-01,-1.371739625930786133e+00
7.920000000000000373e-01,-1.368302106857299805e+00
7.930000000000000382e-01,-1.354551911354064941e+00
7.940000000000000391e-01,-1.277675747871398926e+00
7.950000000000000400e-01,-1.294863462448120117e+00
7.960000000000000409e-01,-1.332989096641540527e+00
7.970000000000000417e-01,-1.365489602088928223e+00
7.980000000000000426e-01,-1.386427402496337891e+00
7.990000000000000435e-01,-1.392052531242370605e+00
8.000000000000000444e-01,-1.430803060531616211e+00
8.010000000000000453e-01,-1.429553031921386719e+00
8.020000000000000462e-01,-1.422990441322326660e+00
8.030000000000000471e-01,-1.387364864349365234e+00
8.040000000000000480e-01,-1.323301434516906738e+00
8.050000000000000488e-01,-1.329239010810852051e+00
8.060000000000000497e-01,-1.340176701545715332e+00
8.070000000000000506e-01,-1.342676758766174316e+00
8.080000000000000515e-01,-1.347989320755004883e+00
8.090000000000000524e-01,-1.345801830291748047e+00
8.100000000000000533e-01,-1.351114392280578613e+00
8.110000000000000542e-01,-1.354551911354064941e+00
8.120000000000000551e-01,-1.351739406585693359e+00
8.129999999999999449e-01,-1.340176701545715332e+00
8.139999999999999458e-01,-1.263612985610961914e+00
8.149999999999999467e-01,-1.279863238334655762e+00
8.159999999999999476e-01,-1.315801382064819336e+00
8.169999999999999485e-01,-1.351114392280578613e+00
8.179999999999999494e-01,-1.369239687919616699e+00
8.189999999999999503e-01,-1.377989768981933594e+00
8.199999999999999512e-01,-1.417365431785583496e+00
8.209999999999999520e-01,-1.411740303039550781e+00
8.219999999999999529e-01,-1.407990217208862305e+00
8.229999999999999538e-01,-1.375489711761474609e+00
8.239999999999999547e-01,-1.307676196098327637e+00
8.249999999999999556e-01,-1.312051296234130859e+00
8.259999999999999565e-01,-1.321426391601562500e+00
8.269999999999999574e-01,-1.327363967895507812e+00
8.279999999999999583e-01,-1.335176587104797363e+00
8.289999999999999591e-01,-1.333614110946655273e+00
8.299999999999999600e-01,-1.335801601409912109e+00
8.309999999999999609e-01,-1.335801601409912109e+00
8.319999999999999618e-01,-1.337051630020141602e+00
8.329999999999999627e-01,-1.326426506042480469e+00
8.339999999999999636e-01,-1.247675299644470215e+00
8.349999999999999645e-01,-1.266113042831420898e+00
8.359999999999999654e-01,-1.300488591194152832e+00
8.369999999999999662e-01,-1.333926558494567871e+00
8.379999999999999671e-01,-1.354239463806152344e+00
8.389999999999999680e-01,-1.361114501953125000e+00
8.399999999999999689e-01,-1.402052640914916992e+00
8.409999999999999698e-01,-1.397677540779113770e+00
8.419999999999999707e-01,-1.389864921569824219e+00
8.429999999999999716e-01,-1.361427068710327148e+00
8.439999999999999725e-01,-1.292050957679748535e+00
8.449999999999999734e-01,-1.297676086425781250e+00
8.459999999999999742e-01,-1.308301210403442383e+00
8.469999999999999751e-01,-1.313926339149475098e+00
8.479999999999999760e-01,-1.317676305770874023e+00
8.489999999999999769e-01,-1.317051291465759277e+00
8.499999999999999778e-01,-1.320801377296447754e+00
8.509999999999999787e-01,-1.326426506042480469e+00
8.519999999999999796e-01,-1.322051405906677246e+00
8.529999999999999805e-01,-1.306426167488098145e+00
8.539999999999999813e-01,-1.232362508773803711e+00
8.549999999999999822e-01,-1.250487804412841797e+00
8.559999999999999831e-01,-1.284863352775573730e+00
8.569999999999999840e-01,-1.318301320075988770e+00
8.579999999999999849e-01,-1.337051630020141602e+00
8.589999999999999858e-01,-1.348301768302917480e+00
8.599999999999999867e-01,-1.385802388191223145e+00
8.609999999999999876e-01,-1.386739969253540039e+00
8.619999999999999885e-01,-1.375489711761474609e+00
8.629999999999999893e-01,-1.347676873207092285e+00
8.639999999999999902e-01,-1.278300762176513672e+00
8.649999999999999911e-01,-1.284863352775573730e+00
8.659999999999999920e-01,-1.289238452911376953e+00
8.669999999999999929e-01,-1.296426057815551758e+00
8.679999999999999938e-01,-1.303613662719726562e+00
8.689999999999999947e-01,-1.301738619804382324e+00
8.699999999999999956e-01,-1.307051181793212891e+00
8.709999999999999964e-01,-1.309238672256469727e+00
8.719999999999999973e-01,-1.308926224708557129e+00
8.729999999999999982e-01,-1.294238448143005371e+00
8.739999999999999991e-01,-1.218299865722656250e+00
8.750000000000000000e-01,-1.237050175666809082e+00
8.760000000000000009e-01,-1.272988200187683105e+00
8.770000000000000018e-01,-1.306113719940185547e+00
8.780000000000000027e-01,-1.327988982200622559e+00
8.790000000000000036e-01,-1.333926558494567871e+00
8.800000000000000044e-01,-1.374552249908447266e+00
8.810000000000000053e-01,-1.370489716529846191e+00
8.820000000000000062e-01,-1.362677097320556641e+00
8.830000000000000071e-01,-1.334864139556884766e+00
8.840000000000000080e-01,-1.264550566673278809e+00
8.850000000000000089e-01,-1.268300652503967285e+00
8.860000000000000098e-01,-1.276738286018371582e+00
8.870000000000000107e-01,-1.285175919532775879e+00
8.880000000000000115e-01,-1.289863467216491699e+00
8.890000000000000124e-01,-1.285488367080688477e+00
8.900000000000000133e-01,-1.290800929069519043e+00
8.910000000000000142e-01,-1.296738505363464355e+00
8.920000000000000151e-01,-1.293613433837890625e+00
8.930000000000000160e-01,-1.282988309860229492e+00
8.940000000000000169e-01,-1.204549670219421387e+00
8.950000000000000178e-01,-1.222049951553344727e+00
8.960000000000000187e-01,-1.257987976074218750e+00
8.970000000000000195e-01,-1.292988538742065430e+00
8.980000000000000204e-01,-1.311113715171813965e+00
8.990000000000000213e-01,-1.318613886833190918e+00
9.000000000000000222e-01,-1.358927011489868164e+00
9.010000000000000231e-01,-1.354551911354064941e+00
9.020000000000000240e-01,-1.346114277839660645e+00
9.030000000000000249e-01,-1.327051520347595215e+00
9.040000000000000258e-01,-1.251425385475158691e+00
9.050000000000000266e-01,-1.254550337791442871e+00
9.060000000000000275e-01,-1.264550566673278809e+00
9.070000000000000284e-01,-1.271738171577453613e+00
9.080000000000000293e-01,-1.278300762176513672e+00
9.090000000000000302e-01,-1.273613214492797852e+00
9.100000000000000311e-01,-1.279550790786743164e+00
9.110000000000000320e-01,-1.282363295555114746e+00
9.120000000000000329e-01,-1.280175805091857910e+00
9.130000000000000338e-01,-1.271738171577453613e+00
9.140000000000000346e-01,-1.193611979484558105e+00
9.150000000000000355e-01,-1.207049727439880371e+00
9.160000000000000364e-01,-1.243300199508666992e+00
9.170000000000000373e-01,-1.277675747871398926e+00
9.180000000000000382e-01,-1.296426057815551758e+00
9.190000000000000391e-01,-1.305801153182983398e+00
9.200000000000000400e-01,-1.344239234924316406e+00
9.210000000000000409e-01,-1.341114163398742676e+00
9.220000000000000417e-01,-1.334239125251770020e+00
9.230000000000000426e-01,-1.308301210403442383e+00
9.240000000000000435e-01,-1.242675185203552246e+00
9.250000000000000444e-01,-1.241425156593322754e+00
9.260000000000000453e-01,-1.250800371170043945e+00
9.270000000000000462e-01,-1.257675409317016602e+00
9.280000000000000471e-01,-1.263300538063049316e+00
9.290000000000000480e-01,-1.262050509452819824e+00
9.300000000000000488e-01,-1.263925552368164062e+00
9.310000000000000497e-01,-1.267050623893737793e+00
9.320000000000000506e-01,-1.266113042831420898e+00
9.330000000000000515e-01,-1.259863018989562988e+00
9.340000000000000524e-01,-1.179861783981323242e+00
9.350000000000000533e-01,-1.196112036705017090e+00
9.360000000000000542e-01,-1.227987527847290039e+00
9.370000000000000551e-01,-1.264237999916076660e+00
9.379999999999999449e-01,-1.285488367080688477e+00
9.389999999999999458e-01,-1.289238452911376953e+00
9.399999999999999467e-01,-1.331426620483398438e+00
9.409999999999999476e-01,-1.328301548957824707e+00
9.419999999999999485e-01,-1.321113944053649902e+00
9.429999999999999494e-01,-1.297363519668579102e+00
9.439999999999999503e-01,-1.227674961090087891e+00
9.449999999999999512e-01,-1.228612542152404785e+00
9.459999999999999520e-01,-1.238300204277038574e+00
9.469999999999999529e-01,-1.243300199508666992e+00
9.479999999999999538e-01,-1.247987747192382812e+00
9.489999999999999547e-01,-1.248300313949584961e+00
9.499999999999999556e-01,-1.250175356864929199e+00
9.509999999999999565e-01,-1.257987976074218750e+00
9.519999999999999574e-01,-1.256112933158874512e+00
9.529999999999999583e-01,-1.244237780570983887e+00
9.539999999999999591e-01,-1.167674064636230469e+00
9.549999999999999600e-01,-1.183299303054809570e+00
9.559999999999999609e-01,-1.218299865722656250e+00
9.569999999999999618e-01,-1.250800371170043945e+00
9.579999999999999627e-01,-1.272988200187683105e+00
9.589999999999999636e-01,-1.282050848007202148e+00
9.599999999999999645e-01,-1.318301320075988770e+00
9.609999999999999654e-01,-1.317676305770874023e+00
9.619999999999999662e-01,-1.308613777160644531e+00
9.629999999999999671e-01,-1.286113381385803223e+00
9.639999999999999680e-01,-1.214862346649169922e+00
9.649999999999999689e-01,-1.217049837112426758e+00
9.659999999999999698e-01,-1.227674961090087891e+00
9.669999999999999707e-01,-1.232362508773803711e+00
9.679999999999999716e-01,-1.239237666130065918e+00
9.689999999999999725e-01,-1.238300204277038574e+00
9.699999999999999734e-01,-1.239862680435180664e+00
9.709999999999999742e-01,-1.242987751960754395e+00
9.719999999999999751e-01,-1.242362737655639648e+00
9.729999999999999760e-01,-1.232050061225891113e+00
9.739999999999999769e-01,-1.155798912048339844e+00
9.749999999999999778e-01,-1.171111583709716797e+00
9.759999999999999787e-01,-1.204237103462219238e+00
9.769999999999999796e-01,-1.240175127983093262e+00
9.779999999999999805e-01,-1.261113047599792480e+00
9.789999999999999813e-01,-1.270488142967224121e+00
9.799999999999999822e-01,-1.307363748550415039e+00
9.809999999999999831e-01,-1.307676196098327637e+00
9.819999999999999840e-01,-1.295801043510437012e+00
9.829999999999999849e-01,-1.274863243103027344e+00
9.839999999999999858e-01,-1.204237103462219238e+00
9.849999999999999867e-01,-1.202362060546875000e+00
9.859999999999999876e-01,-1.214549779891967773e+00
9.869999999999999885e-01,-1.222049951553344727e+00
9.879999999999999893e-01,-1.227049946784973145e+00
9.889999999999999902e-01,-1.228299975395202637e+00
9.899999999999999911e-01,-1.226112484931945801e+00
9.909999999999999920e-01,-1.235175132751464844e+00
9.919999999999999929e-01,-1.232362508773803711e+00
9.929999999999999938e-01,-1.223299860954284668e+00
9.939999999999999947e-01,-1.144548773765563965e+00
9.949999999999999956e-01,-1.158611416816711426e+00
9.959999999999999964e-01,-1.192986965179443359e+00
9.969999999999999973e-01,-1.227049946784973145e+00
9.979999999999999982e-01,-1.249862790107727051e+00
9.989999999999999991e-01,-1.258925437927246094e+00
1.000000000000000000e+00,-1.295176029205322266e+00
1.000999999999999890e+00,-1.294863462448120117e+00
1.002000000000000002e+00,-1.282050848007202148e+00
1.002999999999999892e+00,-1.262050509452819824e+00
1.004000000000000004e+00,-1.194549441337585449e+00
1.004999999999999893e+00,-1.193611979484558105e+00
1.006000000000000005e+00,-1.207049727439880371e+00
1.006999999999999895e+00,-1.209237217903137207e+00
1.008000000000000007e+00,-1.215174794197082520e+00
1.008999999999999897e+00,-1.215174794197082520e+00
1.010000000000000009e+00,-1.219549894332885742e+00
1.010999999999999899e+00,-1.219549894332885742e+00
1.012000000000000011e+00,-1.220799922943115234e+00
1.012999999999999901e+00,-1.210799694061279297e+00
1.014000000000000012e+00,-1.129860997200012207e+00
1.014999999999999902e+00,-1.147986292839050293e+00
1.016000000000000014e+00,-1.183924317359924316e+00
1.016999999999999904e+00,-1.215174794197082520e+00
1.018000000000000016e+00,-1.237362623214721680e+00
1.018999999999999906e+00,-1.249237775802612305e+00
1.020000000000000018e+00,-1.283925890922546387e+00
1.020999999999999908e+00,-1.282675862312316895e+00
1.022000000000000020e+00,-1.272363185882568359e+00
1.022999999999999909e+00,-1.253300428390502930e+00
1.024000000000000021e+00,-1.185174345970153809e+00
1.024999999999999911e+00,-1.177986741065979004e+00
1.026000000000000023e+00,-1.193924427032470703e+00
1.026999999999999913e+00,-1.197049498558044434e+00
1.028000000000000025e+00,-1.203299641609191895e+00
1.028999999999999915e+00,-1.202362060546875000e+00
1.030000000000000027e+00,-1.204237103462219238e+00
1.030999999999999917e+00,-1.209549665451049805e+00
1.032000000000000028e+00,-1.211424708366394043e+00
1.032999999999999918e+00,-1.200487017631530762e+00
1.034000000000000030e+00,-1.119235873222351074e+00
1.034999999999999920e+00,-1.135173559188842773e+00
1.036000000000000032e+00,-1.170799136161804199e+00
1.036999999999999922e+00,-1.202049612998962402e+00
1.038000000000000034e+00,-1.227987527847290039e+00
1.038999999999999924e+00,-1.235800147056579590e+00
1.040000000000000036e+00,-1.272988200187683105e+00
1.040999999999999925e+00,-1.274863243103027344e+00
1.042000000000000037e+00,-1.260800480842590332e+00
1.042999999999999927e+00,-1.240800142288208008e+00
1.044000000000000039e+00,-1.173611640930175781e+00
1.044999999999999929e+00,-1.169236540794372559e+00
1.046000000000000041e+00,-1.184549331665039062e+00
1.046999999999999931e+00,-1.187361836433410645e+00
1.048000000000000043e+00,-1.189549446105957031e+00
1.048999999999999932e+00,-1.193611979484558105e+00
1.050000000000000044e+00,-1.194236993789672852e+00
1.050999999999999934e+00,-1.198612093925476074e+00
1.052000000000000046e+00,-1.198612093925476074e+00
1.052999999999999936e+00,-1.188611865043640137e+00
1.054000000000000048e+00,-1.104235649108886719e+00
1.054999999999999938e+00,-1.123923420906066895e+00
1.056000000000000050e+00,-1.159548997879028320e+00
1.056999999999999940e+00,-1.193924427032470703e+00
1.058000000000000052e+00,-1.213612318038940430e+00
1.058999999999999941e+00,-1.225174903869628906e+00
1.060000000000000053e+00,-1.261425495147705078e+00
1.060999999999999943e+00,-1.263300538063049316e+00
1.062000000000000055e+00,-1.250175356864929199e+00
1.062999999999999945e+00,-1.231112480163574219e+00
1.064000000000000057e+00,-1.163611531257629395e+00
1.064999999999999947e+00,-1.158611416816711426e+00
1.066000000000000059e+00,-1.173299193382263184e+00
1.066999999999999948e+00,-1.178611755371093750e+00
1.068000000000000060e+00,-1.179549217224121094e+00
1.068999999999999950e+00,-1.183299303054809570e+00
1.070000000000000062e+00,-1.185174345970153809e+00
1.070999999999999952e+00,-1.187674403190612793e+00
1.072000000000000064e+00,-1.187674403190612793e+00
1.072999999999999954e+00,-1.176424145698547363e+00
1.074000000000000066e+00,-1.095798015594482422e+00
1.074999999999999956e+00,-1.110798239707946777e+00
1.076000000000000068e+00,-1.147986292839050293e+00
1.076999999999999957e+00,-1.182674288749694824e+00
1.078000000000000069e+00,-1.207362174987792969e+00
1.078999999999999959e+00,-1.212049722671508789e+00
1.080000000000000071e+00,-1.249550342559814453e+00
1.080999999999999961e+00,-1.248925328254699707e+00
1.082000000000000073e+00,-1.238612651824951172e+00
1.082999999999999963e+00,-1.223612427711486816e+00
1.084000000000000075e+00,-1.152986288070678711e+00
1.084999999999999964e+00,-1.145798683166503906e+00
1.086000000000000076e+00,-1.161423921585083008e+00
1.086999999999999966e+00,-1.163923978805541992e+00
1.088000000000000078e+00,-1.173611640930175781e+00
1.088999999999999968e+00,-1.171736598014831543e+00
1.090000000000000080e+00,-1.174236655235290527e+00
1.090999999999999970e+00,-1.179236769676208496e+00
1.092000000000000082e+00,-1.177049160003662109e+00
1.092999999999999972e+00,-1.167986631393432617e+00
1.094000000000000083e+00,-1.088610410690307617e+00
1.094999999999999973e+00,-1.105798125267028809e+00
1.096000000000000085e+00,-1.136423587799072266e+00
1.096999999999999975e+00,-1.171111583709716797e+00
1.098000000000000087e+00,-1.196737051010131836e+00
1.098999999999999977e+00,-1.203924655914306641e+00
1.100000000000000089e+00,-1.240487694740295410e+00
1.100999999999999979e+00,-1.241737723350524902e+00
1.102000000000000091e+00,-1.231425046920776367e+00
1.102999999999999980e+00,-1.213924765586853027e+00
1.104000000000000092e+00,-1.145486235618591309e+00
1.104999999999999982e+00,-1.140486121177673340e+00
1.106000000000000094e+00,-1.150798797607421875e+00
1.106999999999999984e+00,-1.156736373901367188e+00
1.108000000000000096e+00,-1.160486459732055664e+00
1.108999999999999986e+00,-1.160798907279968262e+00
1.110000000000000098e+00,-1.164236545562744141e+00
1.110999999999999988e+00,-1.167361617088317871e+00
1.112000000000000099e+00,-1.168611526489257812e+00
1.112999999999999989e+00,-1.159861445426940918e+00
1.114000000000000101e+00,-1.075797677040100098e+00
1.114999999999999991e+00,-1.092985391616821289e+00
1.116000000000000103e+00,-1.126735925674438477e+00
1.116999999999999993e+00,-1.160486459732055664e+00
1.118000000000000105e+00,-1.186111807823181152e+00
1.118999999999999995e+00,-1.195799469947814941e+00
1.120000000000000107e+00,-1.231425046920776367e+00
1.120999999999999996e+00,-1.231737494468688965e+00
1.122000000000000108e+00,-1.221737384796142578e+00
1.122999999999999998e+00,-1.203299641609191895e+00
1.124000000000000110e+00,-1.135173559188842773e+00
1.125000000000000000e+00,-1.127985954284667969e+00
1.125999999999999890e+00,-1.141736149787902832e+00
1.127000000000000002e+00,-1.147673726081848145e+00
1.127999999999999892e+00,-1.150486350059509277e+00
1.129000000000000004e+00,-1.150798797607421875e+00
1.129999999999999893e+00,-1.160798907279968262e+00
1.131000000000000005e+00,-1.160174012184143066e+00
1.131999999999999895e+00,-1.159236431121826172e+00
1.133000000000000007e+00,-1.150486350059509277e+00
1.133999999999999897e+00,-1.069860100746154785e+00
1.135000000000000009e+00,-1.087672829627990723e+00
1.135999999999999899e+00,-1.118298292160034180e+00
1.137000000000000011e+00,-1.151736378669738770e+00
1.137999999999999901e+00,-1.178299188613891602e+00
1.139000000000000012e+00,-1.182674288749694824e+00
1.139999999999999902e+00,-1.220799922943115234e+00
1.141000000000000014e+00,-1.223612427711486816e+00
1.141999999999999904e+00,-1.212362289428710938e+00
1.143000000000000016e+00,-1.196112036705017090e+00
1.143999999999999906e+00,-1.124548435211181641e+00
1.145000000000000018e+00,-1.120798349380493164e+00
1.145999999999999908e+00,-1.132048487663269043e+00
1.147000000000000020e+00,-1.137673616409301758e+00
1.147999999999999909e+00,-1.143298745155334473e+00
1.149000000000000021e+00,-1.141736149787902832e+00
1.149999999999999911e+00,-1.145173668861389160e+00
1.151000000000000023e+00,-1.152673840522766113e+00
1.151999999999999913e+00,-1.147986292839050293e+00
1.153000000000000025e+00,-1.141423702239990234e+00
1.153999999999999915e+00,-1.057984948158264160e+00
1.155000000000000027e+00,-1.077360153198242188e+00
1.155999999999999917e+00,-1.107360601425170898e+00
1.157000000000000028e+00,-1.142986178398132324e+00
1.157999999999999918e+00,-1.170174121856689453e+00
1.159000000000000030e+00,-1.175799250602722168e+00
1.159999999999999920e+00,-1.211737275123596191e+00
1.161000000000000032e+00,-1.213924765586853027e+00
1.161999999999999922e+00,-1.201424598693847656e+00
1.163000000000000034e+00,-1.186111807823181152e+00
1.163999999999999924e+00,-1.118923306465148926e+00
1.165000000000000036e+00,-1.109860658645629883e+00
1.165999999999999925e+00,-1.124235868453979492e+00
1.167000000000000037e+00,-1.127048492431640625e+00
1.167999999999999927e+00,-1.135798573493957520e+00
1.169000000000000039e+00,-1.133923530578613281e+00
1.169999999999999929e+00,-1.134548544883728027e+00
1.171000000000000041e+00,-1.141423702239990234e+00
1.171999999999999931e+00,-1.137048602104187012e+00
1.173000000000000043e+00,-1.131423473358154297e+00
1.173999999999999932e+00,-1.050797343254089355e+00
1.175000000000000044e+00,-1.066735029220581055e+00
1.175999999999999934e+00,-1.099547982215881348e+00
1.177000000000000046e+00,-1.133611083030700684e+00
1.177999999999999936e+00,-1.158923983573913574e+00
1.179000000000000048e+00,-1.169236540794372559e+00
1.179999999999999938e+00,-1.202987074851989746e+00
1.181000000000000050e+00,-1.203299641609191895e+00
1.181999999999999940e+00,-1.195799469947814941e+00
1.183000000000000052e+00,-1.179236769676208496e+00
1.183999999999999941e+00,-1.104548096656799316e+00
1.185000000000000053e+00,-1.101110577583312988e+00
1.185999999999999943e+00,-1.113610744476318359e+00
1.187000000000000055e+00,-1.121735811233520508e+00
1.187999999999999945e+00,-1.123923420906066895e+00
1.189000000000000057e+00,-1.126110911369323730e+00
1.189999999999999947e+00,-1.127048492431640625e+00
1.191000000000000059e+00,-1.129860997200012207e+00
1.191999999999999948e+00,-1.129548430442810059e+00
1.193000000000000060e+00,-1.125798463821411133e+00
1.193999999999999950e+00,-1.040484666824340820e+00
1.195000000000000062e+00,-1.059547424316406250e+00
1.195999999999999952e+00,-1.088297843933105469e+00
1.197000000000000064e+00,-1.125173449516296387e+00
1.197999999999999954e+00,-1.148298740386962891e+00
1.199000000000000066e+00,-1.157673954963684082e+00
1.199999999999999956e+00,-1.189861893653869629e+00
1.201000000000000068e+00,-1.189549446105957031e+00
1.201999999999999957e+00,-1.182674288749694824e+00
1.203000000000000069e+00,-1.169236540794372559e+00
1.203999999999999959e+00,-1.098922967910766602e+00
1.205000000000000071e+00,-1.091735363006591797e+00
1.205999999999999961e+00,-1.104548096656799316e+00
1.207000000000000073e+00,-1.108298182487487793e+00
1.207999999999999963e+00,-1.114548206329345703e+00
1.209000000000000075e+00,-1.115173220634460449e+00
1.209999999999999964e+00,-1.119548320770263672e+00
1.211000000000000076e+00,-1.121423363685607910e+00
1.211999999999999966e+00,-1.120173335075378418e+00
1.213000000000000078e+00,-1.117048263549804688e+00
1.213999999999999968e+00,-1.030797004699707031e+00
1.215000000000000080e+00,-1.049859762191772461e+00
1.215999999999999970e+00,-1.079547762870788574e+00
1.217000000000000082e+00,-1.116110801696777344e+00
1.217999999999999972e+00,-1.138611078262329102e+00
1.219000000000000083e+00,-1.146736264228820801e+00
1.219999999999999973e+00,-1.182986855506896973e+00
1.221000000000000085e+00,-1.183924317359924316e+00
1.221999999999999975e+00,-1.175486683845520020e+00
1.223000000000000087e+00,-1.163923978805541992e+00
1.223999999999999977e+00,-1.088922858238220215e+00
1.225000000000000089e+00,-1.079860210418701172e+00
1.225999999999999979e+00,-1.098610520362854004e+00
1.227000000000000091e+00,-1.102360606193542480e+00
1.227999999999999980e+00,-1.104860663414001465e+00
1.229000000000000092e+00,-1.107673168182373047e+00
1.229999999999999982e+00,-1.108298182487487793e+00
1.231000000000000094e+00,-1.112985730171203613e+00
1.231999999999999984e+00,-1.113610744476318359e+00
1.233000000000000096e+00,-1.105798125267028809e+00
1.233999999999999986e+00,-1.023921847343444824e+00
1.235000000000000098e+00,-1.042359709739685059e+00
1.235999999999999988e+00,-1.071110129356384277e+00
1.237000000000000099e+00,-1.106735587120056152e+00
1.237999999999999989e+00,-1.130798459053039551e+00
1.239000000000000101e+00,-1.138611078262329102e+00
1.239999999999999991e+00,-1.175174236297607422e+00
1.241000000000000103e+00,-1.177049160003662109e+00
1.241999999999999993e+00,-1.174549221992492676e+00
1.243000000000000105e+00,-1.154861330986022949e+00
1.243999999999999995e+00,-1.080485224723815918e+00
1.245000000000000107e+00,-1.074860095977783203e+00
1.245999999999999996e+00,-1.089547872543334961e+00
1.247000000000000108e+00,-1.092360377311706543e+00
1.247999999999999998e+00,-1.099235534667968750e+00
1.249000000000000110e+00,-1.099547982215881348e+00
1.250000000000000000e+00,-1.098922967910766602e+00
1.250999999999999890e+00,-1.105485677719116211e+00
1.252000000000000002e+00,-1.103923082351684570e+00
1.252999999999999892e+00,-1.097673058509826660e+00
1.254000000000000004e+00,-1.016421794891357422e+00
1.254999999999999893e+00,-1.035172104835510254e+00
1.256000000000000005e+00,-1.064547538757324219e+00
1.256999999999999895e+00,-1.096423029899597168e+00
1.258000000000000007e+00,-1.122985839843750000e+00
1.258999999999999897e+00,-1.134861111640930176e+00
1.260000000000000009e+00,-1.167361617088317871e+00
1.260999999999999899e+00,-1.169861555099487305e+00
1.262000000000000011e+00,-1.161736488342285156e+00
1.262999999999999901e+00,-1.147986292839050293e+00
1.264000000000000012e+00,-1.075797677040100098e+00
1.264999999999999902e+00,-1.064547538757324219e+00
1.266000000000000014e+00,-1.079235196113586426e+00
1.266999999999999904e+00,-1.085485339164733887e+00
1.268000000000000016e+00,-1.086422801017761230e+00
1.268999999999999906e+00,-1.090485334396362305e+00
1.270000000000000018e+00,-1.094547986984252930e+00
1.270999999999999908e+00,-1.097673058509826660e+00
1.272000000000000020e+00,-1.096735477447509766e+00
1.272999999999999909e+00,-1.090797901153564453e+00
1.274000000000000021e+00,-1.006734132766723633e+00
1.274999999999999911e+00,-1.023296833038330078e+00
1.276000000000000023e+00,-1.059547424316406250e+00
1.276999999999999913e+00,-1.090797901153564453e+00
1.278000000000000025e+00,-1.116423249244689941e+00
1.278999999999999915e+00,-1.124235868453979492e+00
1.280000000000000027e+00,-1.158298969268798828e+00
1.280999999999999917e+00,-1.161111474037170410e+00
1.282000000000000028e+00,-1.153923869132995605e+00
1.282999999999999918e+00,-1.139548659324645996e+00
1.284000000000000030e+00,-1.068922519683837891e+00
1.284999999999999920e+00,-1.059859871864318848e+00
1.286000000000000032e+00,-1.073610186576843262e+00
1.286999999999999922e+00,-1.077985167503356934e+00
1.288000000000000034e+00,-1.082985281944274902e+00
1.288999999999999924e+00,-1.085172772407531738e+00
1.290000000000000036e+00,-1.084860324859619141e+00
1.290999999999999925e+00,-1.089860439300537109e+00
1.292000000000000037e+00,-1.089547872543334961e+00
1.292999999999999927e+00,-1.084235310554504395e+00
1.294000000000000039e+00,-1.000483989715576172e+00
1.294999999999999929e+00,-1.016109228134155273e+00
1.296000000000000041e+00,-1.048609733581542969e+00
1.296999999999999931e+00,-1.082360267639160156e+00
1.298000000000000043e+00,-1.109548211097717285e+00
1.298999999999999932e+00,-1.117048263549804688e+00
1.300000000000000044e+00,-1.153611302375793457e+00
1.300999999999999934e+00,-1.151736378669738770e+00
1.302000000000000046e+00,-1.147986292839050293e+00
1.302999999999999936e+00,-1.132986068725585938e+00
1.304000000000000048e+00,-1.060797452926635742e+00
1.304999999999999938e+00,-1.049234747886657715e+00
1.306000000000000050e+00,-1.064859986305236816e+00
1.306999999999999940e+00,-1.067672491073608398e+00
1.308000000000000052e+00,-1.075172662734985352e+00
1.308999999999999941e+00,-1.075172662734985352e+00
1.310000000000000053e+00,-1.077672719955444336e+00
1.310999999999999943e+00,-1.079235196113586426e+00
1.312000000000000055e+00,-1.080797791481018066e+00
1.312999999999999945e+00,-1.075485110282897949e+00
1.314000000000000057e+00,-9.932963848114013672e-01
1.314999999999999947e+00,-1.009234189987182617e+00
1.316000000000000059e+00,-1.039547085762023926e+00
1.316999999999999948e+00,-1.074547648429870605e+00
1.318000000000000060e+00,-1.099235534667968750e+00
1.318999999999999950e+00,-1.109548211097717285e+00
1.320000000000000062e+00,-1.146111249923706055e+00
1.320999999999999952e+00,-1.146111249923706055e+00
1.322000000000000064e+00,-1.139236092567443848e+00
1.322999999999999954e+00,-1.125173449516296387e+00
1.324000000000000066e+00,-1.052047252655029297e+00
1.324999999999999956e+00,-1.040797114372253418e+00
1.326000000000000068e+00,-1.058922410011291504e+00
1.326999999999999957e+00,-1.064859986305236816e+00
1.328000000000000069e+00,-1.065172553062438965e+00
1.328999999999999959e+00,-1.069235086441040039e+00
1.330000000000000071e+00,-1.069547533988952637e+00
1.330999999999999961e+00,-1.074547648429870605e+00
1.332000000000000073e+00,-1.073297619819641113e+00
1.332999999999999963e+00,-1.070797562599182129e+00
1.334000000000000075e+00,-9.851712584495544434e-01
1.334999999999999964e+00,-1.002671599388122559e+00
1.336000000000000076e+00,-1.031109452247619629e+00
1.336999999999999966e+00,-1.068297505378723145e+00
1.338000000000000078e+00,-1.092047929763793945e+00
1.338999999999999968e+00,-1.100485563278198242e+00
1.340000000000000080e+00,-1.137361049652099609e+00
1.340999999999999970e+00,-1.138923645019531250e+00
1.342000000000000082e+00,-1.133611083030700684e+00
1.342999999999999972e+00,-1.118298292160034180e+00
1.344000000000000083e+00,-1.045797228813171387e+00
1.344999999999999973e+00,-1.031422019004821777e+00
1.346000000000000085e+00,-1.049547314643859863e+00
1.346999999999999975e+00,-1.054859876632690430e+00
1.348000000000000087e+00,-1.056734919548034668e+00
1.348999999999999977e+00,-1.062672495841979980e+00
1.350000000000000089e+00,-1.060797452926635742e+00
1.350999999999999979e+00,-1.067047476768493652e+00
1.352000000000000091e+00,-1.062984943389892578e+00
1.352999999999999980e+00,-1.062047481536865234e+00
1.354000000000000092e+00,-9.779836535453796387e-01
1.354999999999999982e+00,-9.923588633537292480e-01
1.356000000000000094e+00,-1.024234414100646973e+00
1.356999999999999984e+00,-1.062984943389892578e+00
1.358000000000000096e+00,-1.082360267639160156e+00
1.358999999999999986e+00,-1.093922972679138184e+00
1.360000000000000098e+00,-1.127048492431640625e+00
1.360999999999999988e+00,-1.125798463821411133e+00
1.362000000000000099e+00,-1.124548435211181641e+00
1.362999999999999989e+00,-1.112360715866088867e+00
1.364000000000000101e+00,-1.037359595298767090e+00
1.364999999999999991e+00,-1.025796890258789062e+00
1.366000000000000103e+00,-1.041109681129455566e+00
1.366999999999999993e+00,-1.045797228813171387e+00
1.368000000000000105e+00,-1.048297286033630371e+00
1.368999999999999995e+00,-1.051422238349914551e+00
1.370000000000000107e+00,-1.052984833717346191e+00
1.370999999999999996e+00,-1.060484886169433594e+00
1.372000000000000108e+00,-1.056109905242919922e+00
1.372999999999999998e+00,-1.055484890937805176e+00
1.374000000000000110e+00,-9.686085581779479980e-01
1.375000000000000000e+00,-9.867337942123413086e-01
1.375999999999999890e+00,-1.015796780586242676e+00
1.377000000000000002e+00,-1.050797343254089355e+00
1.377999999999999892e+00,-1.072672605514526367e+00
1.379000000000000004e+00,-1.086422801017761230e+00
1.379999999999999893e+00,-1.118298292160034180e+00
1.381000000000000005e+00,-1.121423363685607910e+00
1.381999999999999895e+00,-1.118610858917236328e+00
1.383000000000000007e+00,-1.103298068046569824e+00
1.383999999999999897e+00,-1.031109452247619629e+00
1.385000000000000009e+00,-1.021109342575073242e+00
1.385999999999999899e+00,-1.032359480857849121e+00
1.387000000000000011e+00,-1.040172100067138672e+00
1.387999999999999901e+00,-1.044859647750854492e+00
1.389000000000000012e+00,-1.046109676361083984e+00
1.389999999999999902e+00,-1.044859647750854492e+00
1.391000000000000014e+00,-1.049234747886657715e+00
1.391999999999999904e+00,-1.050172328948974609e+00
1.393000000000000016e+00,-1.047984719276428223e+00
1.393999999999999906e+00,-9.642334580421447754e-01
1.395000000000000018e+00,-9.801712036132812500e-01
1.395999999999999908e+00,-1.008296608924865723e+00
1.397000000000000020e+00,-1.043297171592712402e+00
1.397999999999999909e+00,-1.067047476768493652e+00
1.399000000000000021e+00,-1.079235196113586426e+00
1.399999999999999911e+00,-1.111110687255859375e+00
1.401000000000000023e+00,-1.113923192024230957e+00
1.401999999999999913e+00,-1.108298182487487793e+00
1.403000000000000025e+00,-1.100172996520996094e+00
1.403999999999999915e+00,-1.025796890258789062e+00
1.405000000000000027e+00,-1.012671709060668945e+00
1.405999999999999917e+00,-1.026109457015991211e+00
1.407000000000000028e+00,-1.031109452247619629e+00
1.407999999999999918e+00,-1.040797114372253418e+00
1.409000000000000030e+00,-1.037047028541564941e+00
1.409999999999999920e+00,-1.039547085762023926e+00
1.411000000000000032e+00,-1.042047142982482910e+00
1.411999999999999922e+00,-1.043609619140625000e+00
1.413000000000000034e+00,-1.039859652519226074e+00
1.413999999999999924e+00,-9.576708674430847168e-01
1.415000000000000036e+00,-9.682960510253906250e-01
1.415999999999999925e+00,-9.992340207099914551e-01
1.417000000000000037e+00,-1.038922071456909180e+00
1.417999999999999927e+00,-1.062047481536865234e+00
1.419000000000000039e+00,-1.069235086441040039e+00
1.419999999999999929e+00,-1.104235649108886719e+00
1.421000000000000041e+00,-1.108923196792602539e+00
1.421999999999999931e+00,-1.104235649108886719e+00
1.423000000000000043e+00,-1.092360377311706543e+00
1.423999999999999932e+00,-1.018296837806701660e+00
1.425000000000000044e+00,-1.003296613693237305e+00
1.425999999999999934e+00,-1.016421794891357422e+00
1.427000000000000046e+00,-1.024546861648559570e+00
1.427999999999999936e+00,-1.029234409332275391e+00
1.429000000000000048e+00,-1.030484437942504883e+00
1.429999999999999938e+00,-1.034859538078308105e+00
1.431000000000000050e+00,-1.037672042846679688e+00
1.431999999999999940e+00,-1.037359595298767090e+00
1.433000000000000052e+00,-1.034547090530395508e+00
1.433999999999999941e+00,-9.498582482337951660e-01
1.435000000000000053e+00,-9.645459651947021484e-01
1.435999999999999943e+00,-9.945464134216308594e-01
1.437000000000000055e+00,-1.030484437942504883e+00
1.437999999999999945e+00,-1.053297281265258789e+00
1.439000000000000057e+00,-1.065172553062438965e+00
1.439999999999999947e+00,-1.095173001289367676e+00
1.441000000000000059e+00,-1.101423025131225586e+00
1.441999999999999948e+00,-1.096110463142395020e+00
1.443000000000000060e+00,-1.083922743797302246e+00
1.443999999999999950e+00,-1.012671709060668945e+00
1.445000000000000062e+00,-9.964214563369750977e-01
1.445999999999999952e+00,-1.011734247207641602e+00
1.447000000000000064e+00,-1.017046809196472168e+00
1.447999999999999954e+00,-1.022984385490417480e+00
1.449000000000000066e+00,-1.025484442710876465e+00
1.449999999999999956e+00,-1.025171875953674316e+00
1.451000000000000068e+00,-1.031422019004821777e+00
1.451999999999999957e+00,-1.029546976089477539e+00
1.453000000000000069e+00,-1.027359485626220703e+00
1.453999999999999959e+00,-9.414206147193908691e-01
1.455000000000000071e+00,-9.539207816123962402e-01
1.455999999999999961e+00,-9.889213442802429199e-01
1.457000000000000073e+00,-1.023921847343444824e+00
1.457999999999999963e+00,-1.049234747886657715e+00
1.459000000000000075e+00,-1.057359933853149414e+00
1.459999999999999964e+00,-1.090172886848449707e+00
1.461000000000000076e+00,-1.099235534667968750e+00
1.461999999999999966e+00,-1.093610405921936035e+00
1.463000000000000078e+00,-1.079547762870788574e+00
1.463999999999999968e+00,-1.005484104156494141e+00
1.465000000000000080e+00,-9.895463585853576660e-01
1.465999999999999970e+00,-1.004546523094177246e+00
1.467000000000000082e+00,-1.014546751976013184e+00
1.467999999999999972e+00,-1.015796780586242676e+00
1.469000000000000083e+00,-1.018921852111816406e+00
1.469999999999999973e+00,-1.021109342575073242e+00
1.471000000000000085e+00,-1.025796890258789062e+00
1.471999999999999975e+00,-1.024234414100646973e+00
1.473000000000000087e+00,-1.026109457015991211e+00
1.473999999999999977e+00,-9.414206147193908691e-01
1.475000000000000089e+00,-9.489207267761230469e-01
1.475999999999999979e+00,-9.832962751388549805e-01
1.477000000000000091e+00,-1.018609285354614258e+00
1.477999999999999980e+00,-1.039547085762023926e+00
1.479000000000000092e+00,-1.052984833717346191e+00
1.479999999999999982e+00,-1.085172772407531738e+00
1.481000000000000094e+00,-1.089547872543334961e+00
1.481999999999999984e+00,-1.089547872543334961e+00
1.483000000000000096e+00,-1.074860095977783203e+00
1.483999999999999986e+00,-9.989215135574340820e-01
1.485000000000000098e+00,-9.845462441444396973e-01
1.485999999999999988e+00,-9.992340207099914551e-01
1.487000000000000099e+00,-1.005171537399291992e+00
1.487999999999999989e+00,-1.008609175682067871e+00
1.489000000000000101e+00,-1.012359142303466797e+00
1.489999999999999991e+00,-1.017046809196472168e+00
1.491000000000000103e+00,-1.018921852111816406e+00
1.491999999999999993e+00,-1.017359256744384766e+00
1.493000000000000105e+00,-1.017671823501586914e+00
1.493999999999999995e+00,-9.332954883575439453e-01
1.495000000000000107e+00,-9.442331790924072266e-01
1.495999999999999996e+00,-9.757961630821228027e-01
1.497000000000000108e+00,-1.011109232902526855e+00
1.497999999999999998e+00,-1.034859538078308105e+00
1.499000000000000110e+00,-1.047047257423400879e+00
1.500000000000000000e+00,-1.080172777175903320e+00
1.500999999999999890e+00,-1.080172777175903320e+00
1.502000000000000002e+00,-1.081110239028930664e+00
1.502999999999999892e+00,-1.070172548294067383e+00
1.504000000000000004e+00,-9.942339062690734863e-01
1.504999999999999893e+00,-9.782961606979370117e-01
1.506000000000000005e+00,-9.951714277267456055e-01
1.506999999999999895e+00,-9.995465278625488281e-01
1.508000000000000007e+00,-1.003921627998352051e+00
1.508999999999999897e+00,-1.007046580314636230e+00
1.510000000000000009e+00,-1.010484218597412109e+00
1.510999999999999899e+00,-1.013296723365783691e+00
1.512000000000000011e+00,-1.008609175682067871e+00
1.512999999999999901e+00,-1.010796666145324707e+00
1.514000000000000012e+00,-9.254828691482543945e-01
1.514999999999999902e+00,-9.357955455780029297e-01
1.516000000000000014e+00,-9.695460200309753418e-01
1.516999999999999904e+00,-1.005796551704406738e+00
1.518000000000000016e+00,-1.031422019004821777e+00
1.518999999999999906e+00,-1.037984609603881836e+00
1.520000000000000018e+00,-1.072047591209411621e+00
1.520999999999999908e+00,-1.073922634124755859e+00
1.522000000000000020e+00,-1.074235200881958008e+00
1.522999999999999909e+00,-1.061734914779663086e+00
1.524000000000000021e+00,-9.857962727546691895e-01
1.524999999999999911e+00,-9.748586416244506836e-01
1.526000000000000023e+00,-9.873588085174560547e-01
1.526999999999999913e+00,-9.911088943481445312e-01
1.528000000000000025e+00,-1.000171542167663574e+00
1.528999999999999915e+00,-9.995465278625488281e-01
1.530000000000000027e+00,-1.000171542167663574e+00
1.530999999999999917e+00,-1.006421566009521484e+00
1.532000000000000028e+00,-1.006421566009521484e+00
1.532999999999999918e+00,-1.006421566009521484e+00
1.534000000000000030e+00,-9.217328429222106934e-01
1.534999999999999920e+00,-9.320454597473144531e-01
1.536000000000000032e+00,-9.648584723472595215e-01
1.536999999999999922e+00,-9.995465278625488281e-01
1.538000000000000034e+00,-1.022671818733215332e+00
1.538999999999999924e+00,-1.037984609603881836e+00
1.540000000000000036e+00,-1.066422581672668457e+00
1.540999999999999925e+00,-1.071422576904296875e+00
1.542000000000000037e+00,-1.070797562599182129e+00
1.542999999999999927e+00,-1.056422352790832520e+00
1.544000000000000039e+00,-9.823587536811828613e-01
1.544999999999999929e+00,-9.664210081100463867e-01
1.546000000000000041e+00,-9.786086678504943848e-01
1.546999999999999931e+00,-9.889213442802429199e-01
1.548000000000000043e+00,-9.923588633537292480e-01
1.548999999999999932e+00,-9.939213991165161133e-01
1.550000000000000044e+00,-9.954839348793029785e-01
1.550999999999999934e+00,-1.000796556472778320e+00
1.552000000000000046e+00,-9.964214563369750977e-01
1.552999999999999936e+00,-9.989215135574340820e-01
1.554000000000000048e+00,-9.151701927185058594e-01
1.554999999999999938e+00,-9.236078262329101562e-01
1.556000000000000050e+00,-9.576708674430847168e-01
1.556999999999999940e+00,-9.936088919639587402e-01
1.558000000000000052e+00,-1.011421680450439453e+00
1.558999999999999941e+00,-1.027046918869018555e+00
1.560000000000000053e+00,-1.058609962463378906e+00
1.560999999999999943e+00,-1.061109900474548340e+00
1.562000000000000055e+00,-1.062984943389892578e+00
1.562999999999999945e+00,-1.050797343254089355e+00
1.564000000000000057e+00,-9.761086702346801758e-01
1.564999999999999947e+00,-9.601709246635437012e-01
1.566000000000000059e+00,-9.739211201667785645e-01
1.566999999999999948e+00,-9.801712036132812500e-01
1.568000000000000060e+00,-9.832962751388549805e-01
1.568999999999999950e+00,-9.839212894439697266e-01
1.570000000000000062e+00,-9.867337942123413086e-01
1.570999999999999952e+00,-9.954839348793029785e-01
1.572000000000000064e+00,-9.920464158058166504e-01
1.572999999999999954e+00,-9.926713705062866211e-01
1.574000000000000066e+00,-9.089201092720031738e-01
1.574999999999999956e+00,-9.157952070236206055e-01
1.576000000000000068e+00,-9.498582482337951660e-01
1.576999999999999957e+00,-9.839212894439697266e-01
1.578000000000000069e+00,-1.008921623229980469e+00
1.578999999999999959e+00,-1.019234299659729004e+00
1.580000000000000071e+00,-1.053297281265258789e+00
1.580999999999999961e+00,-1.058922410011291504e+00
1.582000000000000073e+00,-1.054234862327575684e+00
1.582999999999999963e+00,-1.044547200202941895e+00
1.584000000000000075e+00,-9.764211773872375488e-01
1.584999999999999964e+00,-9.532957673072814941e-01
1.586000000000000076e+00,-9.698585271835327148e-01
1.586999999999999966e+00,-9.726710915565490723e-01
1.588000000000000078e+00,-9.814212322235107422e-01
1.588999999999999968e+00,-9.823587536811828613e-01
1.590000000000000080e+00,-9.826712608337402344e-01
1.590999999999999970e+00,-9.842337965965270996e-01
1.592000000000000082e+00,-9.842337965965270996e-01
1.592999999999999972e+00,-9.867337942123413086e-01
1.594000000000000083e+00,-9.011074900627136230e-01
1.594999999999999973e+00,-9.129827022552490234e-01
1.596000000000000085e+00,-9.426706433296203613e-01
1.596999999999999975e+00,-9.776711463928222656e-01
1.598000000000000087e+00,-1.002984046936035156e+00
1.598999999999999977e+00,-1.017984271049499512e+00
1.600000000000000089e+00,-1.049234747886657715e+00
1.600999999999999979e+00,-1.049859762191772461e+00
1.602000000000000091e+00,-1.052672266960144043e+00
1.602999999999999980e+00,-1.039859652519226074e+00
1.604000000000000092e+00,-9.673585295677185059e-01
1.604999999999999982e+00,-9.479832053184509277e-01
1.606000000000000094e+00,-9.623584151268005371e-01
1.606999999999999984e+00,-9.657959938049316406e-01
1.608000000000000096e+00,-9.704835414886474609e-01
1.608999999999999986e+00,-9.751711487770080566e-01
1.610000000000000098e+00,-9.764211773872375488e-01
1.610999999999999988e+00,-9.807962179183959961e-01
1.612000000000000099e+00,-9.792336821556091309e-01
1.612999999999999989e+00,-9.832962751388549805e-01
1.614000000000000101e+00,-8.995449542999267578e-01
1.614999999999999991e+00,-9.057950973510742188e-01
1.616000000000000103e+00,-9.386080503463745117e-01
1.616999999999999993e+00,-9.745461344718933105e-01
1.618000000000000105e+00,-9.961089491844177246e-01
1.618999999999999995e+00,-1.009859204292297363e+00
1.620000000000000107e+00,-1.040484666824340820e+00
1.620999999999999996e+00,-1.044547200202941895e+00
1.622000000000000108e+00,-1.046109676361083984e+00
1.622999999999999998e+00,-1.033297061920166016e+00
1.624000000000000110e+00,-9.620459079742431641e-01
1.625000000000000000e+00,-9.420456290245056152e-01
1.625999999999999890e+00,-9.573583602905273438e-01
1.627000000000000002e+00,-9.620459079742431641e-01
1.627999999999999892e+00,-9.645459651947021484e-01
1.629000000000000004e+00,-9.667335152626037598e-01
1.629999999999999893e+00,-9.707960486412048340e-01
1.631000000000000005e+00,-9.751711487770080566e-01
1.631999999999999895e+00,-9.739211201667785645e-01
1.633000000000000007e+00,-9.782961606979370117e-01
1.633999999999999897e+00,-8.920448422431945801e-01
1.635000000000000009e+00,-9.007949829101562500e-01
1.635999999999999899e+00,-9.332954883575439453e-01
1.637000000000000011e+00,-9.692335128784179688e-01
1.637999999999999901e+00,-9.911088943481445312e-01
1.639000000000000012e+00,-1.005796551704406738e+00
1.639999999999999902e+00,-1.035172104835510254e+00
1.641000000000000014e+00,-1.035796999931335449e+00
1.641999999999999904e+00,-1.040797114372253418e+00
1.643000000000000016e+00,-1.029546976089477539e+00
1.643999999999999906e+00,-9.554833173751831055e-01
1.645000000000000018e+00,-9.357955455780029297e-01
1.645999999999999908e+00,-9.492332339286804199e-01
1.647000000000000020e+00,-9.564208388328552246e-01
1.647999999999999909e+00,-9.607959389686584473e-01
1.649000000000000021e+00,-9.626709222793579102e-01
1.649999999999999911e+00,-9.651709794998168945e-01
1.651000000000000023e+00,-9.686085581779479980e-01
1.651999999999999913e+00,-9.686085581779479980e-01
1.653000000000000025e+00,-9.704835414886474609e-01
1.653999999999999915e+00,-8.886073231697082520e-01
1.655000000000000027e+00,-8.957949280738830566e-01
1.655999999999999917e+00,-9.267328977584838867e-01
1.657000000000000028e+00,-9.632959365844726562e-01
1.657999999999999918e+00,-9.879838228225708008e-01
1.659000000000000030e+00,-9.998590350151062012e-01
1.659999999999999920e+00,-1.031734466552734375e+00
1.661000000000000032e+00,-1.035796999931335449e+00
1.661999999999999922e+00,-1.036422014236450195e+00
1.663000000000000034e+00,-1.027984380722045898e+00
1.663999999999999924e+00,-9.542332887649536133e-01
1.665000000000000036e+00,-9.311079382896423340e-01
1.665999999999999925e+00,-9.432956576347351074e-01
1.667000000000000037e+00,-9.542332887649536133e-01
1.667999999999999927e+00,-9.570458531379699707e-01
1.669000000000000039e+00,-9.586083889007568359e-01
1.669999999999999929e+00,-9.611083865165710449e-01
1.671000000000000041e+00,-9.648584723472595215e-01
1.671999999999999931e+00,-9.626709222793579102e-01
1.673000000000000043e+00,-9.673585295677185059e-01
1.673999999999999932e+00,-8.832947015762329102e-01
1.675000000000000044e+00,-8.942323923110961914e-01
1.675999999999999934e+00,-9.182952642440795898e-01
1.677000000000000046e+00,-9.601709246635437012e-01
1.677999999999999936e+00,-9.817337393760681152e-01
1.679000000000000048e+00,-9.954839348793029785e-01
1.679999999999999938e+00,-1.028921961784362793e+00
1.681000000000000050e+00,-1.028921961784362793e+00
1.681999999999999940e+00,-1.031734466552734375e+00
1.683000000000000052e+00,-1.019234299659729004e+00
1.683999999999999941e+00,-9.479832053184509277e-01
1.685000000000000053e+00,-9.251703619956970215e-01
1.685999999999999943e+00,-9.389205574989318848e-01
1.687000000000000055e+00,-9.454831480979919434e-01
1.687999999999999945e+00,-9.507957696914672852e-01
1.689000000000000057e+00,-9.532957673072814941e-01
1.689999999999999947e+00,-9.570458531379699707e-01
1.691000000000000059e+00,-9.592334032058715820e-01
1.691999999999999948e+00,-9.604834318161010742e-01
1.693000000000000060e+00,-9.611083865165710449e-01
1.693999999999999950e+00,-8.776696324348449707e-01
1.695000000000000062e+00,-8.848572373390197754e-01
1.695999999999999952e+00,-9.173577427864074707e-01
1.697000000000000064e+00,-9.526708126068115234e-01
1.697999999999999954e+00,-9.773586392402648926e-01
1.699000000000000066e+00,-9.898588657379150391e-01
1.699999999999999956e+00,-1.021734356880187988e+00
1.701000000000000068e+00,-1.023609399795532227e+00
1.701999999999999957e+00,-1.026421904563903809e+00
1.703000000000000069e+00,-1.016421794891357422e+00
1.703999999999999959e+00,-9.457956552505493164e-01
1.705000000000000071e+00,-9.195452928543090820e-01
1.705999999999999961e+00,-9.370455741882324219e-01
1.707000000000000073e+00,-9.407956004142761230e-01
1.707999999999999963e+00,-9.457956552505493164e-01
1.709000000000000075e+00,-9.470456838607788086e-01
1.709999999999999964e+00,-9.492332339286804199e-01
1.711000000000000076e+00,-9.536082744598388672e-01
1.711999999999999966e+00,-9.561083316802978516e-01
1.713000000000000078e+00,-9.557958245277404785e-01
1.713999999999999968e+00,-8.742321133613586426e-01
1.715000000000000080e+00,-8.814197182655334473e-01
1.715999999999999970e+00,-9.092326164245605469e-01
1.717000000000000082e+00,-9.486082196235656738e-01
1.717999999999999972e+00,-9.695460200309753418e-01
1.719000000000000083e+00,-9.848587512969970703e-01
1.719999999999999973e+00,-1.015484213829040527e+00
1.721000000000000085e+00,-1.016421794891357422e+00
1.721999999999999975e+00,-1.019859313964843750e+00
1.723000000000000087e+00,-1.012046694755554199e+00
1.723999999999999977e+00,-9.404830932617187500e-01
1.725000000000000089e+00,-9.157952070236206055e-01
1.725999999999999979e+00,-9.273579120635986328e-01
1.727000000000000091e+00,-9.370455741882324219e-01
1.727999999999999980e+00,-9.426706433296203613e-01
1.729000000000000092e+00,-9.439206719398498535e-01
1.729999999999999982e+00,-9.442331790924072266e-01
1.731000000000000094e+00,-9.489207267761230469e-01
1.731999999999999984e+00,-9.454831480979919434e-01
1.733000000000000096e+00,-9.482957124710083008e-01
1.733999999999999986e+00,-8.720445632934570312e-01
1.735000000000000098e+00,-8.745446205139160156e-01
1.735999999999999988e+00,-9.054825901985168457e-01
1.737000000000000099e+00,-9.429831504821777344e-01
1.737999999999999989e+00,-9.651709794998168945e-01
1.739000000000000101e+00,-9.795461893081665039e-01
1.739999999999999991e+00,-1.011109232902526855e+00
1.741000000000000103e+00,-1.013921737670898438e+00
1.741999999999999993e+00,-1.018609285354614258e+00
1.743000000000000105e+00,-1.005171537399291992e+00
1.743999999999999995e+00,-9.361080527305603027e-01
1.745000000000000107e+00,-9.095451235771179199e-01
1.745999999999999996e+00,-9.248578548431396484e-01
1.747000000000000108e+00,-9.311079382896423340e-01
1.747999999999999998e+00,-9.367330670356750488e-01
1.749000000000000110e+00,-9.382955431938171387e-01
1.750000000000000000e+00,-9.392330646514892578e-01
1.750999999999999890e+00,-9.442331790924072266e-01
1.752000000000000002e+00,-9.414206147193908691e-01
1.752999999999999892e+00,-9.442331790924072266e-01
1.754000000000000004e+00,-8.661069869995117188e-01
1.754999999999999893e+00,-8.695445060729980469e-01
1.756000000000000005e+00,-8.992324471473693848e-01
1.756999999999999895e+00,-9.361080527305603027e-01
1.758000000000000007e+00,-9.592334032058715820e-01
1.758999999999999897e+00,-9.729835987091064453e-01
1.760000000000000009e+00,-1.004234075546264648e+00
1.760999999999999899e+00,-1.008296608924865723e+00
1.762000000000000011e+00,-1.012046694755554199e+00
1.762999999999999901e+00,-1.002984046936035156e+00
1.764000000000000012e+00,-9.329829812049865723e-01
1.764999999999999902e+00,-9.032950401306152344e-01
1.766000000000000014e+00,-9.195452928543090820e-01
1.766999999999999904e+00,-9.261078834533691406e-01
1.768000000000000016e+00,-9.304829239845275879e-01
1.768999999999999906e+00,-9.336079955101013184e-01
1.770000000000000018e+00,-9.332954883575439453e-01
1.770999999999999908e+00,-9.389205574989318848e-01
1.772000000000000020e+00,-9.354830384254455566e-01
1.772999999999999909e+00,-9.407956004142761230e-01
1.774000000000000021e+00,-8.620443940162658691e-01
1.774999999999999911e+00,-8.657944798469543457e-01
1.776000000000000023e+00,-8.907948136329650879e-01
1.776999999999999913e+00,-9.329829812049865723e-01
1.778000000000000025e+00,-9.529833197593688965e-01
1.778999999999999915e+00,-9.673585295677185059e-01
1.780000000000000027e+00,-9.979839920997619629e-01
1.780999999999999917e+00,-1.004234075546264648e+00
1.782000000000000028e+00,-1.004859089851379395e+00
1.782999999999999918e+00,-9.989215135574340820e-01
1.784000000000000030e+00,-9.295454621315002441e-01
1.784999999999999920e+00,-8.989199399948120117e-01
1.786000000000000032e+00,-9.164202213287353516e-01
1.786999999999999922e+00,-9.223577976226806641e-01
1.788000000000000034e+00,-9.248578548431396484e-01
1.788999999999999924e+00,-9.282954335212707520e-01
1.790000000000000036e+00,-9.314204454421997070e-01
1.790999999999999925e+00,-9.361080527305603027e-01
1.792000000000000037e+00,-9.311079382896423340e-01
1.792999999999999927e+00,-9.364205598831176758e-01
1.794000000000000039e+00,-8.551692962646484375e-01
1.794999999999999929e+00,-8.570443391799926758e-01
1.796000000000000041e+00,-8.879823088645935059e-01
1.796999999999999931e+00,-9.295454621315002441e-01
1.798000000000000043e+00,-9.504832625389099121e-01
1.798999999999999932e+00,-9.620459079742431641e-01
1.800000000000000044e+00,-9.932963848114013672e-01
1.800999999999999934e+00,-9.964214563369750977e-01
1.802000000000000046e+00,-1.001109004020690918e+00
1.802999999999999936e+00,-9.923588633537292480e-01
1.804000000000000048e+00,-9.242328405380249023e-01
1.804999999999999938e+00,-8.939198851585388184e-01
1.806000000000000050e+00,-9.051700830459594727e-01
1.806999999999999940e+00,-9.157952070236206055e-01
1.808000000000000052e+00,-9.182952642440795898e-01
1.808999999999999941e+00,-9.232953190803527832e-01
1.810000000000000053e+00,-9.254828691482543945e-01
1.810999999999999943e+00,-9.292329549789428711e-01
1.812000000000000055e+00,-9.289204478263854980e-01
1.812999999999999945e+00,-9.295454621315002441e-01
1.814000000000000057e+00,-8.532942533493041992e-01
1.814999999999999947e+00,-8.526692390441894531e-01
1.816000000000000059e+00,-8.811072111129760742e-01
1.816999999999999948e+00,-9.217328429222106934e-01
1.818000000000000060e+00,-9.436081647872924805e-01
1.818999999999999950e+00,-9.614208936691284180e-01
1.820000000000000062e+00,-9.904838800430297852e-01
1.820999999999999952e+00,-9.926713705062866211e-01
1.822000000000000064e+00,-9.951714277267456055e-01
1.822999999999999954e+00,-9.892338514328002930e-01
1.824000000000000066e+00,-9.207953214645385742e-01
1.824999999999999956e+00,-8.889198303222656250e-01
1.826000000000000068e+00,-9.032950401306152344e-01
1.826999999999999957e+00,-9.095451235771179199e-01
1.828000000000000069e+00,-9.148576855659484863e-01
1.828999999999999959e+00,-9.167327284812927246e-01
1.830000000000000071e+00,-9.204828143119812012e-01
1.830999999999999961e+00,-9.220452904701232910e-01
1.832000000000000073e+00,-9.226703047752380371e-01
1.832999999999999963e+00,-9.276704192161560059e-01
1.834000000000000075e+00,-8.514192700386047363e-01
1.834999999999999964e+00,-8.489192128181457520e-01
1.836000000000000076e+00,-8.720445632934570312e-01
1.836999999999999966e+00,-9.192327857017517090e-01
1.838000000000000078e+00,-9.386080503463745117e-01
1.838999999999999968e+00,-9.529833197593688965e-01
1.840000000000000080e+00,-9.870463013648986816e-01
1.840999999999999970e+00,-9.876713156700134277e-01
1.842000000000000082e+00,-9.914214015007019043e-01
1.842999999999999972e+00,-9.870463013648986816e-01
1.844000000000000083e+00,-9.182952642440795898e-01
1.844999999999999973e+00,-8.854822516441345215e-01
1.846000000000000085e+00,-8.995449542999267578e-01
1.846999999999999975e+00,-9.070450663566589355e-01
1.848000000000000087e+00,-9.126701951026916504e-01
1.848999999999999977e+00,-9.132952094078063965e-01
1.850000000000000089e+00,-9.173577427864074707e-01
1.850999999999999979e+00,-9.207953214645385742e-01
1.852000000000000091e+00,-9.179827570915222168e-01
1.852999999999999980e+00,-9.220452904701232910e-01
1.854000000000000092e+00,-8.486067056655883789e-01
1.854999999999999982e+00,-8.461066484451293945e-01
1.856000000000000094e+00,-8.714195489883422852e-01
1.856999999999999984e+00,-9.157952070236206055e-01
1.858000000000000096e+00,-9.320454597473144531e-01
1.858999999999999986e+00,-9.479832053184509277e-01
1.860000000000000098e+00,-9.798586964607238770e-01
1.860999999999999988e+00,-9.839212894439697266e-01
1.862000000000000099e+00,-9.895463585853576660e-01
1.862999999999999989e+00,-9.836087822914123535e-01
1.864000000000000101e+00,-9.142326712608337402e-01
1.864999999999999991e+00,-8.779821395874023438e-01
1.866000000000000103e+00,-8.964199423789978027e-01
1.866999999999999993e+00,-9.026700258255004883e-01
1.868000000000000105e+00,-9.070450663566589355e-01
1.868999999999999995e+00,-9.111076593399047852e-01
1.870000000000000107e+00,-9.120451807975769043e-01
1.870999999999999996e+00,-9.173577427864074707e-01
1.872000000000000108e+00,-9.157952070236206055e-01
1.872999999999999998e+00,-9.189202785491943359e-01
1.874000000000000110e+00,-8.420441150665283203e-01
1.875000000000000000e+00,-8.414191007614135742e-01
1.875999999999999890e+00,-8.661069869995117188e-01
1.877000000000000002e+00,-9.064200520515441895e-01
1.877999999999999892e+00,-9.311079382896423340e-01
1.879000000000000004e+00,-9.464206695556640625e-01
1.879999999999999893e+00,-9.786086678504943848e-01
1.881000000000000005e+00,-9.770461320877075195e-01
1.881999999999999895e+00,-9.848587512969970703e-01
1.883000000000000007e+00,-9.811087250709533691e-01
1.883999999999999897e+00,-9.132952094078063965e-01
1.885000000000000009e+00,-8.742321133613586426e-01
1.885999999999999899e+00,-8.911073207855224609e-01
1.887000000000000011e+00,-8.964199423789978027e-01
1.887999999999999901e+00,-9.023575186729431152e-01
1.889000000000000012e+00,-9.045450687408447266e-01
1.889999999999999902e+00,-9.092326164245605469e-01
1.891000000000000014e+00,-9.136077165603637695e-01
1.891999999999999904e+00,-9.070450663566589355e-01
1.893000000000000016e+00,-9.148576855659484863e-01
1.893999999999999906e+00,-8.376690149307250977e-01
1.895000000000000018e+00,-8.361064791679382324e-01
1.895999999999999908e+00,-8.601693511009216309e-01
1.897000000000000020e+00,-9.064200520515441895e-01
1.897999999999999909e+00,-9.257953763008117676e-01
1.899000000000000021e+00,-9.370455741882324219e-01
1.899999999999999911e+00,-9.732961058616638184e-01
1.901000000000000023e+00,-9.754836559295654297e-01
1.901999999999999913e+00,-9.754836559295654297e-01
1.903000000000000025e+00,-9.757961630821228027e-01
1.903999999999999915e+00,-9.079825878143310547e-01
1.905000000000000027e+00,-8.714195489883422852e-01
1.905999999999999917e+00,-8.851697444915771484e-01
1.907000000000000028e+00,-8.923573493957519531e-01
1.907999999999999918e+00,-8.954824209213256836e-01
1.909000000000000030e+00,-9.020450115203857422e-01
1.909999999999999920e+00,-9.057950973510742188e-01
1.911000000000000032e+00,-9.064200520515441895e-01
1.911999999999999922e+00,-9.051700830459594727e-01
1.913000000000000034e+00,-9.117326736450195312e-01
1.913999999999999924e+00,-8.357940316200256348e-01
1.915000000000000036e+00,-8.345440030097961426e-01
1.915999999999999925e+00,-8.567318320274353027e-01
1.917000000000000037e+00,-9.020450115203857422e-01
1.917999999999999927e+00,-9.220452904701232910e-01
1.919000000000000039e+00,-9.367330670356750488e-01
1.919999999999999929e+00,-9.686085581779479980e-01
1.921000000000000041e+00,-9.761086702346801758e-01
1.921999999999999931e+00,-9.745461344718933105e-01
1.923000000000000043e+00,-9.695460200309753418e-01
1.923999999999999932e+00,-9.057950973510742188e-01
1.925000000000000044e+00,-8.670445084571838379e-01
1.925999999999999934e+00,-8.811072111129760742e-01
1.927000000000000046e+00,-8.870447874069213867e-01
1.927999999999999936e+00,-8.948574066162109375e-01
1.929000000000000048e+00,-8.945448994636535645e-01
1.929999999999999938e+00,-8.982949852943420410e-01
1.931000000000000050e+00,-9.051700830459594727e-01
1.931999999999999940e+00,-9.001699686050415039e-01
1.933000000000000052e+00,-9.054825901985168457e-01
1.933999999999999941e+00,-8.320439457893371582e-01
1.935000000000000053e+00,-8.273563981056213379e-01
1.935999999999999943e+00,-8.448566198348999023e-01
1.937000000000000055e+00,-8.992324471473693848e-01
1.937999999999999945e+00,-9.186077713966369629e-01
1.939000000000000057e+00,-9.304829239845275879e-01
1.939999999999999947e+00,-9.657959938049316406e-01
1.941000000000000059e+00,-9.642334580421447754e-01
1.941999999999999948e+00,-9.695460200309753418e-01
1.943000000000000060e+00,-9.679835438728332520e-01
1.943999999999999950e+00,-9.001699686050415039e-01
1.945000000000000062e+00,-8.614193797111511230e-01
1.945999999999999952e+00,-8.745446205139160156e-01
1.947000000000000064e+00,-8.836072087287902832e-01
1.947999999999999954e+00,-8.882948160171508789e-01
1.949000000000000066e+00,-8.886073231697082520e-01
1.949999999999999956e+00,-8.942323923110961914e-01
1.951000000000000068e+00,-8.979824781417846680e-01
1.951999999999999957e+00,-8.970449566841125488e-01
1.953000000000000069e+00,-9.070450663566589355e-01
1.953999999999999959e+00,-8.301689028739929199e-01
1.955000000000000071e+00,-8.229812979698181152e-01
1.955999999999999961e+00,-8.432941436767578125e-01
1.957000000000000073e+00,-8.923573493957519531e-01
1.957999999999999963e+00,-9.123576879501342773e-01
1.959000000000000075e+00,-9.264203906059265137e-01
1.959999999999999964e+00,-9.582958817481994629e-01
1.961000000000000076e+00,-9.632959365844726562e-01
1.961999999999999966e+00,-9.661085009574890137e-01
1.963000000000000078e+00,-9.626709222793579102e-01
1.963999999999999968e+00,-8.989199399948120117e-01
1.965000000000000080e+00,-8.592318892478942871e-01
1.965999999999999970e+00,-8.720445632934570312e-01
1.967000000000000082e+00,-8.786071538925170898e-01
1.967999999999999972e+00,-8.848572373390197754e-01
1.969000000000000083e+00,-8.882948160171508789e-01
1.969999999999999973e+00,-8.895448446273803711e-01
1.971000000000000085e+00,-8.973574638366699219e-01
1.971999999999999975e+00,-8.920448422431945801e-01
1.973000000000000087e+00,-8.992324471473693848e-01
1.973999999999999977e+00,-8.257938623428344727e-01
1.975000000000000089e+00,-8.192312717437744141e-01
1.975999999999999979e+00,-8.401690721511840820e-01
1.977000000000000091e+00,-8.879823088645935059e-01
1.977999999999999980e+00,-9.048575758934020996e-01
1.979000000000000092e+00,-9.232953190803527832e-01
1.979999999999999982e+00,-9.561083316802978516e-01
1.981000000000000094e+00,-9.592334032058715820e-01
1.981999999999999984e+00,-9.614208936691284180e-01
1.983000000000000096e+00,-9.579833745956420898e-01
1.983999999999999986e+00,-8.945448994636535645e-01
1.985000000000000098e+00,-8.542317748069763184e-01
1.985999999999999988e+00,-8.682944774627685547e-01
1.987000000000000099e+00,-8.757945895195007324e-01
1.987999999999999989e+00,-8.779821395874023438e-01
1.989000000000000101e+00,-8.836072087287902832e-01
1.989999999999999991e+00,-8.864197731018066406e-01
1.991000000000000103e+00,-8.917323350906372070e-01
1.991999999999999993e+00,-8.879823088645935059e-01
1.993000000000000105e+00,-8.957949280738830566e-01
1.993999999999999995e+00,-8.223562836647033691e-01
1.995000000000000107e+00,-8.161062002182006836e-01
1.995999999999999996e+00,-8.357940316200256348e-01
1.997000000000000108e+00,-8.861072659492492676e-01
1.997999999999999998e+00,-9.045450687408447266e-01
1.999000000000000110e+00,-1.047984719276428223e+00
2.000000000000000000e+00,-1.287363409996032715e+00
2.000999999999999890e+00,-1.379864811897277832e+00
2.001999999999999780e+00,-1.416115403175354004e+00
2.003000000000000114e+00,-1.421115398406982422e+00
2.004000000000000004e+00,-1.345801830291748047e+00
2.004999999999999893e+00,-1.285175919532775879e+00
2.005999999999999783e+00,-1.271425604820251465e+00
2.007000000000000117e+00,-1.258925437927246094e+00
2.008000000000000007e+00,-1.234862565994262695e+00
2.008999999999999897e+00,-1.211424708366394043e+00
2.009999999999999787e+00,-1.198299527168273926e+00
2.011000000000000121e+00,-1.176111698150634766e+00
2.012000000000000011e+00,-1.152673840522766113e+00
2.012999999999999901e+00,-1.142361164093017578e+00
2.013999999999999790e+00,-1.051734805107116699e+00
2.015000000000000124e+00,-1.025171875953674316e+00
2.016000000000000014e+00,-1.029546976089477539e+00
2.016999999999999904e+00,-1.072360157966613770e+00
2.017999999999999794e+00,-1.077672719955444336e+00
2.019000000000000128e+00,-1.080797791481018066e+00
2.020000000000000018e+00,-1.105798125267028809e+00
2.020999999999999908e+00,-1.099235534667968750e+00
2.021999999999999797e+00,-1.092047929763793945e+00
2.023000000000000131e+00,-1.085797786712646484e+00
2.024000000000000021e+00,-1.014546751976013184e+00
2.024999999999999911e+00,-9.657959938049316406e-01
2.025999999999999801e+00,-9.729835987091064453e-01
2.027000000000000135e+00,-9.748586416244506836e-01
2.028000000000000025e+00,-9.723585844039916992e-01
2.028999999999999915e+00,-9.739211201667785645e-01
2.029999999999999805e+00,-9.720460772514343262e-01
2.031000000000000139e+00,-9.726710915565490723e-01
2.032000000000000028e+00,-9.654834866523742676e-01
2.032999999999999918e+00,-9.704835414886474609e-01
2.033999999999999808e+00,-8.970449566841125488e-01
2.035000000000000142e+00,-8.867322802543640137e-01
2.036000000000000032e+00,-8.986074328422546387e-01
2.036999999999999922e+00,-9.501707553863525391e-01
2.037999999999999812e+00,-9.667335152626037598e-01
2.039000000000000146e+00,-9.786086678504943848e-01
2.040000000000000036e+00,-1.012671709060668945e+00
2.040999999999999925e+00,-1.015796780586242676e+00
2.041999999999999815e+00,-1.012984156608581543e+00
2.043000000000000149e+00,-1.012984156608581543e+00
2.044000000000000039e+00,-9.476706981658935547e-01
2.044999999999999929e+00,-9.017325043678283691e-01
2.045999999999999819e+00,-9.142326712608337402e-01
2.047000000000000153e+00,-9.242328405380249023e-01
2.048000000000000043e+00,-9.232953190803527832e-01
2.048999999999999932e+00,-6.695414781570434570e-01
2.049999999999999822e+00,-2.667228281497955322e-01
2.051000000000000156e+00,-8.203250169754028320e-02
2.052000000000000046e+00,-5.781338084489107132e-03
2.052999999999999936e+00,7.812619442120194435e-04
2.053999999999999826e+00,4.859448969364166260e-02
2.055000000000000160e+00,2.109407261013984680e-02
2.056000000000000050e+00,-4.703196883201599121e-02
2.056999999999999940e+00,-1.526585817337036133e-01
2.057999999999999829e+00,-2.204721122980117798e-01
2.059000000000000163e+00,-2.892231643199920654e-01
2.060000000000000053e+00,-3.695368766784667969e-01
2.060999999999999943e+00,-4.164125919342041016e-01
2.061999999999999833e+00,-4.579757452011108398e-01
2.063000000000000167e+00,-4.982888400554656982e-01
2.064000000000000057e+00,-4.701634347438812256e-01
2.064999999999999947e+00,-4.607882797718048096e-01
2.065999999999999837e+00,-5.045389533042907715e-01
2.067000000000000171e+00,-5.370394587516784668e-01
2.068000000000000060e+00,-5.667273998260498047e-01
2.068999999999999950e+00,-5.923528075218200684e-01
2.069999999999999840e+00,-6.117280721664428711e-01
2.071000000000000174e+00,-6.354784369468688965e-01
2.072000000000000064e+00,-6.473536491394042969e-01
2.072999999999999954e+00,-6.701664924621582031e-01
2.073999999999999844e+00,-6.136031150817871094e-01
2.075000000000000178e+00,-6.164156794548034668e-01
2.076000000000000068e+00,-6.470411419868469238e-01
2.076999999999999957e+00,-7.101671099662780762e-01
2.077999999999999847e+00,-7.351674437522888184e-01
2.079000000000000181e+00,-7.592303156852722168e-01
2.080000000000000071e+00,-8.020434975624084473e-01
2.080999999999999961e+00,-8.101686239242553711e-01
2.081999999999999851e+00,-8.139186501502990723e-01
2.083000000000000185e+00,-8.239188194274902344e-01
2.084000000000000075e+00,-7.645429372787475586e-01
2.084999999999999964e+00,-7.276673316955566406e-01
2.085999999999999854e+00,-7.436050772666931152e-01
2.087000000000000188e+00,-7.570428252220153809e-01
2.088000000000000078e+00,-7.661054134368896484e-01
2.088999999999999968e+00,-7.711055278778076172e-01
2.089999999999999858e+00,-7.829806804656982422e-01
2.091000000000000192e+00,-7.886058092117309570e-01
2.092000000000000082e+00,-7.848557233810424805e-01
2.092999999999999972e+00,-7.961059212684631348e-01
2.093999999999999861e+00,-7.286048531532287598e-01
2.095000000000000195e+00,-7.198547124862670898e-01
2.096000000000000085e+00,-7.382925152778625488e-01
2.096999999999999975e+00,-7.986059188842773438e-01
2.097999999999999865e+00,-8.173562288284301758e-01
2.099000000000000199e+00,-1.071422576904296875e+00
2.100000000000000089e+00,-1.479553818702697754e+00
2.100999999999999979e+00,-1.652681469917297363e+00
2.101999999999999869e+00,-1.717994928359985352e+00
2.103000000000000203e+00,-1.726432561874389648e+00
2.104000000000000092e+00,-1.642368793487548828e+00
2.104999999999999982e+00,-1.566430211067199707e+00
2.105999999999999872e+00,-1.533617138862609863e+00
2.107000000000000206e+00,-1.498616576194763184e+00
2.108000000000000096e+00,-1.453928470611572266e+00
2.108999999999999986e+00,-1.414240360260009766e+00
2.109999999999999876e+00,-1.375489711761474609e+00
2.111000000000000210e+00,-1.337676644325256348e+00
2.112000000000000099e+00,-1.297363519668579102e+00
2.112999999999999989e+00,-1.271113157272338867e+00
2.113999999999999879e+00,-1.173299193382263184e+00
2.115000000000000213e+00,-1.132673501968383789e+00
2.116000000000000103e+00,-1.121735811233520508e+00
2.116999999999999993e+00,-1.150486350059509277e+00
2.117999999999999883e+00,-1.148611307144165039e+00
2.119000000000000217e+00,-1.146111249923706055e+00
2.120000000000000107e+00,-1.163923978805541992e+00
2.120999999999999996e+00,-1.147673726081848145e+00
2.121999999999999886e+00,-1.133298516273498535e+00
2.123000000000000220e+00,-1.123923420906066895e+00
2.124000000000000110e+00,-1.045797228813171387e+00
2.125000000000000000e+00,-9.920464158058166504e-01
2.125999999999999890e+00,-9.920464158058166504e-01
2.126999999999999780e+00,-9.951714277267456055e-01
2.128000000000000114e+00,-9.907963871955871582e-01
2.129000000000000004e+00,-9.870463013648986816e-01
2.129999999999999893e+00,-9.814212322235107422e-01
2.130999999999999783e+00,-9.801712036132812500e-01
2.132000000000000117e+00,-9.692335128784179688e-01
2.133000000000000007e+00,-9.714210629463195801e-01
2.133999999999999897e+00,-9.004824757575988770e-01
2.134999999999999787e+00,-8.842322230339050293e-01
2.136000000000000121e+00,-8.904823660850524902e-01
2.137000000000000011e+00,-9.436081647872924805e-01
2.137999999999999901e+00,-9.567333459854125977e-01
2.138999999999999790e+00,-9.692335128784179688e-01
2.140000000000000124e+00,-1.003921627998352051e+00
2.141000000000000014e+00,-1.007359147071838379e+00
2.141999999999999904e+00,-1.000483989715576172e+00
2.142999999999999794e+00,-1.001109004020690918e+00
2.144000000000000128e+00,-9.373580813407897949e-01
2.145000000000000018e+00,-8.889198303222656250e-01
2.145999999999999908e+00,-9.020450115203857422e-01
2.146999999999999797e+00,-9.086076021194458008e-01
2.148000000000000131e+00,-9.098576307296752930e-01
2.149000000000000021e+00,-6.504786610603332520e-01
2.149999999999999911e+00,-2.523475885391235352e-01
2.150999999999999801e+00,-6.734477728605270386e-02
2.152000000000000135e+00,1.046890951693058014e-02
2.153000000000000025e+00,1.578149013221263885e-02
2.153999999999999915e+00,5.984466150403022766e-02
2.154999999999999805e+00,3.265674784779548645e-02
2.156000000000000139e+00,-2.859418652951717377e-02
2.157000000000000028e+00,-1.398458778858184814e-01
2.157999999999999918e+00,-2.035968601703643799e-01
2.158999999999999808e+00,-2.757854461669921875e-01
2.160000000000000142e+00,-3.592242300510406494e-01
2.161000000000000032e+00,-4.045374095439910889e-01
2.161999999999999922e+00,-4.420379996299743652e-01
2.162999999999999812e+00,-4.873511791229248047e-01
2.164000000000000146e+00,-4.561007022857666016e-01
2.165000000000000036e+00,-4.461005628108978271e-01
2.165999999999999925e+00,-4.892262220382690430e-01
2.166999999999999815e+00,-5.229767560958862305e-01
2.168000000000000149e+00,-5.498521327972412109e-01
2.169000000000000039e+00,-5.745400190353393555e-01
2.169999999999999929e+00,-6.020404100418090820e-01
2.170999999999999819e+00,-6.198531985282897949e-01
2.172000000000000153e+00,-6.320409178733825684e-01
2.173000000000000043e+00,-6.561037898063659668e-01
2.173999999999999932e+00,-6.026654243469238281e-01
2.174999999999999822e+00,-6.001654267311096191e-01
2.176000000000000156e+00,-6.261032819747924805e-01
2.177000000000000046e+00,-6.936043500900268555e-01
2.177999999999999936e+00,-7.179797291755676270e-01
2.178999999999999826e+00,-7.407925724983215332e-01
2.180000000000000160e+00,-7.861057519912719727e-01
2.181000000000000050e+00,-7.979809045791625977e-01
2.181999999999999940e+00,-7.973558902740478516e-01
2.182999999999999829e+00,-8.076685667037963867e-01
2.184000000000000163e+00,-7.461051344871520996e-01
2.185000000000000053e+00,-7.079795598983764648e-01
2.185999999999999943e+00,-7.282923460006713867e-01
2.186999999999999833e+00,-7.420426011085510254e-01
2.188000000000000167e+00,-7.467301487922668457e-01
2.189000000000000057e+00,-7.570428252220153809e-01
2.189999999999999947e+00,-7.629804015159606934e-01
2.190999999999999837e+00,-7.717305421829223633e-01
2.192000000000000171e+00,-7.679804563522338867e-01
2.193000000000000060e+00,-7.795431613922119141e-01
2.193999999999999950e+00,-7.154796719551086426e-01
2.194999999999999840e+00,-7.014169692993164062e-01
2.196000000000000174e+00,-7.173547148704528809e-01
2.197000000000000064e+00,-7.782931327819824219e-01
2.197999999999999954e+00,-7.936058640480041504e-01
2.198999999999999844e+00,-1.052672266960144043e+00
2.200000000000000178e+00,-1.455490946769714355e+00
2.201000000000000068e+00,-1.623618483543395996e+00
2.201999999999999957e+00,-1.681119441986083984e+00
2.202999999999999847e+00,-1.694869637489318848e+00
2.204000000000000181e+00,-1.610805869102478027e+00
2.205000000000000071e+00,-1.531117081642150879e+00
2.205999999999999961e+00,-1.501741647720336914e+00
2.206999999999999851e+00,-1.466428637504577637e+00
2.208000000000000185e+00,-1.423928022384643555e+00
2.209000000000000075e+00,-1.383927345275878906e+00
2.209999999999999964e+00,-1.347676873207092285e+00
2.210999999999999854e+00,-1.315176367759704590e+00
2.212000000000000188e+00,-1.272363185882568359e+00
2.213000000000000078e+00,-1.243925213813781738e+00
2.213999999999999968e+00,-1.148298740386962891e+00
2.214999999999999858e+00,-1.106735587120056152e+00
2.216000000000000192e+00,-1.090485334396362305e+00
2.217000000000000082e+00,-1.127048492431640625e+00
2.217999999999999972e+00,-1.121423363685607910e+00
2.218999999999999861e+00,-1.116423249244689941e+00
2.220000000000000195e+00,-1.139236092567443848e+00
2.221000000000000085e+00,-1.122673392295837402e+00
2.221999999999999975e+00,-1.110798239707946777e+00
2.222999999999999865e+00,-1.098297953605651855e+00
2.224000000000000199e+00,-1.024234414100646973e+00
2.225000000000000089e+00,-9.626709222793579102e-01
2.225999999999999979e+00,-9.670460224151611328e-01
2.226999999999999869e+00,-9.689210057258605957e-01
2.228000000000000203e+00,-9.614208936691284180e-01
2.229000000000000092e+00,-9.592334032058715820e-01
2.229999999999999982e+00,-9.582958817481994629e-01
2.230999999999999872e+00,-9.526708126068115234e-01
2.232000000000000206e+00,-9.445456862449645996e-01
2.233000000000000096e+00,-9.479832053184509277e-01
2.233999999999999986e+00,-8.782946467399597168e-01
2.234999999999999876e+00,-8.548567891120910645e-01
2.236000000000000210e+00,-8.651694655418395996e-01
2.237000000000000099e+00,-9.195452928543090820e-01
2.237999999999999989e+00,-9.336079955101013184e-01
2.238999999999999879e+00,-9.464206695556640625e-01
2.240000000000000213e+00,-9.832962751388549805e-01
2.241000000000000103e+00,-9.804837107658386230e-01
2.241999999999999993e+00,-9.779836535453796387e-01
2.242999999999999883e+00,-9.798586964607238770e-01
2.244000000000000217e+00,-9.139202237129211426e-01
2.245000000000000107e+00,-8.648569583892822266e-01
2.245999999999999996e+00,-8.761070966720581055e-01
2.246999999999999886e+00,-8.839197158813476562e-01
2.248000000000000220e+00,-8.823572397232055664e-01
2.249000000000000110e+00,-6.282908320426940918e-01
2.250000000000000000e+00,-2.285972386598587036e-01
2.250999999999999890e+00,-4.640695825219154358e-02
2.251999999999999780e+00,3.234424442052841187e-02
2.253000000000000114e+00,3.640680387616157532e-02
2.254000000000000004e+00,7.359487563371658325e-02
2.254999999999999893e+00,4.921950027346611023e-02
2.255999999999999783e+00,-8.906385861337184906e-03
2.257000000000000117e+00,-1.242206469178199768e-01
2.258000000000000007e+00,-1.885966211557388306e-01
2.258999999999999897e+00,-2.564101517200469971e-01
2.259999999999999787e+00,-3.445365130901336670e-01
2.261000000000000121e+00,-3.945372700691223145e-01
2.262000000000000011e+00,-4.257877469062805176e-01
2.262999999999999901e+00,-4.670383632183074951e-01
2.263999999999999790e+00,-4.395379424095153809e-01
2.265000000000000124e+00,-4.279752671718597412e-01
2.266000000000000014e+00,-4.670383632183074951e-01
2.266999999999999904e+00,-5.051639676094055176e-01
2.267999999999999794e+00,-5.298518538475036621e-01
2.269000000000000128e+00,-5.570397377014160156e-01
2.270000000000000018e+00,-5.811026096343994141e-01
2.270999999999999908e+00,-6.014154553413391113e-01
2.271999999999999797e+00,-6.136031150817871094e-01
2.273000000000000131e+00,-6.373534798622131348e-01
2.274000000000000021e+00,-5.873526930809020996e-01
2.274999999999999911e+00,-5.792275667190551758e-01
2.275999999999999801e+00,-6.054779887199401855e-01
2.277000000000000135e+00,-6.745415329933166504e-01
2.278000000000000025e+00,-6.979793906211853027e-01
2.278999999999999915e+00,-7.217297554016113281e-01
2.279999999999999805e+00,-7.682929635047912598e-01
2.281000000000000139e+00,-7.792306542396545410e-01
2.282000000000000028e+00,-7.789181470870971680e-01
2.282999999999999918e+00,-7.873557806015014648e-01
2.283999999999999808e+00,-7.314174175262451172e-01
2.285000000000000142e+00,-6.892292499542236328e-01
2.286000000000000032e+00,-7.086045742034912109e-01
2.286999999999999922e+00,-7.207922339439392090e-01
2.287999999999999812e+00,-7.232922911643981934e-01
2.289000000000000146e+00,-7.376675009727478027e-01
2.290000000000000036e+00,-7.464176416397094727e-01
2.290999999999999925e+00,-7.492302060127258301e-01
2.291999999999999815e+00,-7.495427131652832031e-01
2.293000000000000149e+00,-7.582927942276000977e-01
2.294000000000000039e+00,-6.998544335365295410e-01
2.294999999999999929e+00,-6.839166879653930664e-01
2.295999999999999819e+00,-6.989169120788574219e-01
2.297000000000000153e+00,-7.601678371429443359e-01
2.298000000000000043e+00,-7.767305970191955566e-01
2.298999999999999932e+00,-1.031734466552734375e+00
2.299999999999999822e+00,-1.436428189277648926e+00
2.301000000000000156e+00,-1.601118206977844238e+00
2.302000000000000046e+00,-1.662056565284729004e+00
2.302999999999999936e+00,-1.674556851387023926e+00
2.303999999999999826e+00,-1.590805530548095703e+00
2.305000000000000160e+00,-1.509866833686828613e+00
2.306000000000000050e+00,-1.479241371154785156e+00
2.306999999999999940e+00,-1.440803289413452148e+00
2.307999999999999829e+00,-1.400177597999572754e+00
2.309000000000000163e+00,-1.362364530563354492e+00
2.310000000000000053e+00,-1.326113939285278320e+00
2.310999999999999943e+00,-1.289550900459289551e+00
2.311999999999999833e+00,-1.248612761497497559e+00
2.313000000000000167e+00,-1.220487356185913086e+00
2.314000000000000057e+00,-1.129860997200012207e+00
2.314999999999999947e+00,-1.080797791481018066e+00
2.315999999999999837e+00,-1.065172553062438965e+00
2.317000000000000171e+00,-1.104860663414001465e+00
2.318000000000000060e+00,-1.093922972679138184e+00
2.318999999999999950e+00,-1.097985506057739258e+00
2.319999999999999840e+00,-1.114235758781433105e+00
2.321000000000000174e+00,-1.101110577583312988e+00
2.322000000000000064e+00,-1.084547758102416992e+00
2.322999999999999954e+00,-1.075485110282897949e+00
2.323999999999999844e+00,-1.000171542167663574e+00
2.325000000000000178e+00,-9.432956576347351074e-01
2.326000000000000068e+00,-9.457956552505493164e-01
2.326999999999999957e+00,-9.457956552505493164e-01
2.327999999999999847e+00,-9.423581361770629883e-01
2.329000000000000181e+00,-9.411081075668334961e-01
2.330000000000000071e+00,-9.339205026626586914e-01
2.330999999999999961e+00,-9.339205026626586914e-01
2.331999999999999851e+00,-9.242328405380249023e-01
2.333000000000000185e+00,-9.264203906059265137e-01
2.334000000000000075e+00,-8.611068725585937500e-01
2.334999999999999964e+00,-8.367314934730529785e-01
2.335999999999999854e+00,-8.420441150665283203e-01
2.337000000000000188e+00,-9.032950401306152344e-01
2.338000000000000078e+00,-9.107951521873474121e-01
2.338999999999999968e+00,-9.267328977584838867e-01
2.339999999999999858e+00,-9.632959365844726562e-01
2.341000000000000192e+00,-9.601709246635437012e-01
2.342000000000000082e+00,-9.554833173751831055e-01
2.342999999999999972e+00,-9.604834318161010742e-01
2.343999999999999861e+00,-8.914198279380798340e-01
2.345000000000000195e+00,-8.445441126823425293e-01
2.346000000000000085e+00,-8.586068749427795410e-01
2.346999999999999975e+00,-8.642319440841674805e-01
2.347999999999999865e+00,-8.648569583892822266e-01
2.349000000000000199e+00,-6.123530864715576172e-01
2.350000000000000089e+00,-2.160970419645309448e-01
2.350999999999999979e+00,-3.390676900744438171e-02
2.351999999999999869e+00,4.203189164400100708e-02
2.353000000000000203e+00,4.109437763690948486e-02
2.354000000000000092e+00,7.703242450952529907e-02
2.354999999999999982e+00,5.578210204839706421e-02
2.355999999999999872e+00,-3.906309604644775391e-03
2.357000000000000206e+00,-1.182830557227134705e-01
2.358000000000000096e+00,-1.807840019464492798e-01
2.358999999999999986e+00,-2.495350539684295654e-01
2.359999999999999876e+00,-3.385989069938659668e-01
2.361000000000000210e+00,-3.795370459556579590e-01
2.362000000000000099e+00,-4.189126491546630859e-01
2.362999999999999989e+00,-4.601632654666900635e-01
2.363999999999999879e+00,-4.311003386974334717e-01
2.365000000000000213e+00,-4.142250716686248779e-01
2.366000000000000103e+00,-4.557881951332092285e-01
2.366999999999999993e+00,-4.939137995243072510e-01
2.367999999999999883e+00,-5.182891488075256348e-01
2.369000000000000217e+00,-5.451645851135253906e-01
2.370000000000000107e+00,-5.704774260520935059e-01
2.370999999999999996e+00,-5.886027216911315918e-01
2.371999999999999886e+00,-6.007904410362243652e-01
2.373000000000000220e+00,-6.236032843589782715e-01
2.374000000000000110e+00,-5.761025547981262207e-01
2.375000000000000000e+00,-5.670399069786071777e-01
2.375999999999999890e+00,-5.901652574539184570e-01
2.376999999999999780e+00,-6.601663231849670410e-01
2.378000000000000114e+00,-6.820416450500488281e-01
2.379000000000000004e+00,-7.070420384407043457e-01
2.379999999999999893e+00,-7.551677823066711426e-01
2.380999999999999783e+00,-7.598553299903869629e-01
2.382000000000000117e+00,-7.617303729057312012e-01
2.383000000000000007e+00,-7.726680636405944824e-01
2.383999999999999897e+00,-7.157921791076660156e-01
2.384999999999999787e+00,-6.726664900779724121e-01
2.386000000000000121e+00,-6.911042928695678711e-01
2.387000000000000011e+00,-7.064170241355895996e-01
2.387999999999999901e+00,-7.123546004295349121e-01
2.388999999999999790e+00,-7.226672768592834473e-01
2.390000000000000124e+00,-7.320424318313598633e-01
2.391000000000000014e+00,-7.351674437522888184e-01
2.391999999999999904e+00,-7.307924032211303711e-01
2.392999999999999794e+00,-7.432925701141357422e-01
2.394000000000000128e+00,-6.882917284965515137e-01
2.395000000000000018e+00,-6.651663780212402344e-01
2.395999999999999908e+00,-6.817291378974914551e-01
2.396999999999999797e+00,-7.457926273345947266e-01
2.398000000000000131e+00,-7.570428252220153809e-01
2.399000000000000021e+00,-1.014546751976013184e+00
2.399999999999999911e+00,-1.424553036689758301e+00
2.400999999999999801e+00,-1.582367897033691406e+00
2.402000000000000135e+00,-1.645493865013122559e+00
2.403000000000000025e+00,-1.658306598663330078e+00
2.403999999999999915e+00,-1.572992801666259766e+00
2.404999999999999805e+00,-1.488928914070129395e+00
2.406000000000000139e+00,-1.460491061210632324e+00
2.407000000000000028e+00,-1.428615570068359375e+00
2.407999999999999918e+00,-1.384552359580993652e+00
2.408999999999999808e+00,-1.343301773071289062e+00
2.410000000000000142e+00,-1.305801153182983398e+00
2.411000000000000032e+00,-1.268300652503967285e+00
2.411999999999999922e+00,-1.229550004005432129e+00
2.412999999999999812e+00,-1.203612089157104492e+00
2.414000000000000146e+00,-1.115173220634460449e+00
2.415000000000000036e+00,-1.061109900474548340e+00
2.415999999999999925e+00,-1.047047257423400879e+00
2.416999999999999815e+00,-1.088610410690307617e+00
2.418000000000000149e+00,-1.078297734260559082e+00
2.419000000000000039e+00,-1.074860095977783203e+00
2.419999999999999929e+00,-1.102673053741455078e+00
2.420999999999999819e+00,-1.078922748565673828e+00
2.422000000000000153e+00,-1.067985057830810547e+00
2.423000000000000043e+00,-1.060484886169433594e+00
2.423999999999999932e+00,-9.823587536811828613e-01
2.424999999999999822e+00,-9.229828119277954102e-01
2.426000000000000156e+00,-9.270454049110412598e-01
2.427000000000000046e+00,-9.286079406738281250e-01
2.427999999999999936e+00,-9.214203357696533203e-01
2.428999999999999826e+00,-9.207953214645385742e-01
2.430000000000000160e+00,-9.207953214645385742e-01
2.431000000000000050e+00,-9.157952070236206055e-01
2.431999999999999940e+00,-9.054825901985168457e-01
2.432999999999999829e+00,-9.067325592041015625e-01
2.434000000000000163e+00,-8.476691842079162598e-01
2.435000000000000053e+00,-8.182937502861022949e-01
2.435999999999999943e+00,-8.248563408851623535e-01
2.436999999999999833e+00,-8.839197158813476562e-01
2.438000000000000167e+00,-8.936073780059814453e-01
2.439000000000000057e+00,-9.057950973510742188e-01
2.439999999999999947e+00,-9.457956552505493164e-01
2.440999999999999837e+00,-9.401705861091613770e-01
2.442000000000000171e+00,-9.367330670356750488e-01
2.443000000000000060e+00,-9.404830932617187500e-01
2.443999999999999950e+00,-8.739196062088012695e-01
2.444999999999999840e+00,-8.248563408851623535e-01
2.446000000000000174e+00,-8.382940292358398438e-01
2.447000000000000064e+00,-8.423566222190856934e-01
2.447999999999999954e+00,-8.426691293716430664e-01
2.448999999999999844e+00,-5.907902717590332031e-01
2.450000000000000178e+00,-1.917216777801513672e-01
2.451000000000000068e+00,-6.406347732990980148e-03
2.451999999999999957e+00,6.953231245279312134e-02
2.452999999999999847e+00,6.984481215476989746e-02
2.454000000000000181e+00,9.922026097774505615e-02
2.455000000000000071e+00,8.297001570463180542e-02
2.455999999999999961e+00,1.953154802322387695e-02
2.456999999999999851e+00,-9.515770524740219116e-02
2.458000000000000185e+00,-1.582836657762527466e-01
2.459000000000000075e+00,-2.235971689224243164e-01
2.459999999999999964e+00,-3.179736137390136719e-01
2.460999999999999854e+00,-3.576616942882537842e-01
2.462000000000000188e+00,-3.970372974872589111e-01
2.463000000000000078e+00,-4.386004507541656494e-01
2.463999999999999968e+00,-4.101625084877014160e-01
2.464999999999999858e+00,-3.929747343063354492e-01
2.466000000000000192e+00,-4.361003935337066650e-01
2.467000000000000082e+00,-4.757885038852691650e-01
2.467999999999999972e+00,-4.967263340950012207e-01
2.468999999999999861e+00,-5.257892608642578125e-01
2.470000000000000195e+00,-5.507896542549133301e-01
2.471000000000000085e+00,-5.701649785041809082e-01
2.471999999999999975e+00,-5.814151167869567871e-01
2.472999999999999865e+00,-6.042279601097106934e-01
2.474000000000000199e+00,-5.604773163795471191e-01
2.475000000000000089e+00,-5.473520755767822266e-01
2.475999999999999979e+00,-5.720399618148803711e-01
2.476999999999999869e+00,-6.426660418510437012e-01
2.478000000000000203e+00,-6.601663231849670410e-01
2.479000000000000092e+00,-6.870417594909667969e-01
2.479999999999999982e+00,-7.370424866676330566e-01
2.480999999999999872e+00,-7.389175295829772949e-01
2.482000000000000206e+00,-7.445425987243652344e-01
2.483000000000000096e+00,-7.567303180694580078e-01
2.483999999999999986e+00,-6.982918977737426758e-01
2.484999999999999876e+00,-6.539162397384643555e-01
2.486000000000000210e+00,-6.754790544509887695e-01
2.487000000000000099e+00,-6.882917284965515137e-01
2.487999999999999989e+00,-6.964168548583984375e-01
2.488999999999999879e+00,-7.054795026779174805e-01
2.490000000000000213e+00,-7.107921242713928223e-01
2.491000000000000103e+00,-7.176672220230102539e-01
2.491999999999999993e+00,-7.151671648025512695e-01
2.492999999999999883e+00,-7.251673340797424316e-01
2.494000000000000217e+00,-6.739165186882019043e-01
2.495000000000000107e+00,-6.479786634445190430e-01
2.495999999999999996e+00,-6.604788303375244141e-01
2.496999999999999886e+00,-7.286048531532287598e-01
2.498000000000000220e+00,-7.401675581932067871e-01
2.499000000000000110e+00,-9.967339634895324707e-01
2.500000000000000000e+00,-1.406427741050720215e+00
2.500999999999999890e+00,-1.568617701530456543e+00
2.501999999999999780e+00,-1.623931050300598145e+00
2.503000000000000114e+00,-1.638306260108947754e+00
2.504000000000000004e+00,-1.551117420196533203e+00
2.504999999999999893e+00,-1.467678666114807129e+00
2.505999999999999783e+00,-1.439865708351135254e+00
2.507000000000000117e+00,-1.405490159988403320e+00
2.508000000000000007e+00,-1.361114501953125000e+00
2.508999999999999897e+00,-1.326113939285278320e+00
2.509999999999999787e+00,-1.285175919532775879e+00
2.511000000000000121e+00,-1.249550342559814453e+00
2.512000000000000011e+00,-1.207049727439880371e+00
2.512999999999999901e+00,-1.182674288749694824e+00
2.513999999999999790e+00,-1.095798015594482422e+00
2.515000000000000124e+00,-1.041109681129455566e+00
2.516000000000000014e+00,-1.029546976089477539e+00
2.516999999999999904e+00,-1.070797562599182129e+00
2.517999999999999794e+00,-1.057047367095947266e+00
2.519000000000000128e+00,-1.053922295570373535e+00
2.520000000000000018e+00,-1.084235310554504395e+00
2.520999999999999908e+00,-1.061734914779663086e+00
2.521999999999999797e+00,-1.045797228813171387e+00
2.523000000000000131e+00,-1.036109566688537598e+00
2.524000000000000021e+00,-9.629834294319152832e-01
2.524999999999999911e+00,-9.017325043678283691e-01
2.525999999999999801e+00,-9.057950973510742188e-01
2.527000000000000135e+00,-9.076700806617736816e-01
2.528000000000000025e+00,-9.014199972152709961e-01
2.528999999999999915e+00,-9.011074900627136230e-01
2.529999999999999805e+00,-8.982949852943420410e-01
2.531000000000000139e+00,-8.939198851585388184e-01
2.532000000000000028e+00,-8.842322230339050293e-01
2.532999999999999918e+00,-8.845447301864624023e-01
2.533999999999999808e+00,-8.301689028739929199e-01
2.535000000000000142e+00,-7.929808497428894043e-01
2.536000000000000032e+00,-8.039185404777526855e-01
2.536999999999999922e+00,-8.645444512367248535e-01
2.537999999999999812e+00,-8.720445632934570312e-01
2.539000000000000146e+00,-8.857947587966918945e-01
2.540000000000000036e+00,-9.264203906059265137e-01
2.540999999999999925e+00,-9.223577976226806641e-01
2.541999999999999815e+00,-9.186077713966369629e-01
2.543000000000000149e+00,-9.232953190803527832e-01
2.544000000000000039e+00,-8.551692962646484375e-01
2.544999999999999929e+00,-8.039185404777526855e-01
2.545999999999999819e+00,-8.192312717437744141e-01
2.547000000000000153e+00,-8.286063671112060547e-01
2.548000000000000043e+00,-8.245438337326049805e-01
2.548999999999999932e+00,-5.726649761199951172e-01
2.549999999999999822e+00,-1.704713553190231323e-01
2.551000000000000156e+00,1.015640515834093094e-02
2.552000000000000046e+00,8.640757203102111816e-02
2.552999999999999936e+00,8.515755087137222290e-02
2.553999999999999826e+00,1.135954856872558594e-01
2.555000000000000160e+00,9.609521925449371338e-02
2.556000000000000050e+00,3.296925127506256104e-02
2.556999999999999940e+00,-8.140749484300613403e-02
2.557999999999999829e+00,-1.457834690809249878e-01
2.559000000000000163e+00,-2.148470282554626465e-01
2.560000000000000053e+00,-3.023483753204345703e-01
2.560999999999999943e+00,-3.432864844799041748e-01
2.561999999999999833e+00,-3.826620876789093018e-01
2.563000000000000167e+00,-4.229752123355865479e-01
2.564000000000000057e+00,-3.976623117923736572e-01
2.564999999999999947e+00,-3.792245388031005859e-01
2.565999999999999837e+00,-4.214126765727996826e-01
2.567000000000000171e+00,-4.595382511615753174e-01
2.568000000000000060e+00,-4.814136028289794922e-01
2.568999999999999950e+00,-5.132890939712524414e-01
2.569999999999999840e+00,-5.332893729209899902e-01
2.571000000000000174e+00,-5.557897090911865234e-01
2.572000000000000064e+00,-5.645398497581481934e-01
2.572999999999999954e+00,-5.857902169227600098e-01
2.573999999999999844e+00,-5.476645827293395996e-01
2.575000000000000178e+00,-5.336018800735473633e-01
2.576000000000000068e+00,-5.582897663116455078e-01
2.576999999999999957e+00,-6.323534250259399414e-01
2.577999999999999847e+00,-6.473536491394042969e-01
2.579000000000000181e+00,-6.726664900779724121e-01
2.580000000000000071e+00,-7.204797267913818359e-01
2.580999999999999961e+00,-7.282923460006713867e-01
2.581999999999999851e+00,-7.254798412322998047e-01
2.583000000000000185e+00,-7.395425438880920410e-01
2.584000000000000075e+00,-6.839166879653930664e-01
2.584999999999999964e+00,-6.398535370826721191e-01
2.585999999999999854e+00,-6.564162373542785645e-01
2.587000000000000188e+00,-6.732915043830871582e-01
2.588000000000000078e+00,-6.782916188240051270e-01
2.588999999999999968e+00,-6.870417594909667969e-01
2.589999999999999858e+00,-6.970418691635131836e-01
2.591000000000000192e+00,-7.020419836044311523e-01
2.592000000000000082e+00,-6.973543763160705566e-01
2.592999999999999972e+00,-7.086045742034912109e-01
2.593999999999999861e+00,-6.582912802696228027e-01
2.595000000000000195e+00,-6.339159011840820312e-01
2.596000000000000085e+00,-6.489161252975463867e-01
2.596999999999999975e+00,-7.151671648025512695e-01
2.597999999999999865e+00,-7.223547697067260742e-01
2.599000000000000199e+00,-9.873588085174560547e-01
2.600000000000000089e+00,-1.391114950180053711e+00
2.600999999999999979e+00,-1.558930039405822754e+00
2.601999999999999869e+00,-1.621430993080139160e+00
2.603000000000000203e+00,-1.634868741035461426e+00
2.604000000000000092e+00,-1.547367334365844727e+00
2.604999999999999982e+00,-1.459866046905517578e+00
2.605999999999999872e+00,-1.432678103446960449e+00
2.607000000000000206e+00,-1.397990107536315918e+00
2.608000000000000096e+00,-1.350489377975463867e+00
2.608999999999999986e+00,-1.315176367759704590e+00
2.609999999999999876e+00,-1.275175690650939941e+00
2.611000000000000210e+00,-1.238925099372863770e+00
2.612000000000000099e+00,-1.198299527168273926e+00
2.612999999999999989e+00,-1.167674064636230469e+00
2.613999999999999879e+00,-1.085172772407531738e+00
2.615000000000000213e+00,-1.027046918869018555e+00
2.616000000000000103e+00,-1.020171761512756348e+00
2.616999999999999993e+00,-1.058922410011291504e+00
2.617999999999999883e+00,-1.043922185897827148e+00
2.619000000000000217e+00,-1.044547200202941895e+00
2.620000000000000107e+00,-1.061422467231750488e+00
2.620999999999999996e+00,-1.048922300338745117e+00
2.621999999999999886e+00,-1.027984380722045898e+00
2.623000000000000220e+00,-1.020484328269958496e+00
2.624000000000000110e+00,-9.482957124710083008e-01
2.625000000000000000e+00,-8.864197731018066406e-01
2.625999999999999890e+00,-8.917323350906372070e-01
2.626999999999999780e+00,-8.970449566841125488e-01
2.628000000000000114e+00,-8.851697444915771484e-01
2.629000000000000004e+00,-8.886073231697082520e-01
2.629999999999999893e+00,-8.839197158813476562e-01
2.630999999999999783e+00,-8.795446753501892090e-01
2.632000000000000117e+00,-8.739196062088012695e-01
2.633000000000000007e+00,-8.698570132255554199e-01
2.633999999999999897e+00,-8.114186525344848633e-01
2.634999999999999787e+00,-7.811056971549987793e-01
2.636000000000000121e+00,-7.945433855056762695e-01
2.637000000000000011e+00,-8.539192676544189453e-01
2.637999999999999901e+00,-8.557943105697631836e-01
2.638999999999999790e+00,-8.720445632934570312e-01
2.640000000000000124e+00,-9.061076045036315918e-01
2.641000000000000014e+00,-9.067325592041015625e-01
2.641999999999999904e+00,-9.029825329780578613e-01
2.642999999999999794e+00,-9.045450687408447266e-01
2.644000000000000128e+00,-8.404815793037414551e-01
2.645000000000000018e+00,-7.911058068275451660e-01
2.645999999999999908e+00,-8.029810190200805664e-01
2.646999999999999797e+00,-8.123561739921569824e-01
2.648000000000000131e+00,-8.114186525344848633e-01
2.649000000000000021e+00,-5.579772591590881348e-01
2.649999999999999911e+00,-1.535960882902145386e-01
2.650999999999999801e+00,2.546913921833038330e-02
2.652000000000000135e+00,9.859525412321090698e-02
2.653000000000000025e+00,9.765774011611938477e-02
2.653999999999999915e+00,1.226581186056137085e-01
2.654999999999999805e+00,1.104704365134239197e-01
2.656000000000000139e+00,4.109437763690948486e-02
2.657000000000000028e+00,-7.078233361244201660e-02
2.657999999999999918e+00,-1.332832872867584229e-01
2.658999999999999808e+00,-2.001593112945556641e-01
2.660000000000000142e+00,-2.860981225967407227e-01
2.661000000000000032e+00,-3.317238092422485352e-01
2.661999999999999922e+00,-3.698493838310241699e-01
2.662999999999999812e+00,-4.126625359058380127e-01
2.664000000000000146e+00,-3.857871294021606445e-01
2.665000000000000036e+00,-3.664118349552154541e-01
2.665999999999999925e+00,-4.092249870300292969e-01
2.666999999999999815e+00,-4.473505616188049316e-01
2.668000000000000149e+00,-4.695384204387664795e-01
2.669000000000000039e+00,-5.029764175415039062e-01
2.669999999999999929e+00,-5.217267274856567383e-01
2.670999999999999819e+00,-5.420395135879516602e-01
2.672000000000000153e+00,-5.517271757125854492e-01
2.673000000000000043e+00,-5.732899904251098633e-01
2.673999999999999932e+00,-5.373519659042358398e-01
2.674999999999999822e+00,-5.170391201972961426e-01
2.676000000000000156e+00,-5.482895970344543457e-01
2.677000000000000046e+00,-6.179781556129455566e-01
2.677999999999999936e+00,-6.336033940315246582e-01
2.678999999999999826e+00,-6.595413088798522949e-01
2.680000000000000160e+00,-7.036044597625732422e-01
2.681000000000000050e+00,-7.142296433448791504e-01
2.681999999999999940e+00,-7.132921218872070312e-01
2.682999999999999829e+00,-7.236047983169555664e-01
2.684000000000000163e+00,-6.689164638519287109e-01
2.685000000000000053e+00,-6.264157891273498535e-01
2.685999999999999943e+00,-6.398535370826721191e-01
2.686999999999999833e+00,-6.579787731170654297e-01
2.688000000000000167e+00,-6.617288589477539062e-01
2.689000000000000057e+00,-6.736040115356445312e-01
2.689999999999999947e+00,-6.786041259765625000e-01
2.690999999999999837e+00,-6.904792785644531250e-01
2.692000000000000171e+00,-6.857917308807373047e-01
2.693000000000000060e+00,-6.942293643951416016e-01
2.693999999999999950e+00,-6.445410847663879395e-01
2.694999999999999840e+00,-6.167281866073608398e-01
2.696000000000000174e+00,-6.411035060882568359e-01
2.697000000000000064e+00,-7.020419836044311523e-01
2.697999999999999954e+00,-7.101671099662780762e-01
2.698999999999999844e+00,-9.642334580421447754e-01
2.700000000000000178e+00,-1.363927006721496582e+00
2.701000000000000068e+00,-1.537679672241210938e+00
2.701999999999999957e+00,-1.594243049621582031e+00
2.702999999999999847e+00,-1.603305697441101074e+00
2.704000000000000181e+00,-1.519241929054260254e+00
2.705000000000000071e+00,-1.433928132057189941e+00
2.705999999999999961e+00,-1.405802726745605469e+00
2.706999999999999851e+00,-1.370177149772644043e+00
2.708000000000000185e+00,-1.325801491737365723e+00
2.709000000000000075e+00,-1.289863467216491699e+00
2.709999999999999964e+00,-1.250800371170043945e+00
2.710999999999999854e+00,-1.215174794197082520e+00
2.712000000000000188e+00,-1.173924207687377930e+00
2.713000000000000078e+00,-1.147361278533935547e+00
2.713999999999999968e+00,-1.066735029220581055e+00
2.714999999999999858e+00,-1.004546523094177246e+00
2.716000000000000192e+00,-1.001421570777893066e+00
2.717000000000000082e+00,-1.036422014236450195e+00
2.717999999999999972e+00,-1.020484328269958496e+00
2.718999999999999861e+00,-1.019234299659729004e+00
2.720000000000000195e+00,-1.038609623908996582e+00
2.721000000000000085e+00,-1.029234409332275391e+00
2.721999999999999975e+00,-1.011734247207641602e+00
2.722999999999999865e+00,-1.001421570777893066e+00
2.724000000000000199e+00,-9.298579096794128418e-01
2.725000000000000089e+00,-8.686069846153259277e-01
2.725999999999999979e+00,-8.742321133613586426e-01
2.726999999999999869e+00,-8.732945919036865234e-01
2.728000000000000203e+00,-8.673569560050964355e-01
2.729000000000000092e+00,-8.714195489883422852e-01
2.729999999999999982e+00,-8.673569560050964355e-01
2.730999999999999872e+00,-8.667320013046264648e-01
2.732000000000000206e+00,-8.523567318916320801e-01
2.733000000000000096e+00,-8.545442819595336914e-01
2.733999999999999986e+00,-8.007934689521789551e-01
2.734999999999999876e+00,-7.642304301261901855e-01
2.736000000000000210e+00,-7.795431613922119141e-01
2.737000000000000099e+00,-8.348565101623535156e-01
2.737999999999999989e+00,-8.389190435409545898e-01
2.738999999999999879e+00,-8.545442819595336914e-01
2.740000000000000213e+00,-8.879823088645935059e-01
2.741000000000000103e+00,-8.954824209213256836e-01
2.741999999999999993e+00,-8.823572397232055664e-01
2.742999999999999883e+00,-8.848572373390197754e-01
2.744000000000000217e+00,-8.251688480377197266e-01
2.745000000000000107e+00,-7.742305397987365723e-01
2.745999999999999996e+00,-7.854807376861572266e-01
2.746999999999999886e+00,-7.948558926582336426e-01
2.748000000000000220e+00,-7.923558354377746582e-01
2.749000000000000110e+00,-5.432895421981811523e-01
2.750000000000000000e+00,-1.367208361625671387e-01
2.750999999999999890e+00,3.921934962272644043e-02
2.751999999999999780e+00,1.092204153537750244e-01
2.753000000000000114e+00,1.110954433679580688e-01
2.754000000000000004e+00,1.367208361625671387e-01
2.754999999999999893e+00,1.210955977439880371e-01
2.755999999999999783e+00,5.203204229474067688e-02
2.757000000000000117e+00,-6.171969324350357056e-02
2.758000000000000007e+00,-1.170330345630645752e-01
2.758999999999999897e+00,-1.882841289043426514e-01
2.759999999999999787e+00,-2.682853341102600098e-01
2.761000000000000121e+00,-3.207861483097076416e-01
2.762000000000000011e+00,-3.579742014408111572e-01
2.762999999999999901e+00,-3.970372974872589111e-01
2.763999999999999790e+00,-3.710994124412536621e-01
2.765000000000000124e+00,-3.517241179943084717e-01
2.766000000000000014e+00,-3.954747915267944336e-01
2.766999999999999904e+00,-4.323503375053405762e-01
2.767999999999999794e+00,-4.579757452011108398e-01
2.769000000000000128e+00,-4.873511791229248047e-01
2.770000000000000018e+00,-5.086014866828918457e-01
2.770999999999999908e+00,-5.273517966270446777e-01
2.771999999999999797e+00,-5.389145016670227051e-01
2.773000000000000131e+00,-5.589147806167602539e-01
2.774000000000000021e+00,-5.236017107963562012e-01
2.774999999999999911e+00,-5.032889246940612793e-01
2.775999999999999801e+00,-5.364144444465637207e-01
2.777000000000000135e+00,-6.026654243469238281e-01
2.778000000000000025e+00,-6.192281842231750488e-01
2.778999999999999915e+00,-6.436035633087158203e-01
2.779999999999999805e+00,-6.836041808128356934e-01
2.781000000000000139e+00,-6.989169120788574219e-01
2.782000000000000028e+00,-7.004794478416442871e-01
2.782999999999999918e+00,-7.120420932769775391e-01
2.783999999999999808e+00,-6.532912254333496094e-01
2.785000000000000142e+00,-6.098530292510986328e-01
2.786000000000000032e+00,-6.270408034324645996e-01
2.786999999999999922e+00,-6.482911705970764160e-01
2.787999999999999812e+00,-6.501661539077758789e-01
2.789000000000000146e+00,-6.623538732528686523e-01
2.790000000000000036e+00,-6.657913923263549805e-01
2.790999999999999925e+00,-6.754790544509887695e-01
2.791999999999999815e+00,-6.723539829254150391e-01
2.793000000000000149e+00,-6.811041235923767090e-01
2.794000000000000039e+00,-6.314159035682678223e-01
2.794999999999999929e+00,-6.026654243469238281e-01
2.795999999999999819e+00,-6.304783821105957031e-01
2.797000000000000153e+00,-6.870417594909667969e-01
2.798000000000000043e+00,-6.926668286323547363e-01
2.798999999999999932e+00,-9.536082744598388672e-01
2.799999999999999822e+00,-1.351739406585693359e+00
2.801000000000000156e+00,-1.531429648399353027e+00
2.802000000000000046e+00,-1.586742997169494629e+00
2.802999999999999936e+00,-1.598305583000183105e+00
2.803999999999999826e+00,-1.513929367065429688e+00
2.805000000000000160e+00,-1.428303003311157227e+00
2.806000000000000050e+00,-1.397677540779113770e+00
2.806999999999999940e+00,-1.367052078247070312e+00
2.807999999999999829e+00,-1.318926334381103516e+00
2.809000000000000163e+00,-1.282363295555114746e+00
2.810000000000000053e+00,-1.240175127983093262e+00
2.810999999999999943e+00,-1.204549670219421387e+00
2.811999999999999833e+00,-1.167986631393432617e+00
2.813000000000000167e+00,-1.136111140251159668e+00
2.814000000000000057e+00,-1.056109905242919922e+00
2.814999999999999947e+00,-9.957964420318603516e-01
2.815999999999999837e+00,-9.929838776588439941e-01
2.817000000000000171e+00,-1.022671818733215332e+00
2.818000000000000060e+00,-1.010796666145324707e+00
2.818999999999999950e+00,-1.011421680450439453e+00
2.819999999999999840e+00,-1.018921852111816406e+00
2.821000000000000174e+00,-1.015484213829040527e+00
2.822000000000000064e+00,-9.995465278625488281e-01
2.822999999999999954e+00,-9.892338514328002930e-01
2.823999999999999844e+00,-9.170452356338500977e-01
2.825000000000000178e+00,-8.589193820953369141e-01
2.826000000000000068e+00,-8.601693511009216309e-01
2.826999999999999957e+00,-8.617318868637084961e-01
2.827999999999999847e+00,-8.542317748069763184e-01
2.829000000000000181e+00,-8.592318892478942871e-01
2.830000000000000071e+00,-8.511067628860473633e-01
2.830999999999999961e+00,-8.495442271232604980e-01
2.831999999999999851e+00,-8.407940864562988281e-01
2.833000000000000185e+00,-8.411065936088562012e-01
2.834000000000000075e+00,-7.870432734489440918e-01
2.834999999999999964e+00,-7.482926845550537109e-01
2.835999999999999854e+00,-7.689179778099060059e-01
2.837000000000000188e+00,-8.232938051223754883e-01
2.838000000000000078e+00,-8.248563408851623535e-01
2.838999999999999968e+00,-8.370440006256103516e-01
2.839999999999999858e+00,-8.651694655418395996e-01
2.841000000000000192e+00,-8.776696324348449707e-01
2.842000000000000082e+00,-8.711070418357849121e-01
2.842999999999999972e+00,-8.732945919036865234e-01
2.843999999999999861e+00,-8.104811310768127441e-01
2.845000000000000195e+00,-7.607928514480590820e-01
2.846000000000000085e+00,-7.701680064201354980e-01
2.846999999999999975e+00,-7.851682305335998535e-01
2.847999999999999865e+00,-7.820431590080261230e-01
2.849000000000000199e+00,-5.245392322540283203e-01
2.850000000000000089e+00,-1.226581186056137085e-01
2.850999999999999979e+00,5.078202486038208008e-02
2.851999999999999869e+00,1.282832026481628418e-01
2.853000000000000203e+00,1.242206469178199768e-01
2.854000000000000092e+00,1.442209482192993164e-01
2.854999999999999982e+00,1.348458081483840942e-01
2.855999999999999872e+00,5.890714749693870544e-02
2.857000000000000206e+00,-5.078202486038208008e-02
2.858000000000000096e+00,-1.057828664779663086e-01
2.858999999999999986e+00,-1.773464530706405640e-01
2.859999999999999876e+00,-2.554726600646972656e-01
2.861000000000000210e+00,-3.095359802246093750e-01
2.862000000000000099e+00,-3.445365130901336670e-01
2.862999999999999989e+00,-3.860996365547180176e-01
2.863999999999999879e+00,-3.610992729663848877e-01
2.865000000000000213e+00,-3.432864844799041748e-01
2.866000000000000103e+00,-3.835996091365814209e-01
2.866999999999999993e+00,-4.217251837253570557e-01
2.867999999999999883e+00,-4.451630413532257080e-01
2.869000000000000217e+00,-4.736009836196899414e-01
2.870000000000000107e+00,-4.923512637615203857e-01
2.870999999999999996e+00,-5.186016559600830078e-01
2.871999999999999886e+00,-5.301643610000610352e-01
2.873000000000000220e+00,-5.470395684242248535e-01
2.874000000000000110e+00,-5.139141082763671875e-01
2.875000000000000000e+00,-4.898512363433837891e-01
2.875999999999999890e+00,-5.295393466949462891e-01
2.876999999999999780e+00,-5.923528075218200684e-01
2.878000000000000114e+00,-6.045404672622680664e-01
2.879000000000000004e+00,-6.314159035682678223e-01
2.879999999999999893e+00,-6.639164090156555176e-01
2.880999999999999783e+00,-6.882917284965515137e-01
2.882000000000000117e+00,-6.895417571067810059e-01
2.883000000000000007e+00,-6.992294192314147949e-01
2.883999999999999897e+00,-6.426660418510437012e-01
2.884999999999999787e+00,-5.970403552055358887e-01
2.886000000000000121e+00,-6.167281866073608398e-01
2.887000000000000011e+00,-6.329783797264099121e-01
2.887999999999999901e+00,-6.367284655570983887e-01
2.888999999999999790e+00,-6.479786634445190430e-01
2.890000000000000124e+00,-6.526662111282348633e-01
2.891000000000000014e+00,-6.607913374900817871e-01
2.891999999999999904e+00,-6.614163517951965332e-01
2.892999999999999794e+00,-6.645413637161254883e-01
2.894000000000000128e+00,-6.236032843589782715e-01
2.895000000000000018e+00,-5.926653146743774414e-01
2.895999999999999908e+00,-6.186031699180603027e-01
2.896999999999999797e+00,-6.776666045188903809e-01
2.898000000000000131e+00,-6.811041235923767090e-01
2.899000000000000021e+00,-9.407956004142761230e-01
2.899999999999999911e+00,-1.327676534652709961e+00
2.900999999999999801e+00,-1.507366776466369629e+00
2.902000000000000135e+00,-1.561117529869079590e+00
2.903000000000000025e+00,-1.573930263519287109e+00
2.903999999999999915e+00,-1.486741423606872559e+00
2.904999999999999805e+00,-1.403302669525146484e+00
2.906000000000000139e+00,-1.374239683151245117e+00
2.907000000000000028e+00,-1.341114163398742676e+00
2.907999999999999918e+00,-1.293613433837890625e+00
2.908999999999999808e+00,-1.260800480842590332e+00
2.910000000000000142e+00,-1.218299865722656250e+00
2.911000000000000032e+00,-1.183299303054809570e+00
2.911999999999999922e+00,-1.143298745155334473e+00
2.912999999999999812e+00,-1.116423249244689941e+00
2.914000000000000146e+00,-1.038609623908996582e+00
2.915000000000000036e+00,-9.754836559295654297e-01
2.915999999999999925e+00,-9.739211201667785645e-01
2.916999999999999815e+00,-1.010796666145324707e+00
2.918000000000000149e+00,-9.895463585853576660e-01
2.919000000000000039e+00,-9.942339062690734863e-01
2.919999999999999929e+00,-9.973589777946472168e-01
2.920999999999999819e+00,-9.995465278625488281e-01
2.922000000000000153e+00,-9.817337393760681152e-01
2.923000000000000043e+00,-9.720460772514343262e-01
2.923999999999999932e+00,-9.001699686050415039e-01
2.924999999999999822e+00,-8.401690721511840820e-01
2.926000000000000156e+00,-8.398565649986267090e-01
2.927000000000000046e+00,-8.482941985130310059e-01
2.927999999999999936e+00,-8.376690149307250977e-01
2.928999999999999826e+00,-8.414191007614135742e-01
2.930000000000000160e+00,-8.342314958572387695e-01
2.931000000000000050e+00,-8.345440030097961426e-01
2.931999999999999940e+00,-8.261063694953918457e-01
2.932999999999999829e+00,-8.248563408851623535e-01
2.934000000000000163e+00,-7.751680612564086914e-01
2.935000000000000053e+00,-7.339174747467041016e-01
2.935999999999999943e+00,-7.567303180694580078e-01
2.936999999999999833e+00,-8.070435523986816406e-01
2.938000000000000167e+00,-8.086060881614685059e-01
2.939000000000000057e+00,-8.264188766479492188e-01
2.939999999999999947e+00,-8.464191555976867676e-01
2.940999999999999837e+00,-8.629819154739379883e-01
2.942000000000000171e+00,-8.551692962646484375e-01
2.943000000000000060e+00,-8.567318320274353027e-01
2.943999999999999950e+00,-7.945433855056762695e-01
2.944999999999999840e+00,-7.432925701141357422e-01
2.946000000000000174e+00,-7.536052465438842773e-01
2.947000000000000064e+00,-7.664179205894470215e-01
2.947999999999999954e+00,-7.639179229736328125e-01
2.948999999999999844e+00,-5.098515152931213379e-01
2.950000000000000178e+00,-1.070328801870346069e-01
2.951000000000000068e+00,6.640726327896118164e-02
2.951999999999999957e+00,1.357833147048950195e-01
2.952999999999999847e+00,1.332832872867584229e-01
2.954000000000000181e+00,1.539085954427719116e-01
2.955000000000000071e+00,1.448459625244140625e-01
2.955999999999999961e+00,6.640726327896118164e-02
2.956999999999999851e+00,-4.015686362981796265e-02
2.958000000000000185e+00,-9.609521925449371338e-02
2.959000000000000075e+00,-1.626587361097335815e-01
2.959999999999999964e+00,-2.382848858833312988e-01
2.960999999999999854e+00,-2.976607978343963623e-01
2.962000000000000188e+00,-3.307862877845764160e-01
2.963000000000000078e+00,-3.767245113849639893e-01
2.963999999999999968e+00,-3.457865118980407715e-01
2.964999999999999858e+00,-3.270362317562103271e-01
2.966000000000000192e+00,-3.698493838310241699e-01
2.967000000000000082e+00,-4.107875227928161621e-01
2.967999999999999972e+00,-4.317253232002258301e-01
2.968999999999999861e+00,-4.607882797718048096e-01
2.970000000000000195e+00,-4.801635742187500000e-01
2.971000000000000085e+00,-5.061014890670776367e-01
2.971999999999999975e+00,-5.145391225814819336e-01
2.972999999999999865e+00,-5.314143300056457520e-01
2.974000000000000199e+00,-5.032889246940612793e-01
2.975000000000000089e+00,-4.776635468006134033e-01
2.975999999999999979e+00,-5.195391774177551270e-01
2.976999999999999869e+00,-5.807901024818420410e-01
2.978000000000000203e+00,-5.911027789115905762e-01
2.979000000000000092e+00,-6.173531413078308105e-01
2.979999999999999982e+00,-6.489161252975463867e-01
2.980999999999999872e+00,-6.751665472984313965e-01
2.982000000000000206e+00,-6.757915616035461426e-01
2.983000000000000096e+00,-6.882917284965515137e-01
2.983999999999999986e+00,-6.286033391952514648e-01
2.984999999999999876e+00,-5.861026644706726074e-01
2.986000000000000210e+00,-6.036029458045959473e-01
2.987000000000000099e+00,-6.220407485961914062e-01
2.987999999999999989e+00,-6.223532557487487793e-01
2.988999999999999879e+00,-6.351659297943115234e-01
2.990000000000000213e+00,-6.398535370826721191e-01
2.991000000000000103e+00,-6.504786610603332520e-01
2.991999999999999993e+00,-6.464161276817321777e-01
2.992999999999999883e+00,-6.545412540435791016e-01
2.994000000000000217e+00,-6.132906079292297363e-01
2.995000000000000107e+00,-5.754775404930114746e-01
2.995999999999999996e+00,-6.095405220985412598e-01
2.996999999999999886e+00,-6.620413661003112793e-01
2.998000000000000220e+00,-6.695414781570434570e-01
2.999000000000000110e+00,-9.292329549789428711e-01
3.000000000000000000e+00,-1.317988872528076172e+00
3.000999999999999890e+00,-1.500804185867309570e+00
3.001999999999999780e+00,-1.556117534637451172e+00
3.003000000000000114e+00,-1.574555277824401855e+00
3.004000000000000004e+00,-1.486116409301757812e+00
3.004999999999999893e+00,-1.396115064620971680e+00
3.005999999999999783e+00,-1.365489602088928223e+00
3.007000000000000117e+00,-1.338926672935485840e+00
3.008000000000000007e+00,-1.288925886154174805e+00
3.008999999999999897e+00,-1.253612875938415527e+00
3.009999999999999787e+00,-1.208924651145935059e+00
3.011000000000000121e+00,-1.176424145698547363e+00
3.012000000000000011e+00,-1.135798573493957520e+00
3.012999999999999901e+00,-1.107673168182373047e+00
3.013999999999999790e+00,-1.032047033309936523e+00
3.015000000000000124e+00,-9.642334580421447754e-01
3.016000000000000014e+00,-9.707960486412048340e-01
3.016999999999999904e+00,-1.001421570777893066e+00
3.017999999999999794e+00,-9.776711463928222656e-01
3.019000000000000128e+00,-9.779836535453796387e-01
3.020000000000000018e+00,-9.848587512969970703e-01
3.020999999999999908e+00,-9.870463013648986816e-01
3.021999999999999797e+00,-9.682960510253906250e-01
3.023000000000000131e+00,-9.645459651947021484e-01
3.024000000000000021e+00,-8.879823088645935059e-01
3.024999999999999911e+00,-8.282938599586486816e-01
3.025999999999999801e+00,-8.298563957214355469e-01
3.027000000000000135e+00,-8.379815220832824707e-01
3.028000000000000025e+00,-8.267313838005065918e-01
3.028999999999999915e+00,-8.292313814163208008e-01
3.029999999999999805e+00,-8.220437765121459961e-01
3.031000000000000139e+00,-8.245438337326049805e-01
3.032000000000000028e+00,-8.154811859130859375e-01
3.032999999999999918e+00,-8.132936358451843262e-01
3.033999999999999808e+00,-7.617303729057312012e-01
3.035000000000000142e+00,-7.236047983169555664e-01
3.036000000000000032e+00,-7.482926845550537109e-01
3.036999999999999922e+00,-7.964184284210205078e-01
3.037999999999999812e+00,-7.954809069633483887e-01
3.039000000000000146e+00,-8.148561716079711914e-01
3.040000000000000036e+00,-8.332939743995666504e-01
3.040999999999999925e+00,-8.514192700386047363e-01
3.041999999999999815e+00,-8.420441150665283203e-01
3.043000000000000149e+00,-8.454816341400146484e-01
3.044000000000000039e+00,-7.842307090759277344e-01
3.044999999999999929e+00,-7.326674461364746094e-01
3.045999999999999819e+00,-7.417300939559936523e-01
3.047000000000000153e+00,-7.551677823066711426e-01
3.048000000000000043e+00,-7.542302608489990234e-01
3.048999999999999932e+00,-5.020388960838317871e-01
3.049999999999999822e+00,-9.828274697065353394e-02
3.051000000000000156e+00,7.765743136405944824e-02
3.052000000000000046e+00,1.445334553718566895e-01
3.052999999999999936e+00,1.473460048437118530e-01
3.053999999999999826e+00,1.623462289571762085e-01
3.055000000000000160e+00,1.585961729288101196e-01
3.056000000000000050e+00,7.453238964080810547e-02
3.056999999999999940e+00,-3.140673041343688965e-02
3.057999999999999829e+00,-8.672007173299789429e-02
3.059000000000000163e+00,-1.539085954427719116e-01
3.060000000000000053e+00,-2.232846617698669434e-01
3.060999999999999943e+00,-2.851606011390686035e-01
3.061999999999999833e+00,-3.245362043380737305e-01
3.063000000000000167e+00,-3.673493564128875732e-01
3.064000000000000057e+00,-3.382863998413085938e-01
3.064999999999999947e+00,-3.210986554622650146e-01
3.065999999999999837e+00,-3.585992157459259033e-01
3.067000000000000171e+00,-4.004748463630676270e-01
3.068000000000000060e+00,-4.229752123355865479e-01
3.068999999999999950e+00,-4.529756605625152588e-01
3.069999999999999840e+00,-4.701634347438812256e-01
3.071000000000000174e+00,-4.936012923717498779e-01
3.072000000000000064e+00,-5.054764747619628906e-01
3.072999999999999954e+00,-5.236017107963562012e-01
3.073999999999999844e+00,-4.942262768745422363e-01
3.075000000000000178e+00,-4.676633775234222412e-01
3.076000000000000068e+00,-5.073515176773071289e-01
3.076999999999999957e+00,-5.682899355888366699e-01
3.077999999999999847e+00,-5.807901024818420410e-01
3.079000000000000181e+00,-6.057904958724975586e-01
3.080000000000000071e+00,-6.348534226417541504e-01
3.080999999999999961e+00,-6.636039018630981445e-01
3.081999999999999851e+00,-6.639164090156555176e-01
3.083000000000000185e+00,-6.786041259765625000e-01
3.084000000000000075e+00,-6.182906627655029297e-01
3.084999999999999964e+00,-5.751650333404541016e-01
3.085999999999999854e+00,-5.914152860641479492e-01
3.087000000000000188e+00,-6.076655387878417969e-01
3.088000000000000078e+00,-6.136031150817871094e-01
3.088999999999999968e+00,-6.239157915115356445e-01
3.089999999999999858e+00,-6.267282962799072266e-01
3.091000000000000192e+00,-6.386035084724426270e-01
3.092000000000000082e+00,-6.348534226417541504e-01
3.092999999999999972e+00,-6.432910561561584473e-01
3.093999999999999861e+00,-6.023529171943664551e-01
3.095000000000000195e+00,-5.639148354530334473e-01
3.096000000000000085e+00,-5.989153981208801270e-01
3.096999999999999975e+00,-6.514161825180053711e-01
3.097999999999999865e+00,-6.539162397384643555e-01
3.099000000000000199e+00,-9.139202237129211426e-01
3.100000000000000089e+00,-1.296738505363464355e+00
3.100999999999999979e+00,-1.480178833007812500e+00
3.101999999999999869e+00,-1.537054657936096191e+00
3.103000000000000203e+00,-1.549554944038391113e+00
3.104000000000000092e+00,-1.462053537368774414e+00
3.104999999999999982e+00,-1.376114726066589355e+00
3.105999999999999872e+00,-1.344864249229431152e+00
3.107000000000000206e+00,-1.313301324844360352e+00
3.108000000000000096e+00,-1.267675638198852539e+00
3.108999999999999986e+00,-1.232675075531005859e+00
3.109999999999999876e+00,-1.189861893653869629e+00
3.111000000000000210e+00,-1.156423926353454590e+00
3.112000000000000099e+00,-1.117360830307006836e+00
3.112999999999999989e+00,-1.087360382080078125e+00
3.113999999999999879e+00,-1.011421680450439453e+00
3.115000000000000213e+00,-9.476706981658935547e-01
3.116000000000000103e+00,-9.492332339286804199e-01
3.116999999999999993e+00,-9.811087250709533691e-01
3.117999999999999883e+00,-9.607959389686584473e-01
3.119000000000000217e+00,-9.623584151268005371e-01
3.120000000000000107e+00,-9.657959938049316406e-01
3.120999999999999996e+00,-9.682960510253906250e-01
3.121999999999999886e+00,-9.520457983016967773e-01
3.123000000000000220e+00,-9.507957696914672852e-01
3.124000000000000110e+00,-8.720445632934570312e-01
3.125000000000000000e+00,-8.126686215400695801e-01
3.125999999999999890e+00,-8.148561716079711914e-01
3.126999999999999780e+00,-8.201687932014465332e-01
3.128000000000000114e+00,-8.126686215400695801e-01
3.129000000000000004e+00,-8.139186501502990723e-01
3.129999999999999893e+00,-8.082935810089111328e-01
3.130999999999999783e+00,-8.089185953140258789e-01
3.132000000000000117e+00,-7.961059212684631348e-01
3.133000000000000007e+00,-8.004809617996215820e-01
3.133999999999999897e+00,-7.514176964759826660e-01
3.134999999999999787e+00,-7.073545455932617188e-01
3.136000000000000121e+00,-7.336049675941467285e-01
3.137000000000000011e+00,-7.854807376861572266e-01
3.137999999999999901e+00,-7.798556685447692871e-01
3.138999999999999790e+00,-8.011059761047363281e-01
3.140000000000000124e+00,-8.148561716079711914e-01
3.141000000000000014e+00,-8.361064791679382324e-01
3.141999999999999904e+00,-8.279814124107360840e-01
3.142999999999999794e+00,-8.382940292358398438e-01
3.144000000000000128e+00,-7.701680064201354980e-01
3.145000000000000018e+00,-7.179797291755676270e-01
3.145999999999999908e+00,-7.292298674583435059e-01
3.146999999999999797e+00,-7.414175868034362793e-01
3.148000000000000131e+00,-7.411050796508789062e-01
3.149000000000000021e+00,-4.857886731624603271e-01
3.149999999999999911e+00,-8.484504371881484985e-02
3.150999999999999801e+00,8.953261375427246094e-02
3.152000000000000135e+00,1.542211025953292847e-01
3.153000000000000025e+00,1.592211723327636719e-01
3.153999999999999915e+00,1.723463833332061768e-01
3.154999999999999805e+00,1.676588058471679688e-01
3.156000000000000139e+00,8.359502255916595459e-02
3.157000000000000028e+00,-1.890653930604457855e-02
3.157999999999999918e+00,-7.390737533569335938e-02
3.158999999999999808e+00,-1.448459625244140625e-01
3.160000000000000142e+00,-2.110969722270965576e-01
3.161000000000000032e+00,-2.779729962348937988e-01
3.161999999999999922e+00,-3.145360350608825684e-01
3.162999999999999812e+00,-3.579742014408111572e-01
3.164000000000000146e+00,-3.264112174510955811e-01
3.165000000000000036e+00,-3.073484301567077637e-01
3.165999999999999925e+00,-3.489115834236145020e-01
3.166999999999999815e+00,-3.898496925830841064e-01
3.168000000000000149e+00,-4.111000299453735352e-01
3.169000000000000039e+00,-4.429755210876464844e-01
3.169999999999999929e+00,-4.570382237434387207e-01
3.170999999999999819e+00,-4.823511242866516113e-01
3.172000000000000153e+00,-4.945387840270996094e-01
3.173000000000000043e+00,-5.129765868186950684e-01
3.173999999999999932e+00,-4.829761087894439697e-01
3.174999999999999822e+00,-4.545381963253021240e-01
3.176000000000000156e+00,-4.970388412475585938e-01
3.177000000000000046e+00,-5.576647520065307617e-01
3.177999999999999936e+00,-5.673524141311645508e-01
3.178999999999999826e+00,-5.964153409004211426e-01
3.180000000000000160e+00,-6.204782128334045410e-01
3.181000000000000050e+00,-6.482911705970764160e-01
3.181999999999999940e+00,-6.536037325859069824e-01
3.182999999999999829e+00,-6.686039566993713379e-01
3.184000000000000163e+00,-6.061030030250549316e-01
3.185000000000000053e+00,-5.636023283004760742e-01
3.185999999999999943e+00,-5.792275667190551758e-01
3.186999999999999833e+00,-5.976653695106506348e-01
3.188000000000000167e+00,-5.995404124259948730e-01
3.189000000000000057e+00,-6.136031150817871094e-01
3.189999999999999947e+00,-6.148531436920166016e-01
3.190999999999999837e+00,-6.251657605171203613e-01
3.192000000000000171e+00,-6.226657629013061523e-01
3.193000000000000060e+00,-6.317284107208251953e-01
3.193999999999999950e+00,-5.898527503013610840e-01
3.194999999999999840e+00,-5.526646971702575684e-01
3.196000000000000174e+00,-5.851652026176452637e-01
3.197000000000000064e+00,-6.367284655570983887e-01
3.197999999999999954e+00,-6.414160132408142090e-01
3.198999999999999844e+00,-9.036075472831726074e-01
3.200000000000000178e+00,-1.281738281250000000e+00
3.201000000000000068e+00,-1.464866161346435547e+00
3.201999999999999957e+00,-1.522679448127746582e+00
3.202999999999999847e+00,-1.537367224693298340e+00
3.204000000000000181e+00,-1.447990894317626953e+00
3.205000000000000071e+00,-1.362677097320556641e+00
3.205999999999999961e+00,-1.331426620483398438e+00
3.206999999999999851e+00,-1.297051072120666504e+00
3.208000000000000185e+00,-1.253925442695617676e+00
3.209000000000000075e+00,-1.218924880027770996e+00
3.209999999999999964e+00,-1.176111698150634766e+00
3.210999999999999854e+00,-1.143298745155334473e+00
3.212000000000000188e+00,-1.104548096656799316e+00
3.213000000000000078e+00,-1.075485110282897949e+00
3.213999999999999968e+00,-1.003296613693237305e+00
3.214999999999999858e+00,-9.320454597473144531e-01
3.216000000000000192e+00,-9.411081075668334961e-01
3.217000000000000082e+00,-9.651709794998168945e-01
3.217999999999999972e+00,-9.461081624031066895e-01
3.218999999999999861e+00,-9.514207839965820312e-01
3.220000000000000195e+00,-9.504832625389099121e-01
3.221000000000000085e+00,-9.595459103584289551e-01
3.221999999999999975e+00,-9.395455718040466309e-01
3.222999999999999865e+00,-9.386080503463745117e-01
3.224000000000000199e+00,-8.607943654060363770e-01
3.225000000000000089e+00,-7.995434403419494629e-01
3.225999999999999979e+00,-8.014184832572937012e-01
3.226999999999999869e+00,-8.089185953140258789e-01
3.228000000000000203e+00,-7.982934117317199707e-01
3.229000000000000092e+00,-8.036060333251953125e-01
3.229999999999999982e+00,-7.945433855056762695e-01
3.230999999999999872e+00,-7.926683425903320312e-01
3.232000000000000206e+00,-7.892307639122009277e-01
3.233000000000000096e+00,-7.839182019233703613e-01
3.233999999999999986e+00,-7.411050796508789062e-01
3.234999999999999876e+00,-6.917293071746826172e-01
3.236000000000000210e+00,-7.211047410964965820e-01
3.237000000000000099e+00,-7.689179778099060059e-01
3.237999999999999989e+00,-7.717305421829223633e-01
3.238999999999999879e+00,-7.889183163642883301e-01
3.240000000000000213e+00,-7.995434403419494629e-01
3.241000000000000103e+00,-8.248563408851623535e-01
3.241999999999999993e+00,-8.182937502861022949e-01
3.242999999999999883e+00,-8.236063122749328613e-01
3.244000000000000217e+00,-7.601678371429443359e-01
3.245000000000000107e+00,-7.061045169830322266e-01
3.245999999999999996e+00,-7.164171934127807617e-01
3.246999999999999886e+00,-7.320424318313598633e-01
3.248000000000000220e+00,-7.286048531532287598e-01
3.249000000000000110e+00,-4.779760539531707764e-01
3.250000000000000000e+00,-7.984496653079986572e-02
3.250999999999999890e+00,8.547005057334899902e-02
3.251999999999999780e+00,1.542211025953292847e-01
3.253000000000000114e+00,1.526585817337036133e-01
3.254000000000000004e+00,1.692213267087936401e-01
3.254999999999999893e+00,1.664087921380996704e-01
3.255999999999999783e+00,8.578255772590637207e-02
3.257000000000000117e+00,-1.984405331313610077e-02
3.258000000000000007e+00,-7.265736162662506104e-02
3.258999999999999897e+00,-1.423459202051162720e-01
3.259999999999999787e+00,-2.045343667268753052e-01
3.261000000000000121e+00,-2.726604044437408447e-01
3.262000000000000011e+00,-3.070359230041503906e-01
3.262999999999999901e+00,-3.589117228984832764e-01
3.263999999999999790e+00,-3.239111900329589844e-01
3.265000000000000124e+00,-3.051609098911285400e-01
3.266000000000000014e+00,-3.420364558696746826e-01
3.266999999999999904e+00,-3.829745948314666748e-01
3.267999999999999794e+00,-4.029749035835266113e-01
3.269000000000000128e+00,-4.339128732681274414e-01
3.270000000000000018e+00,-4.545381963253021240e-01
3.270999999999999908e+00,-4.707884192466735840e-01
3.271999999999999797e+00,-4.895387291908264160e-01
3.273000000000000131e+00,-5.029764175415039062e-01
3.274000000000000021e+00,-4.798510670661926270e-01
3.274999999999999911e+00,-4.448505342006683350e-01
3.275999999999999801e+00,-4.873511791229248047e-01
3.277000000000000135e+00,-5.464146137237548828e-01
3.278000000000000025e+00,-5.582897663116455078e-01
3.278999999999999915e+00,-5.867276787757873535e-01
3.279999999999999805e+00,-6.082905530929565430e-01
3.281000000000000139e+00,-6.407909989356994629e-01
3.282000000000000028e+00,-6.429785490036010742e-01
3.282999999999999918e+00,-6.623538732528686523e-01
3.283999999999999808e+00,-6.020404100418090820e-01
3.285000000000000142e+00,-5.520396828651428223e-01
3.286000000000000032e+00,-5.689149498939514160e-01
3.286999999999999922e+00,-5.889152288436889648e-01
3.287999999999999812e+00,-5.917277932167053223e-01
3.289000000000000146e+00,-6.048529744148254395e-01
3.290000000000000036e+00,-6.045404672622680664e-01
3.290999999999999925e+00,-6.139156222343444824e-01
3.291999999999999815e+00,-6.114155650138854980e-01
3.293000000000000149e+00,-6.201657056808471680e-01
3.294000000000000039e+00,-5.836026668548583984e-01
3.294999999999999929e+00,-5.420395135879516602e-01
3.295999999999999819e+00,-5.761025547981262207e-01
3.297000000000000153e+00,-6.270408034324645996e-01
3.298000000000000043e+00,-6.323534250259399414e-01
3.298999999999999932e+00,-8.923573493957519531e-01
3.299999999999999822e+00,-1.271425604820251465e+00
3.301000000000000156e+00,-1.457678437232971191e+00
3.302000000000000046e+00,-1.507366776466369629e+00
3.302999999999999936e+00,-1.526117086410522461e+00
3.303999999999999826e+00,-1.439553260803222656e+00
3.305000000000000160e+00,-1.353926897048950195e+00
3.306000000000000050e+00,-1.319238901138305664e+00
3.306999999999999940e+00,-1.288300871849060059e+00
3.307999999999999829e+00,-1.240800142288208008e+00
3.309000000000000163e+00,-1.206737160682678223e+00
3.310000000000000053e+00,-1.163923978805541992e+00
3.310999999999999943e+00,-1.130486011505126953e+00
3.311999999999999833e+00,-1.093922972679138184e+00
3.313000000000000167e+00,-1.064859986305236816e+00
3.314000000000000057e+00,-9.936088919639587402e-01
3.314999999999999947e+00,-9.223577976226806641e-01
3.315999999999999837e+00,-9.264203906059265137e-01
3.317000000000000171e+00,-9.548583030700683594e-01
3.318000000000000060e+00,-9.351705312728881836e-01
3.318999999999999950e+00,-9.370455741882324219e-01
3.319999999999999840e+00,-9.357955455780029297e-01
3.321000000000000174e+00,-9.495457410812377930e-01
3.322000000000000064e+00,-9.286079406738281250e-01
3.322999999999999954e+00,-9.304829239845275879e-01
3.323999999999999844e+00,-8.532942533493041992e-01
3.325000000000000178e+00,-7.907932996749877930e-01
3.326000000000000068e+00,-7.926683425903320312e-01
3.326999999999999957e+00,-7.957934141159057617e-01
3.327999999999999847e+00,-7.914183139801025391e-01
3.329000000000000181e+00,-7.898557782173156738e-01
3.330000000000000071e+00,-7.845432162284851074e-01
3.330999999999999961e+00,-7.857932448387145996e-01
3.331999999999999851e+00,-7.764180898666381836e-01
3.333000000000000185e+00,-7.748555541038513184e-01
3.334000000000000075e+00,-7.326674461364746094e-01
3.334999999999999964e+00,-6.804791092872619629e-01
3.335999999999999854e+00,-7.104796171188354492e-01
3.337000000000000188e+00,-7.604803442955017090e-01
3.338000000000000078e+00,-7.536052465438842773e-01
3.338999999999999968e+00,-7.757930755615234375e-01
3.339999999999999858e+00,-7.886058092117309570e-01
3.341000000000000192e+00,-8.123561739921569824e-01
3.342000000000000082e+00,-8.082935810089111328e-01
3.342999999999999972e+00,-8.173562288284301758e-01
3.343999999999999861e+00,-7.486051917076110840e-01
3.345000000000000195e+00,-6.957918405532836914e-01
3.346000000000000085e+00,-7.042294740676879883e-01
3.346999999999999975e+00,-7.198547124862670898e-01
3.347999999999999865e+00,-7.182922363281250000e-01
3.349000000000000199e+00,-4.629758000373840332e-01
3.350000000000000089e+00,-6.140718609094619751e-02
3.350999999999999979e+00,1.117204576730728149e-01
3.351999999999999869e+00,1.770339459180831909e-01
3.353000000000000203e+00,1.770339459180831909e-01
3.354000000000000092e+00,1.829715371131896973e-01
3.354999999999999982e+00,1.867215931415557861e-01
3.355999999999999872e+00,1.039078384637832642e-01
3.357000000000000206e+00,2.968795364722609520e-03
3.358000000000000096e+00,-5.359456688165664673e-02
3.358999999999999986e+00,-1.257831752300262451e-01
3.359999999999999876e+00,-1.879716217517852783e-01
3.361000000000000210e+00,-2.620352506637573242e-01
3.362000000000000099e+00,-2.939107418060302734e-01
3.362999999999999989e+00,-3.423489630222320557e-01
3.363999999999999879e+00,-3.123485147953033447e-01
3.365000000000000213e+00,-2.892231643199920654e-01
3.366000000000000103e+00,-3.295362889766693115e-01
3.366999999999999993e+00,-3.695368766784667969e-01
3.367999999999999883e+00,-3.939122557640075684e-01
3.369000000000000217e+00,-4.195376634597778320e-01
3.370000000000000107e+00,-4.348503947257995605e-01
3.370999999999999996e+00,-4.636008143424987793e-01
3.371999999999999886e+00,-4.773510396480560303e-01
3.373000000000000220e+00,-4.911012351512908936e-01
3.374000000000000110e+00,-4.676633775234222412e-01
3.375000000000000000e+00,-4.304753243923187256e-01
3.375999999999999890e+00,-4.723509550094604492e-01
3.376999999999999780e+00,-5.364144444465637207e-01
3.378000000000000114e+00,-5.464146137237548828e-01
3.379000000000000004e+00,-5.742275118827819824e-01
3.379999999999999893e+00,-5.957903265953063965e-01
3.380999999999999783e+00,-6.314159035682678223e-01
3.382000000000000117e+00,-6.304783821105957031e-01
3.383000000000000007e+00,-6.511036753654479980e-01
3.383999999999999897e+00,-5.907902717590332031e-01
3.384999999999999787e+00,-5.395394563674926758e-01
3.386000000000000121e+00,-5.567272305488586426e-01
3.387000000000000011e+00,-5.767275691032409668e-01
3.387999999999999901e+00,-5.823526382446289062e-01
3.388999999999999790e+00,-5.932903289794921875e-01
3.390000000000000124e+00,-5.942277908325195312e-01
3.391000000000000014e+00,-6.036029458045959473e-01
3.391999999999999904e+00,-6.039154529571533203e-01
3.392999999999999794e+00,-6.120405793190002441e-01
3.394000000000000128e+00,-5.742275118827819824e-01
3.395000000000000018e+00,-5.282893180847167969e-01
3.395999999999999908e+00,-5.598523020744323730e-01
3.396999999999999797e+00,-6.161031723022460938e-01
3.398000000000000131e+00,-6.204782128334045410e-01
3.399000000000000021e+00,-8.807947039604187012e-01
3.399999999999999911e+00,-1.254550337791442871e+00
3.400999999999999801e+00,-1.447053313255310059e+00
3.402000000000000135e+00,-1.496116638183593750e+00
3.403000000000000025e+00,-1.514554381370544434e+00
3.403999999999999915e+00,-1.428303003311157227e+00
3.404999999999999805e+00,-1.339239239692687988e+00
3.406000000000000139e+00,-1.307051181793212891e+00
3.407000000000000028e+00,-1.276425719261169434e+00
3.407999999999999918e+00,-1.233612537384033203e+00
3.408999999999999808e+00,-1.195799469947814941e+00
3.410000000000000142e+00,-1.150173783302307129e+00
3.411000000000000032e+00,-1.118298292160034180e+00
3.411999999999999922e+00,-1.080797791481018066e+00
3.412999999999999812e+00,-1.055797338485717773e+00
3.414000000000000146e+00,-9.861087799072265625e-01
3.415000000000000036e+00,-9.070450663566589355e-01
3.415999999999999925e+00,-9.114201664924621582e-01
3.416999999999999815e+00,-9.426706433296203613e-01
3.418000000000000149e+00,-9.251703619956970215e-01
3.419000000000000039e+00,-9.289204478263854980e-01
3.419999999999999929e+00,-9.236078262329101562e-01
3.420999999999999819e+00,-9.404830932617187500e-01
3.422000000000000153e+00,-9.186077713966369629e-01
3.423000000000000043e+00,-9.217328429222106934e-01
3.423999999999999932e+00,-8.429816365242004395e-01
3.424999999999999822e+00,-7.773556113243103027e-01
3.426000000000000156e+00,-7.811056971549987793e-01
3.427000000000000046e+00,-7.851682305335998535e-01
3.427999999999999936e+00,-7.795431613922119141e-01
3.428999999999999826e+00,-7.801681756973266602e-01
3.430000000000000160e+00,-7.711055278778076172e-01
3.431000000000000050e+00,-7.720430493354797363e-01
3.431999999999999940e+00,-7.657929062843322754e-01
3.432999999999999829e+00,-7.632929086685180664e-01
3.434000000000000163e+00,-7.257923483848571777e-01
3.435000000000000053e+00,-6.695414781570434570e-01
3.435999999999999943e+00,-6.964168548583984375e-01
3.436999999999999833e+00,-7.451676130294799805e-01
3.438000000000000167e+00,-7.467301487922668457e-01
3.439000000000000057e+00,-7.654804587364196777e-01
3.439999999999999947e+00,-7.764180898666381836e-01
3.440999999999999837e+00,-8.073560595512390137e-01
3.442000000000000171e+00,-7.920433282852172852e-01
3.443000000000000060e+00,-8.095436096191406250e-01
3.443999999999999950e+00,-7.401675581932067871e-01
3.444999999999999840e+00,-6.836041808128356934e-01
3.446000000000000174e+00,-6.945418715476989746e-01
3.447000000000000064e+00,-7.054795026779174805e-01
3.447999999999999954e+00,-7.064170241355895996e-01
3.448999999999999844e+00,-4.526631534099578857e-01
3.450000000000000178e+00,-4.984451085329055786e-02
3.451000000000000068e+00,1.198455765843391418e-01
3.451999999999999957e+00,1.829715371131896973e-01
3.452999999999999847e+00,1.817215234041213989e-01
3.454000000000000181e+00,1.904716491699218750e-01
3.455000000000000071e+00,2.001593112945556641e-01
3.455999999999999961e+00,1.123454645276069641e-01
3.456999999999999851e+00,1.203143317252397537e-02
3.458000000000000185e+00,-4.671946167945861816e-02
3.459000000000000075e+00,-1.145329996943473816e-01
3.459999999999999964e+00,-1.760964393615722656e-01
3.460999999999999854e+00,-2.526600956916809082e-01
3.462000000000000188e+00,-2.842230796813964844e-01
3.463000000000000078e+00,-3.339113593101501465e-01
3.463999999999999968e+00,-3.048484027385711670e-01
3.464999999999999858e+00,-2.770354747772216797e-01
3.466000000000000192e+00,-3.220361769199371338e-01
3.467000000000000082e+00,-3.592242300510406494e-01
3.467999999999999972e+00,-3.820370733737945557e-01
3.468999999999999861e+00,-4.082874655723571777e-01
3.470000000000000195e+00,-4.251627326011657715e-01
3.471000000000000085e+00,-4.526631534099578857e-01
3.471999999999999975e+00,-4.654758572578430176e-01
3.472999999999999865e+00,-4.814136028289794922e-01
3.474000000000000199e+00,-4.614132940769195557e-01
3.475000000000000089e+00,-4.195376634597778320e-01
3.475999999999999979e+00,-4.601632654666900635e-01
3.476999999999999869e+00,-5.217267274856567383e-01
3.478000000000000203e+00,-5.367269515991210938e-01
3.479000000000000092e+00,-5.632898211479187012e-01
3.479999999999999982e+00,-5.851652026176452637e-01
3.480999999999999872e+00,-6.217282414436340332e-01
3.482000000000000206e+00,-6.207907199859619141e-01
3.483000000000000096e+00,-6.445410847663879395e-01
3.483999999999999986e+00,-5.832901597023010254e-01
3.484999999999999876e+00,-5.323518514633178711e-01
3.486000000000000210e+00,-5.489146113395690918e-01
3.487000000000000099e+00,-5.664148926734924316e-01
3.487999999999999989e+00,-5.695399641990661621e-01
3.488999999999999879e+00,-5.817276239395141602e-01
3.490000000000000213e+00,-5.823526382446289062e-01
3.491000000000000103e+00,-5.942277908325195312e-01
3.491999999999999993e+00,-5.948528051376342773e-01
3.492999999999999883e+00,-6.011029481887817383e-01
3.494000000000000217e+00,-5.667273998260498047e-01
3.495000000000000107e+00,-5.179766416549682617e-01
3.495999999999999996e+00,-5.526646971702575684e-01
3.496999999999999886e+00,-6.001654267311096191e-01
3.498000000000000220e+00,-6.114155650138854980e-01
3.499000000000000110e+00,-8.754820823669433594e-01
3.500000000000000000e+00,-1.250800371170043945e+00
3.500999999999999890e+00,-1.443615794181823730e+00
3.501999999999999780e+00,-1.497366547584533691e+00
3.503000000000000114e+00,-1.517054438591003418e+00
3.504000000000000004e+00,-1.429240584373474121e+00
3.504999999999999893e+00,-1.338926672935485840e+00
3.505999999999999783e+00,-1.307051181793212891e+00
3.507000000000000117e+00,-1.270800590515136719e+00
3.508000000000000007e+00,-1.225174903869628906e+00
3.508999999999999897e+00,-1.189549446105957031e+00
3.509999999999999787e+00,-1.146423697471618652e+00
3.511000000000000121e+00,-1.112673282623291016e+00
3.512000000000000011e+00,-1.079235196113586426e+00
3.512999999999999901e+00,-1.047047257423400879e+00
3.513999999999999790e+00,-9.820462465286254883e-01
3.515000000000000124e+00,-8.989199399948120117e-01
3.516000000000000014e+00,-9.061076045036315918e-01
3.516999999999999904e+00,-9.314204454421997070e-01
3.517999999999999794e+00,-9.189202785491943359e-01
3.519000000000000128e+00,-9.176702499389648438e-01
3.520000000000000018e+00,-9.151701927185058594e-01
3.520999999999999908e+00,-9.314204454421997070e-01
3.521999999999999797e+00,-9.117326736450195312e-01
3.523000000000000131e+00,-9.136077165603637695e-01
3.524000000000000021e+00,-8.376690149307250977e-01
3.524999999999999911e+00,-7.695429921150207520e-01
3.525999999999999801e+00,-7.723555564880371094e-01
3.527000000000000135e+00,-7.779806256294250488e-01
3.528000000000000025e+00,-7.692304849624633789e-01
3.528999999999999915e+00,-7.692304849624633789e-01
3.529999999999999805e+00,-7.598553299903869629e-01
3.531000000000000139e+00,-7.636054158210754395e-01
3.532000000000000028e+00,-7.595428228378295898e-01
3.532999999999999918e+00,-7.595428228378295898e-01
3.533999999999999808e+00,-7.207922339439392090e-01
3.535000000000000142e+00,-6.586037874221801758e-01
3.536000000000000032e+00,-6.873542666435241699e-01
3.536999999999999922e+00,-7.307924032211303711e-01
3.537999999999999812e+00,-7.382925152778625488e-01
3.539000000000000146e+00,-7.564178109169006348e-01
3.540000000000000036e+00,-7.670429348945617676e-01
3.540999999999999925e+00,-7.964184284210205078e-01
3.541999999999999815e+00,-7.876682877540588379e-01
3.543000000000000149e+00,-7.973558902740478516e-01
3.544000000000000039e+00,-7.348549365997314453e-01
3.544999999999999929e+00,-6.757915616035461426e-01
3.545999999999999819e+00,-6.851667165756225586e-01
3.547000000000000153e+00,-6.951668858528137207e-01
3.548000000000000043e+00,-6.986044049263000488e-01
3.548999999999999932e+00,-4.448505342006683350e-01
3.549999999999999822e+00,-4.140688106417655945e-02
3.551000000000000156e+00,1.279706954956054688e-01
3.552000000000000046e+00,1.907841563224792480e-01
3.552999999999999936e+00,1.901591569185256958e-01
3.553999999999999826e+00,1.932841986417770386e-01
3.555000000000000160e+00,2.035968601703643799e-01
3.556000000000000050e+00,1.254706680774688721e-01
3.556999999999999940e+00,1.984405331313610077e-02
3.557999999999999829e+00,-3.890684247016906738e-02
3.559000000000000163e+00,-1.082829013466835022e-01
3.560000000000000053e+00,-1.651587635278701782e-01
3.560999999999999943e+00,-2.417224347591400146e-01
3.561999999999999833e+00,-2.760979533195495605e-01
3.563000000000000167e+00,-3.279737532138824463e-01
3.564000000000000057e+00,-2.976607978343963623e-01
3.564999999999999947e+00,-2.692228555679321289e-01
3.565999999999999837e+00,-3.132860362529754639e-01
3.567000000000000171e+00,-3.492240905761718750e-01
3.568000000000000060e+00,-3.735994398593902588e-01
3.568999999999999950e+00,-4.007873535156250000e-01
3.569999999999999840e+00,-4.195376634597778320e-01
3.571000000000000174e+00,-4.414129853248596191e-01
3.572000000000000064e+00,-4.582882523536682129e-01
3.572999999999999954e+00,-4.745385050773620605e-01
3.573999999999999844e+00,-4.561007022857666016e-01
3.575000000000000178e+00,-4.111000299453735352e-01
3.576000000000000068e+00,-4.498506188392639160e-01
3.576999999999999957e+00,-5.086014866828918457e-01
3.577999999999999847e+00,-5.276643037796020508e-01
3.579000000000000181e+00,-5.542272329330444336e-01
3.580000000000000071e+00,-5.739150047302246094e-01
3.580999999999999961e+00,-6.145406365394592285e-01
3.581999999999999851e+00,-6.142281293869018555e-01
3.583000000000000185e+00,-6.320409178733825684e-01
3.584000000000000075e+00,-5.770400762557983398e-01
3.584999999999999964e+00,-5.232892632484436035e-01
3.585999999999999854e+00,-5.404769778251647949e-01
3.587000000000000188e+00,-5.542272329330444336e-01
3.588000000000000078e+00,-5.598523020744323730e-01
3.588999999999999968e+00,-5.732899904251098633e-01
3.589999999999999858e+00,-5.748525261878967285e-01
3.591000000000000192e+00,-5.823526382446289062e-01
3.592000000000000082e+00,-5.879777073860168457e-01
3.592999999999999972e+00,-5.914152860641479492e-01
3.593999999999999861e+00,-5.657898783683776855e-01
3.595000000000000195e+00,-5.092265009880065918e-01
3.596000000000000085e+00,-5.395394563674926758e-01
3.596999999999999975e+00,-5.901652574539184570e-01
3.597999999999999865e+00,-6.026654243469238281e-01
3.599000000000000199e+00,-8.611068725585937500e-01
3.600000000000000089e+00,-1.232362508773803711e+00
3.600999999999999979e+00,-1.426427960395812988e+00
3.601999999999999869e+00,-1.475178718566894531e+00
3.603000000000000203e+00,-1.494241595268249512e+00
3.604000000000000092e+00,-1.410177826881408691e+00
3.604999999999999982e+00,-1.317051291465759277e+00
3.605999999999999872e+00,-1.284863352775573730e+00
3.607000000000000206e+00,-1.252987861633300781e+00
3.608000000000000096e+00,-1.210174679756164551e+00
3.608999999999999986e+00,-1.171736598014831543e+00
3.609999999999999876e+00,-1.127985954284667969e+00
3.611000000000000210e+00,-1.098610520362854004e+00
3.612000000000000099e+00,-1.060797452926635742e+00
3.612999999999999989e+00,-1.034234523773193359e+00
3.613999999999999879e+00,-9.714210629463195801e-01
3.615000000000000213e+00,-8.861072659492492676e-01
3.616000000000000103e+00,-8.861072659492492676e-01
3.616999999999999993e+00,-9.139202237129211426e-01
3.617999999999999883e+00,-9.036075472831726074e-01
3.619000000000000217e+00,-9.032950401306152344e-01
3.620000000000000107e+00,-9.004824757575988770e-01
3.620999999999999996e+00,-9.211078286170959473e-01
3.621999999999999886e+00,-8.973574638366699219e-01
3.623000000000000220e+00,-8.989199399948120117e-01
3.624000000000000110e+00,-8.245438337326049805e-01
3.625000000000000000e+00,-7.592303156852722168e-01
3.625999999999999890e+00,-7.607928514480590820e-01
3.626999999999999780e+00,-7.664179205894470215e-01
3.628000000000000114e+00,-7.595428228378295898e-01
3.629000000000000004e+00,-7.573553323745727539e-01
3.629999999999999893e+00,-7.489176988601684570e-01
3.630999999999999783e+00,-7.523552179336547852e-01
3.632000000000000117e+00,-7.470426559448242188e-01
3.633000000000000007e+00,-7.479801774024963379e-01
3.633999999999999897e+00,-7.114170789718627930e-01
3.634999999999999787e+00,-6.498536467552185059e-01
3.636000000000000121e+00,-6.726664900779724121e-01
3.637000000000000011e+00,-7.164171934127807617e-01
3.637999999999999901e+00,-7.261048555374145508e-01
3.638999999999999790e+00,-7.442300915718078613e-01
3.640000000000000124e+00,-7.526677250862121582e-01
3.641000000000000014e+00,-7.873557806015014648e-01
3.641999999999999904e+00,-7.748555541038513184e-01
3.642999999999999794e+00,-7.864182591438293457e-01
3.644000000000000128e+00,-7.261048555374145508e-01
3.645000000000000018e+00,-6.664164066314697266e-01
3.645999999999999908e+00,-6.754790544509887695e-01
3.646999999999999797e+00,-6.857917308807373047e-01
3.648000000000000131e+00,-6.886042356491088867e-01
3.649000000000000021e+00,-4.339128732681274414e-01
3.649999999999999911e+00,-3.078171983361244202e-02
3.650999999999999801e+00,1.389083713293075562e-01
3.652000000000000135e+00,1.995342969894409180e-01
3.653000000000000025e+00,2.001593112945556641e-01
3.653999999999999915e+00,1.989092826843261719e-01
3.654999999999999805e+00,2.117219865322113037e-01
3.656000000000000139e+00,1.345333009958267212e-01
3.657000000000000028e+00,3.546928986907005310e-02
3.657999999999999918e+00,-2.984420582652091980e-02
3.658999999999999808e+00,-1.004702821373939514e-01
3.660000000000000142e+00,-1.545336097478866577e-01
3.661000000000000032e+00,-2.385973930358886719e-01
3.661999999999999922e+00,-2.717228829860687256e-01
3.662999999999999812e+00,-3.160985708236694336e-01
3.664000000000000146e+00,-2.926607131958007812e-01
3.665000000000000036e+00,-2.629727721214294434e-01
3.665999999999999925e+00,-3.017233610153198242e-01
3.666999999999999815e+00,-3.398489356040954590e-01
3.668000000000000149e+00,-3.635993003845214844e-01
3.669000000000000039e+00,-3.929747343063354492e-01
3.669999999999999929e+00,-4.089124798774719238e-01
3.670999999999999819e+00,-4.311003386974334717e-01
3.672000000000000153e+00,-4.476630687713623047e-01
3.673000000000000043e+00,-4.639133214950561523e-01
3.673999999999999932e+00,-4.464130699634552002e-01
3.674999999999999822e+00,-4.042249321937561035e-01
3.676000000000000156e+00,-4.389129579067230225e-01
3.677000000000000046e+00,-4.964138269424438477e-01
3.677999999999999936e+00,-5.182891488075256348e-01
3.678999999999999826e+00,-5.454770922660827637e-01
3.680000000000000160e+00,-5.614148378372192383e-01
3.681000000000000050e+00,-6.042279601097106934e-01
3.681999999999999940e+00,-6.039154529571533203e-01
3.682999999999999829e+00,-6.201657056808471680e-01
3.684000000000000163e+00,-5.695399641990661621e-01
3.685000000000000053e+00,-5.117265582084655762e-01
3.685999999999999943e+00,-5.320393443107604980e-01
3.686999999999999833e+00,-5.451645851135253906e-01
3.688000000000000167e+00,-5.542272329330444336e-01
3.689000000000000057e+00,-5.648523569107055664e-01
3.689999999999999947e+00,-5.626648068428039551e-01
3.690999999999999837e+00,-5.745400190353393555e-01
3.692000000000000171e+00,-5.757900476455688477e-01
3.693000000000000060e+00,-5.817276239395141602e-01
3.693999999999999950e+00,-5.592272877693176270e-01
3.694999999999999840e+00,-4.986013472080230713e-01
3.696000000000000174e+00,-5.282893180847167969e-01
3.697000000000000064e+00,-5.776650905609130859e-01
3.697999999999999954e+00,-5.936028361320495605e-01
3.698999999999999844e+00,-8.542317748069763184e-01
3.700000000000000178e+00,-1.225174903869628906e+00
3.701000000000000068e+00,-1.424865484237670898e+00
3.701999999999999957e+00,-1.478616356849670410e+00
3.702999999999999847e+00,-1.492678999900817871e+00
3.704000000000000181e+00,-1.410490274429321289e+00
3.705000000000000071e+00,-1.314551353454589844e+00
3.705999999999999961e+00,-1.281738281250000000e+00
3.706999999999999851e+00,-1.248612761497497559e+00
3.708000000000000185e+00,-1.205799698829650879e+00
3.709000000000000075e+00,-1.167049050331115723e+00
3.709999999999999964e+00,-1.123298406600952148e+00
3.710999999999999854e+00,-1.094547986984252930e+00
3.712000000000000188e+00,-1.058922410011291504e+00
3.713000000000000078e+00,-1.026421904563903809e+00
3.713999999999999968e+00,-9.676710367202758789e-01
3.714999999999999858e+00,-8.823572397232055664e-01
3.716000000000000192e+00,-8.829821944236755371e-01
3.717000000000000082e+00,-9.032950401306152344e-01
3.717999999999999972e+00,-8.979824781417846680e-01
3.718999999999999861e+00,-8.992324471473693848e-01
3.720000000000000195e+00,-8.898573517799377441e-01
3.721000000000000085e+00,-9.157952070236206055e-01
3.721999999999999975e+00,-8.942323923110961914e-01
3.722999999999999865e+00,-8.870447874069213867e-01
3.724000000000000199e+00,-8.214187622070312500e-01
3.725000000000000089e+00,-7.507926821708679199e-01
3.725999999999999979e+00,-7.567303180694580078e-01
3.726999999999999869e+00,-7.567303180694580078e-01
3.728000000000000203e+00,-7.501676678657531738e-01
3.729000000000000092e+00,-7.507926821708679199e-01
3.729999999999999982e+00,-7.439175844192504883e-01
3.730999999999999872e+00,-7.429800629615783691e-01
3.732000000000000206e+00,-7.417300939559936523e-01
3.733000000000000096e+00,-7.364174723625183105e-01
3.733999999999999986e+00,-7.064170241355895996e-01
3.734999999999999876e+00,-6.429785490036010742e-01
3.736000000000000210e+00,-6.598538160324096680e-01
3.737000000000000099e+00,-7.026669979095458984e-01
3.737999999999999989e+00,-7.161046862602233887e-01
3.738999999999999879e+00,-7.342299818992614746e-01
3.740000000000000213e+00,-7.398550510406494141e-01
3.741000000000000103e+00,-7.776681184768676758e-01
3.741999999999999993e+00,-7.654804587364196777e-01
3.742999999999999883e+00,-7.776681184768676758e-01
3.744000000000000217e+00,-7.192296981811523438e-01
3.745000000000000107e+00,-6.607913374900817871e-01
3.745999999999999996e+00,-6.692289710044860840e-01
3.746999999999999886e+00,-6.754790544509887695e-01
3.748000000000000220e+00,-6.782916188240051270e-01
3.749000000000000110e+00,-4.242252111434936523e-01
3.750000000000000000e+00,-2.328160591423511505e-02
3.750999999999999890e+00,1.435959339141845703e-01
3.751999999999999780e+00,2.073469161987304688e-01
3.753000000000000114e+00,2.039093673229217529e-01
3.754000000000000004e+00,2.029718458652496338e-01
3.754999999999999893e+00,2.217221260070800781e-01
3.755999999999999783e+00,1.423459202051162720e-01
3.757000000000000117e+00,4.609445482492446899e-02
3.758000000000000007e+00,-2.328160591423511505e-02
3.758999999999999897e+00,-9.203265607357025146e-02
3.759999999999999787e+00,-1.464084833860397339e-01
3.761000000000000121e+00,-2.317222803831100464e-01
3.762000000000000011e+00,-2.623477578163146973e-01
3.762999999999999901e+00,-3.051609098911285400e-01
3.763999999999999790e+00,-2.826605737209320068e-01
3.765000000000000124e+00,-2.557851672172546387e-01
3.766000000000000014e+00,-2.960982620716094971e-01
3.766999999999999904e+00,-3.323488235473632812e-01
3.767999999999999794e+00,-3.551616668701171875e-01
3.769000000000000128e+00,-3.864121437072753906e-01
3.770000000000000018e+00,-4.023498892784118652e-01
3.770999999999999908e+00,-4.257877469062805176e-01
3.771999999999999797e+00,-4.429755210876464844e-01
3.773000000000000131e+00,-4.567257165908813477e-01
3.774000000000000021e+00,-4.426630139350891113e-01
3.774999999999999911e+00,-3.939122557640075684e-01
3.775999999999999801e+00,-4.289127886295318604e-01
3.777000000000000135e+00,-4.823511242866516113e-01
3.778000000000000025e+00,-5.064139962196350098e-01
3.778999999999999915e+00,-5.376644730567932129e-01
3.779999999999999805e+00,-5.536022186279296875e-01
3.781000000000000139e+00,-5.989153981208801270e-01
3.782000000000000028e+00,-5.957903265953063965e-01
3.782999999999999918e+00,-6.107905507087707520e-01
3.783999999999999808e+00,-5.620398521423339844e-01
3.785000000000000142e+00,-5.082889795303344727e-01
3.786000000000000032e+00,-5.223517417907714844e-01
3.786999999999999922e+00,-5.361019372940063477e-01
3.787999999999999812e+00,-5.461021065711975098e-01
3.789000000000000146e+00,-5.564147233963012695e-01
3.790000000000000036e+00,-5.548521876335144043e-01
3.790999999999999925e+00,-5.651648640632629395e-01
3.791999999999999815e+00,-5.692274570465087891e-01
3.793000000000000149e+00,-5.748525261878967285e-01
3.794000000000000039e+00,-5.529772043228149414e-01
3.794999999999999929e+00,-4.904762208461761475e-01
3.795999999999999819e+00,-5.173516273498535156e-01
3.797000000000000153e+00,-5.601648092269897461e-01
3.798000000000000043e+00,-5.854777097702026367e-01
3.798999999999999932e+00,-8.423566222190856934e-01
3.799999999999999822e+00,-1.207049727439880371e+00
3.801000000000000156e+00,-1.407365202903747559e+00
3.802000000000000046e+00,-1.457365989685058594e+00
3.802999999999999936e+00,-1.470178723335266113e+00
3.803999999999999826e+00,-1.392989993095397949e+00
3.805000000000000160e+00,-1.294238448143005371e+00
3.806000000000000050e+00,-1.265800595283508301e+00
3.806999999999999940e+00,-1.232050061225891113e+00
3.807999999999999829e+00,-1.187049388885498047e+00
3.809000000000000163e+00,-1.152048826217651367e+00
3.810000000000000053e+00,-1.107673168182373047e+00
3.810999999999999943e+00,-1.077985167503356934e+00
3.811999999999999833e+00,-1.043297171592712402e+00
3.813000000000000167e+00,-1.009859204292297363e+00
3.814000000000000057e+00,-9.539207816123962402e-01
3.814999999999999947e+00,-8.667320013046264648e-01
3.815999999999999837e+00,-8.645444512367248535e-01
3.817000000000000171e+00,-8.864197731018066406e-01
3.818000000000000060e+00,-8.823572397232055664e-01
3.818999999999999950e+00,-8.839197158813476562e-01
3.819999999999999840e+00,-8.764196038246154785e-01
3.821000000000000174e+00,-9.039200544357299805e-01
3.822000000000000064e+00,-8.820447325706481934e-01
3.822999999999999954e+00,-8.720445632934570312e-01
3.823999999999999844e+00,-8.111061453819274902e-01
3.825000000000000178e+00,-7.389175295829772949e-01
3.826000000000000068e+00,-7.439175844192504883e-01
3.826999999999999957e+00,-7.451676130294799805e-01
3.827999999999999847e+00,-7.389175295829772949e-01
3.829000000000000181e+00,-7.429800629615783691e-01
3.830000000000000071e+00,-7.348549365997314453e-01
3.830999999999999961e+00,-7.314174175262451172e-01
3.831999999999999851e+00,-7.311049103736877441e-01
3.833000000000000185e+00,-7.251673340797424316e-01
3.834000000000000075e+00,-6.992294192314147949e-01
3.834999999999999964e+00,-6.289158463478088379e-01
3.835999999999999854e+00,-6.489161252975463867e-01
3.837000000000000188e+00,-6.851667165756225586e-01
3.838000000000000078e+00,-7.073545455932617188e-01
3.838999999999999968e+00,-7.254798412322998047e-01
3.839999999999999858e+00,-7.336049675941467285e-01
3.841000000000000192e+00,-7.676679491996765137e-01
3.842000000000000082e+00,-7.595428228378295898e-01
3.842999999999999972e+00,-7.623553872108459473e-01
3.843999999999999861e+00,-7.129796147346496582e-01
3.845000000000000195e+00,-6.476661562919616699e-01
3.846000000000000085e+00,-6.589162945747375488e-01
3.846999999999999975e+00,-6.664164066314697266e-01
3.847999999999999865e+00,-6.714165210723876953e-01
3.849000000000000199e+00,-4.123500287532806396e-01
3.850000000000000089e+00,-1.359395775943994522e-02
3.850999999999999979e+00,1.542211025953292847e-01
3.851999999999999869e+00,2.120344787836074829e-01
3.853000000000000203e+00,2.126594930887222290e-01
3.854000000000000092e+00,2.089094370603561401e-01
3.854999999999999982e+00,2.276597172021865845e-01
3.855999999999999872e+00,1.539085954427719116e-01
3.857000000000000206e+00,6.015716865658760071e-02
3.858000000000000096e+00,-1.609399542212486267e-02
3.858999999999999986e+00,-8.547005057334899902e-02
3.859999999999999876e+00,-1.379708498716354370e-01
3.861000000000000210e+00,-2.260971963405609131e-01
3.862000000000000099e+00,-2.551601529121398926e-01
3.862999999999999989e+00,-2.945357561111450195e-01
3.863999999999999879e+00,-2.795355021953582764e-01
3.865000000000000213e+00,-2.492225468158721924e-01
3.866000000000000103e+00,-2.889106571674346924e-01
3.866999999999999993e+00,-3.235986828804016113e-01
3.867999999999999883e+00,-3.489115834236145020e-01
3.869000000000000217e+00,-3.764120042324066162e-01
3.870000000000000107e+00,-3.954747915267944336e-01
3.870999999999999996e+00,-4.179751276969909668e-01
3.871999999999999886e+00,-4.342253804206848145e-01
3.873000000000000220e+00,-4.476630687713623047e-01
3.874000000000000110e+00,-4.404754638671875000e-01
3.875000000000000000e+00,-3.842246234416961670e-01
3.875999999999999890e+00,-4.173501133918762207e-01
3.876999999999999780e+00,-4.679758846759796143e-01
3.878000000000000114e+00,-4.992263615131378174e-01
3.879000000000000004e+00,-5.307893753051757812e-01
3.879999999999999893e+00,-5.445395708084106445e-01
3.880999999999999783e+00,-5.923528075218200684e-01
3.882000000000000117e+00,-5.907902717590332031e-01
3.883000000000000007e+00,-5.979778766632080078e-01
3.883999999999999897e+00,-5.551646947860717773e-01
3.884999999999999787e+00,-5.014138817787170410e-01
3.886000000000000121e+00,-5.145391225814819336e-01
3.887000000000000011e+00,-5.301643610000610352e-01
3.887999999999999901e+00,-5.357894301414489746e-01
3.888999999999999790e+00,-5.476645827293395996e-01
3.890000000000000124e+00,-5.482895970344543457e-01
3.891000000000000014e+00,-5.570397377014160156e-01
3.891999999999999904e+00,-5.607898235321044922e-01
3.892999999999999794e+00,-5.642273426055908203e-01
3.894000000000000128e+00,-5.489146113395690918e-01
3.895000000000000018e+00,-4.839136302471160889e-01
3.895999999999999908e+00,-5.070390105247497559e-01
3.896999999999999797e+00,-5.492271184921264648e-01
3.898000000000000131e+00,-5.748525261878967285e-01
3.899000000000000021e+00,-8.386065363883972168e-01
3.899999999999999911e+00,-1.207674622535705566e+00
3.900999999999999801e+00,-1.404865145683288574e+00
3.902000000000000135e+00,-1.459241032600402832e+00
3.903000000000000025e+00,-1.465803623199462891e+00
3.903999999999999915e+00,-1.397365093231201172e+00
3.904999999999999805e+00,-1.296113491058349609e+00
3.906000000000000139e+00,-1.263925552368164062e+00
3.907000000000000028e+00,-1.226424932479858398e+00
3.907999999999999918e+00,-1.184861779212951660e+00
3.908999999999999808e+00,-1.151736378669738770e+00
3.910000000000000142e+00,-1.106735587120056152e+00
3.911000000000000032e+00,-1.072360157966613770e+00
3.911999999999999922e+00,-1.039859652519226074e+00
3.912999999999999812e+00,-1.009859204292297363e+00
3.914000000000000146e+00,-9.567333459854125977e-01
3.915000000000000036e+00,-8.623569011688232422e-01
3.915999999999999925e+00,-8.548567891120910645e-01
3.916999999999999815e+00,-8.720445632934570312e-01
3.918000000000000149e+00,-8.776696324348449707e-01
3.919000000000000039e+00,-8.798571825027465820e-01
3.919999999999999929e+00,-8.695445060729980469e-01
3.920999999999999819e+00,-8.951699137687683105e-01
3.922000000000000153e+00,-8.770446181297302246e-01
3.923000000000000043e+00,-8.617318868637084961e-01
3.923999999999999932e+00,-8.107936382293701172e-01
3.924999999999999822e+00,-7.407925724983215332e-01
3.926000000000000156e+00,-7.345424294471740723e-01
3.927000000000000046e+00,-7.364174723625183105e-01
3.927999999999999936e+00,-7.364174723625183105e-01
3.928999999999999826e+00,-7.342299818992614746e-01
3.930000000000000160e+00,-7.232922911643981934e-01
3.931000000000000050e+00,-7.257923483848571777e-01
3.931999999999999940e+00,-7.257923483848571777e-01
3.932999999999999829e+00,-7.182922363281250000e-01
3.934000000000000163e+00,-6.936043500900268555e-01
3.935000000000000053e+00,-6.226657629013061523e-01
3.935999999999999943e+00,-6.376659870147705078e-01
3.936999999999999833e+00,-6.770415902137756348e-01
3.938000000000000167e+00,-6.998544335365295410e-01
3.939000000000000057e+00,-7.198547124862670898e-01
3.939999999999999947e+00,-7.217297554016113281e-01
3.940999999999999837e+00,-7.592303156852722168e-01
3.942000000000000171e+00,-7.526677250862121582e-01
3.943000000000000060e+00,-7.532927393913269043e-01
3.943999999999999950e+00,-7.079795598983764648e-01
3.944999999999999840e+00,-6.401660442352294922e-01
3.946000000000000174e+00,-6.501661539077758789e-01
3.947000000000000064e+00,-6.589162945747375488e-01
3.947999999999999954e+00,-6.667289137840270996e-01
3.948999999999999844e+00,-4.057874381542205811e-01
3.950000000000000178e+00,-1.140642445534467697e-02
3.951000000000000068e+00,1.610962152481079102e-01
3.951999999999999957e+00,2.164095491170883179e-01
3.952999999999999847e+00,2.207846194505691528e-01
3.954000000000000181e+00,2.076594233512878418e-01
3.955000000000000071e+00,2.307847738265991211e-01
3.955999999999999961e+00,1.626587361097335815e-01
3.956999999999999851e+00,7.234485447406768799e-02
3.958000000000000185e+00,-9.218890219926834106e-03
3.959000000000000075e+00,-7.640741765499114990e-02
3.959999999999999964e+00,-1.335957944393157959e-01
3.960999999999999854e+00,-2.151595354080200195e-01
3.962000000000000188e+00,-2.485975474119186401e-01
3.963000000000000078e+00,-2.842230796813964844e-01
3.963999999999999968e+00,-2.751604616641998291e-01
3.964999999999999858e+00,-2.435974627733230591e-01
3.966000000000000192e+00,-2.814105451107025146e-01
3.967000000000000082e+00,-3.170360922813415527e-01
3.967999999999999972e+00,-3.401614427566528320e-01
3.968999999999999861e+00,-3.695368766784667969e-01
3.970000000000000195e+00,-3.873496651649475098e-01
3.971000000000000085e+00,-4.064124524593353271e-01
3.971999999999999975e+00,-4.270377755165100098e-01
3.972999999999999865e+00,-4.398504495620727539e-01
3.974000000000000199e+00,-4.386004507541656494e-01
3.975000000000000089e+00,-3.764120042324066162e-01
3.975999999999999979e+00,-4.089124798774719238e-01
3.976999999999999869e+00,-4.532881677150726318e-01
3.978000000000000203e+00,-4.907887279987335205e-01
3.979000000000000092e+00,-5.226642489433288574e-01
3.979999999999999982e+00,-5.357894301414489746e-01
3.980999999999999872e+00,-5.823526382446289062e-01
3.982000000000000206e+00,-5.820401310920715332e-01
3.983000000000000096e+00,-5.886027216911315918e-01
3.983999999999999986e+00,-5.548521876335144043e-01
3.984999999999999876e+00,-4.942262768745422363e-01
3.986000000000000210e+00,-5.070390105247497559e-01
3.987000000000000099e+00,-5.179766416549682617e-01
3.987999999999999989e+00,-5.273517966270446777e-01
3.988999999999999879e+00,-5.401644706726074219e-01
3.990000000000000213e+00,-5.417270064353942871e-01
3.991000000000000103e+00,-5.461021065711975098e-01
3.991999999999999993e+00,-5.573522448539733887e-01
3.992999999999999883e+00,-5.573522448539733887e-01
3.994000000000000217e+00,-5.448520779609680176e-01
3.995000000000000107e+00,-4.757885038852691650e-01
3.995999999999999996e+00,-4.970388412475585938e-01
3.996999999999999886e+00,-5.336018800735473633e-01
3.998000000000000220e+00,-5.682899355888366699e-01
3.999000000000000110e+00,-8.264188766479492188e-01
4.000000000000000000e+00,-1.190799474716186523e+00
4.001000000000000334e+00,-1.388614892959594727e+00
4.001999999999999780e+00,-1.437678217887878418e+00
4.003000000000000114e+00,-1.442365765571594238e+00
4.003999999999999559e+00,-1.378927350044250488e+00
4.004999999999999893e+00,-1.278300762176513672e+00
4.006000000000000227e+00,-1.244237780570983887e+00
4.006999999999999673e+00,-1.210487246513366699e+00
4.008000000000000007e+00,-1.165799021720886230e+00
4.009000000000000341e+00,-1.130486011505126953e+00
4.009999999999999787e+00,-1.090172886848449707e+00
4.011000000000000121e+00,-1.057359933853149414e+00
4.011999999999999567e+00,-1.023296833038330078e+00
4.012999999999999901e+00,-9.923588633537292480e-01
4.014000000000000234e+00,-9.489207267761230469e-01
4.014999999999999680e+00,-8.482941985130310059e-01
4.016000000000000014e+00,-8.407940864562988281e-01
4.017000000000000348e+00,-8.539192676544189453e-01
4.017999999999999794e+00,-8.661069869995117188e-01
4.019000000000000128e+00,-8.679819703102111816e-01
4.019999999999999574e+00,-8.595443367958068848e-01
4.020999999999999908e+00,-8.826697468757629395e-01
4.022000000000000242e+00,-8.623569011688232422e-01
4.022999999999999687e+00,-8.501692414283752441e-01
4.024000000000000021e+00,-8.023560047149658203e-01
4.025000000000000355e+00,-7.261048555374145508e-01
4.025999999999999801e+00,-7.251673340797424316e-01
4.027000000000000135e+00,-7.251673340797424316e-01
4.027999999999999581e+00,-7.217297554016113281e-01
4.028999999999999915e+00,-7.217297554016113281e-01
4.030000000000000249e+00,-7.182922363281250000e-01
4.030999999999999694e+00,-7.148546576499938965e-01
4.032000000000000028e+00,-7.154796719551086426e-01
4.033000000000000362e+00,-7.086045742034912109e-01
4.033999999999999808e+00,-6.889167428016662598e-01
4.035000000000000142e+00,-6.148531436920166016e-01
4.035999999999999588e+00,-6.273533105850219727e-01
4.036999999999999922e+00,-6.604788303375244141e-01
4.038000000000000256e+00,-6.889167428016662598e-01
4.038999999999999702e+00,-7.067295312881469727e-01
4.040000000000000036e+00,-7.132921218872070312e-01
4.041000000000000369e+00,-7.507926821708679199e-01
4.041999999999999815e+00,-7.448551058769226074e-01
4.043000000000000149e+00,-7.361049652099609375e-01
4.043999999999999595e+00,-7.029795050621032715e-01
4.044999999999999929e+00,-6.351659297943115234e-01
4.046000000000000263e+00,-6.404785513877868652e-01
4.046999999999999709e+00,-6.454786062240600586e-01
4.048000000000000043e+00,-6.526662111282348633e-01
4.049000000000000377e+00,-4.004748463630676270e-01
4.049999999999999822e+00,-4.687571490649133921e-04
4.051000000000000156e+00,1.692213267087936401e-01
4.051999999999999602e+00,2.245346754789352417e-01
4.052999999999999936e+00,2.276597172021865845e-01
4.054000000000000270e+00,2.110969722270965576e-01
4.054999999999999716e+00,2.385973930358886719e-01
4.056000000000000050e+00,1.704713553190231323e-01
4.057000000000000384e+00,8.390752971172332764e-02
4.057999999999999829e+00,-4.218814428895711899e-03
4.059000000000000163e+00,-7.171984761953353882e-02
4.059999999999999609e+00,-1.267206817865371704e-01
4.060999999999999943e+00,-2.060968875885009766e-01
4.062000000000000277e+00,-2.407849282026290894e-01
4.062999999999999723e+00,-2.748479545116424561e-01
4.064000000000000057e+00,-2.729729115962982178e-01
4.065000000000000391e+00,-2.379723787307739258e-01
4.065999999999999837e+00,-2.720353901386260986e-01
4.067000000000000171e+00,-3.042233884334564209e-01
4.067999999999999616e+00,-3.326613306999206543e-01
4.068999999999999950e+00,-3.610992729663848877e-01
4.070000000000000284e+00,-3.795370459556579590e-01
4.070999999999999730e+00,-3.979748189449310303e-01
4.072000000000000064e+00,-4.182876348495483398e-01
4.073000000000000398e+00,-4.329753518104553223e-01
4.073999999999999844e+00,-4.307878315448760986e-01
4.075000000000000178e+00,-3.723494410514831543e-01
4.075999999999999623e+00,-3.973498046398162842e-01
4.076999999999999957e+00,-4.429755210876464844e-01
4.078000000000000291e+00,-4.836011230945587158e-01
4.078999999999999737e+00,-5.145391225814819336e-01
4.080000000000000071e+00,-5.289143323898315430e-01
4.081000000000000405e+00,-5.732899904251098633e-01
4.081999999999999851e+00,-5.711024403572082520e-01
4.083000000000000185e+00,-5.761025547981262207e-01
4.083999999999999631e+00,-5.489146113395690918e-01
4.084999999999999964e+00,-4.845386445522308350e-01
4.086000000000000298e+00,-4.964138269424438477e-01
4.086999999999999744e+00,-5.092265009880065918e-01
4.088000000000000078e+00,-5.204766988754272461e-01
4.089000000000000412e+00,-5.292268395423889160e-01
4.089999999999999858e+00,-5.361019372940063477e-01
4.091000000000000192e+00,-5.401644706726074219e-01
4.091999999999999638e+00,-5.479770898818969727e-01
4.092999999999999972e+00,-5.461021065711975098e-01
4.094000000000000306e+00,-5.373519659042358398e-01
4.094999999999999751e+00,-4.682883918285369873e-01
4.096000000000000085e+00,-4.845386445522308350e-01
4.097000000000000419e+00,-5.220392346382141113e-01
4.097999999999999865e+00,-5.570397377014160156e-01
4.099000000000000199e+00,-8.176687359809875488e-01
4.099999999999999645e+00,-1.187361836433410645e+00
4.100999999999999979e+00,-1.388302445411682129e+00
4.102000000000000313e+00,-1.437990665435791016e+00
4.102999999999999758e+00,-1.439553260803222656e+00
4.104000000000000092e+00,-1.383302330970764160e+00
4.105000000000000426e+00,-1.281425833702087402e+00
4.105999999999999872e+00,-1.243925213813781738e+00
4.107000000000000206e+00,-1.209549665451049805e+00
4.107999999999999652e+00,-1.167361617088317871e+00
4.108999999999999986e+00,-1.129860997200012207e+00
4.110000000000000320e+00,-1.088610410690307617e+00
4.110999999999999766e+00,-1.052984833717346191e+00
4.112000000000000099e+00,-1.023296833038330078e+00
4.113000000000000433e+00,-9.882963299751281738e-01
4.113999999999999879e+00,-9.498582482337951660e-01
4.115000000000000213e+00,-8.451691269874572754e-01
4.115999999999999659e+00,-8.339189887046813965e-01
4.116999999999999993e+00,-8.489192128181457520e-01
4.118000000000000327e+00,-8.623569011688232422e-01
4.118999999999999773e+00,-8.645444512367248535e-01
4.120000000000000107e+00,-8.514192700386047363e-01
4.121000000000000441e+00,-8.764196038246154785e-01
4.121999999999999886e+00,-8.564193248748779297e-01
4.123000000000000220e+00,-8.392315506935119629e-01
4.123999999999999666e+00,-7.970433831214904785e-01
4.125000000000000000e+00,-7.189171910285949707e-01
4.126000000000000334e+00,-7.201672196388244629e-01
4.126999999999999780e+00,-7.201672196388244629e-01
4.128000000000000114e+00,-7.182922363281250000e-01
4.128999999999999559e+00,-7.151671648025512695e-01
4.129999999999999893e+00,-7.076670527458190918e-01
4.131000000000000227e+00,-7.051669955253601074e-01
4.131999999999999673e+00,-7.092295885086059570e-01
4.133000000000000007e+00,-7.001669406890869141e-01
4.134000000000000341e+00,-6.854792237281799316e-01
4.134999999999999787e+00,-6.104780435562133789e-01
4.136000000000000121e+00,-6.198531985282897949e-01
4.136999999999999567e+00,-6.504786610603332520e-01
4.137999999999999901e+00,-6.832916736602783203e-01
4.139000000000000234e+00,-7.026669979095458984e-01
4.139999999999999680e+00,-7.061045169830322266e-01
4.141000000000000014e+00,-7.401675581932067871e-01
4.142000000000000348e+00,-7.357924580574035645e-01
4.142999999999999794e+00,-7.298548817634582520e-01
4.144000000000000128e+00,-7.001669406890869141e-01
4.144999999999999574e+00,-6.286033391952514648e-01
4.145999999999999908e+00,-6.332908868789672852e-01
4.147000000000000242e+00,-6.414160132408142090e-01
4.147999999999999687e+00,-6.467286348342895508e-01
4.149000000000000021e+00,-3.901621997356414795e-01
4.150000000000000355e+00,6.093842908740043640e-03
4.150999999999999801e+00,1.742214113473892212e-01
4.152000000000000135e+00,2.279722243547439575e-01
4.152999999999999581e+00,2.339098155498504639e-01
4.153999999999999915e+00,2.126594930887222290e-01
4.155000000000000249e+00,2.454724907875061035e-01
4.155999999999999694e+00,1.770339459180831909e-01
4.157000000000000028e+00,8.797009289264678955e-02
4.158000000000000362e+00,2.968795364722609520e-03
4.158999999999999808e+00,-6.546974927186965942e-02
4.160000000000000142e+00,-1.176580488681793213e-01
4.160999999999999588e+00,-1.989092826843261719e-01
4.161999999999999922e+00,-2.364098578691482544e-01
4.163000000000000256e+00,-2.651602923870086670e-01
4.163999999999999702e+00,-2.704728841781616211e-01
4.165000000000000036e+00,-2.310972809791564941e-01
4.166000000000000369e+00,-2.651602923870086670e-01
4.166999999999999815e+00,-2.989107966423034668e-01
4.168000000000000149e+00,-3.310987949371337891e-01
4.168999999999999595e+00,-3.529741466045379639e-01
4.169999999999999929e+00,-3.692243695259094238e-01
4.171000000000000263e+00,-3.942247629165649414e-01
4.171999999999999709e+00,-4.142250716686248779e-01
4.173000000000000043e+00,-4.232877194881439209e-01
4.174000000000000377e+00,-4.295378029346466064e-01
4.174999999999999822e+00,-3.660993278026580811e-01
4.176000000000000156e+00,-3.929747343063354492e-01
4.176999999999999602e+00,-4.354754090309143066e-01
4.177999999999999936e+00,-4.779760539531707764e-01
4.179000000000000270e+00,-5.051639676094055176e-01
4.179999999999999716e+00,-5.186016559600830078e-01
4.181000000000000050e+00,-5.639148354530334473e-01
4.182000000000000384e+00,-5.679774284362792969e-01
4.182999999999999829e+00,-5.661023855209350586e-01
4.184000000000000163e+00,-5.451645851135253906e-01
4.184999999999999609e+00,-4.807885885238647461e-01
4.185999999999999943e+00,-4.923512637615203857e-01
4.187000000000000277e+00,-5.067265033721923828e-01
4.187999999999999723e+00,-5.120390653610229492e-01
4.189000000000000057e+00,-5.248517394065856934e-01
4.190000000000000391e+00,-5.289143323898315430e-01
4.190999999999999837e+00,-5.314143300056457520e-01
4.192000000000000171e+00,-5.389145016670227051e-01
4.192999999999999616e+00,-5.439145565032958984e-01
4.193999999999999950e+00,-5.367269515991210938e-01
4.195000000000000284e+00,-4.607882797718048096e-01
4.195999999999999730e+00,-4.782885611057281494e-01
4.197000000000000064e+00,-5.114140510559082031e-01
4.198000000000000398e+00,-5.532897114753723145e-01
4.198999999999999844e+00,-8.142311573028564453e-01
4.200000000000000178e+00,-1.172049164772033691e+00
4.200999999999999623e+00,-1.368302106857299805e+00
4.201999999999999957e+00,-1.421740412712097168e+00
4.203000000000000291e+00,-1.420490384101867676e+00
4.203999999999999737e+00,-1.372677206993103027e+00
4.205000000000000071e+00,-1.262675523757934570e+00
4.206000000000000405e+00,-1.225799918174743652e+00
4.206999999999999851e+00,-1.189861893653869629e+00
4.208000000000000185e+00,-1.152673840522766113e+00
4.208999999999999631e+00,-1.114860773086547852e+00
4.209999999999999964e+00,-1.069860100746154785e+00
4.211000000000000298e+00,-1.039547085762023926e+00
4.211999999999999744e+00,-1.009859204292297363e+00
4.213000000000000078e+00,-9.770461320877075195e-01
4.214000000000000412e+00,-9.354830384254455566e-01
4.214999999999999858e+00,-8.336064815521240234e-01
4.216000000000000192e+00,-8.248563408851623535e-01
4.216999999999999638e+00,-8.311064243316650391e-01
4.217999999999999972e+00,-8.498567342758178711e-01
4.219000000000000306e+00,-8.520442247390747070e-01
4.219999999999999751e+00,-8.426691293716430664e-01
4.221000000000000085e+00,-8.639194369316101074e-01
4.222000000000000419e+00,-8.473566770553588867e-01
4.222999999999999865e+00,-8.286063671112060547e-01
4.224000000000000199e+00,-7.929808497428894043e-01
4.224999999999999645e+00,-7.123546004295349121e-01
4.225999999999999979e+00,-7.101671099662780762e-01
4.227000000000000313e+00,-7.104796171188354492e-01
4.227999999999999758e+00,-7.092295885086059570e-01
4.229000000000000092e+00,-7.057920098304748535e-01
4.230000000000000426e+00,-7.036044597625732422e-01
4.230999999999999872e+00,-7.004794478416442871e-01
4.232000000000000206e+00,-7.001669406890869141e-01
4.232999999999999652e+00,-6.936043500900268555e-01
4.233999999999999986e+00,-6.832916736602783203e-01
4.235000000000000320e+00,-5.979778766632080078e-01
4.235999999999999766e+00,-6.098530292510986328e-01
4.237000000000000099e+00,-6.426660418510437012e-01
4.238000000000000433e+00,-6.764165759086608887e-01
4.238999999999999879e+00,-6.939168572425842285e-01
4.240000000000000213e+00,-6.961043477058410645e-01
4.240999999999999659e+00,-7.320424318313598633e-01
4.241999999999999993e+00,-7.282923460006713867e-01
4.243000000000000327e+00,-7.214172482490539551e-01
4.243999999999999773e+00,-6.929793357849121094e-01
4.245000000000000107e+00,-6.229782700538635254e-01
4.246000000000000441e+00,-6.223532557487487793e-01
4.246999999999999886e+00,-6.345409154891967773e-01
4.248000000000000220e+00,-6.382910013198852539e-01
4.248999999999999666e+00,-3.835996091365814209e-01
4.250000000000000000e+00,1.078141480684280396e-02
4.251000000000000334e+00,1.823465377092361450e-01
4.251999999999999780e+00,2.379723787307739258e-01
4.253000000000000114e+00,2.379723787307739258e-01
4.253999999999999559e+00,2.173470705747604370e-01
4.254999999999999893e+00,2.507850825786590576e-01
4.256000000000000227e+00,1.829715371131896973e-01
4.256999999999999673e+00,9.922026097774505615e-02
4.258000000000000007e+00,8.281376212835311890e-03
4.259000000000000341e+00,-6.046967208385467529e-02
4.259999999999999787e+00,-1.098454296588897705e-01
4.261000000000000121e+00,-1.932841986417770386e-01
4.261999999999999567e+00,-2.267222106456756592e-01
4.262999999999999901e+00,-2.589102089405059814e-01
4.264000000000000234e+00,-2.664103209972381592e-01
4.264999999999999680e+00,-2.264097034931182861e-01
4.266000000000000014e+00,-2.570351660251617432e-01
4.267000000000000348e+00,-2.945357561111450195e-01
4.267999999999999794e+00,-3.239111900329589844e-01
4.269000000000000128e+00,-3.473490476608276367e-01
4.269999999999999574e+00,-3.651618361473083496e-01
4.270999999999999908e+00,-3.857871294021606445e-01
4.272000000000000242e+00,-4.070374667644500732e-01
4.272999999999999687e+00,-4.170376062393188477e-01
4.274000000000000021e+00,-4.232877194881439209e-01
4.275000000000000355e+00,-3.554741740226745605e-01
4.275999999999999801e+00,-3.835996091365814209e-01
4.277000000000000135e+00,-4.201626479625701904e-01
4.277999999999999581e+00,-4.682883918285369873e-01
4.278999999999999915e+00,-4.995388686656951904e-01
4.280000000000000249e+00,-5.132890939712524414e-01
4.280999999999999694e+00,-5.554772019386291504e-01
4.282000000000000028e+00,-5.589147806167602539e-01
4.283000000000000362e+00,-5.567272305488586426e-01
4.283999999999999808e+00,-5.423520207405090332e-01
4.285000000000000142e+00,-4.757885038852691650e-01
4.285999999999999588e+00,-4.823511242866516113e-01
4.286999999999999922e+00,-5.001638531684875488e-01
4.288000000000000256e+00,-5.079764723777770996e-01
4.288999999999999702e+00,-5.189141631126403809e-01
4.290000000000000036e+00,-5.186016559600830078e-01
4.291000000000000369e+00,-5.264142751693725586e-01
4.291999999999999815e+00,-5.323518514633178711e-01
4.293000000000000149e+00,-5.345394015312194824e-01
4.293999999999999595e+00,-5.289143323898315430e-01
4.294999999999999929e+00,-4.542256891727447510e-01
4.296000000000000263e+00,-4.732884764671325684e-01
4.296999999999999709e+00,-5.045389533042907715e-01
4.298000000000000043e+00,-5.467271208763122559e-01
4.299000000000000377e+00,-8.020434975624084473e-01
4.299999999999999822e+00,-1.165486574172973633e+00
4.301000000000000156e+00,-1.358927011489868164e+00
4.301999999999999602e+00,-1.412052750587463379e+00
4.302999999999999936e+00,-1.407365202903747559e+00
4.304000000000000270e+00,-1.362989544868469238e+00
4.304999999999999716e+00,-1.256112933158874512e+00
4.306000000000000050e+00,-1.217049837112426758e+00
4.307000000000000384e+00,-1.183924317359924316e+00
4.307999999999999829e+00,-1.144861221313476562e+00
4.309000000000000163e+00,-1.107360601425170898e+00
4.309999999999999609e+00,-1.068922519683837891e+00
4.310999999999999943e+00,-1.028296947479248047e+00
4.312000000000000277e+00,-9.998590350151062012e-01
4.312999999999999723e+00,-9.654834866523742676e-01
4.314000000000000057e+00,-9.301704168319702148e-01
4.315000000000000391e+00,-8.211062550544738770e-01
4.315999999999999837e+00,-8.161062002182006836e-01
4.317000000000000171e+00,-8.236063122749328613e-01
4.317999999999999616e+00,-8.407940864562988281e-01
4.318999999999999950e+00,-8.442316055297851562e-01
4.320000000000000284e+00,-8.311064243316650391e-01
4.320999999999999730e+00,-8.554818034172058105e-01
4.322000000000000064e+00,-8.398565649986267090e-01
4.323000000000000398e+00,-8.245438337326049805e-01
4.323999999999999844e+00,-7.879807949066162109e-01
4.325000000000000178e+00,-7.095420956611633301e-01
4.325999999999999623e+00,-7.004794478416442871e-01
4.326999999999999957e+00,-7.057920098304748535e-01
4.328000000000000291e+00,-7.029795050621032715e-01
4.328999999999999737e+00,-7.011044621467590332e-01
4.330000000000000071e+00,-6.923543214797973633e-01
4.331000000000000405e+00,-6.901667714118957520e-01
4.331999999999999851e+00,-6.920418143272399902e-01
4.333000000000000185e+00,-6.857917308807373047e-01
4.333999999999999631e+00,-6.751665472984313965e-01
4.334999999999999964e+00,-5.901652574539184570e-01
4.336000000000000298e+00,-6.036029458045959473e-01
4.336999999999999744e+00,-6.320409178733825684e-01
4.338000000000000078e+00,-6.723539829254150391e-01
4.339000000000000412e+00,-6.845417022705078125e-01
4.339999999999999858e+00,-6.895417571067810059e-01
4.341000000000000192e+00,-7.251673340797424316e-01
4.341999999999999638e+00,-7.226672768592834473e-01
4.342999999999999972e+00,-7.111045718193054199e-01
4.344000000000000306e+00,-6.886042356491088867e-01
4.344999999999999751e+00,-6.148531436920166016e-01
4.346000000000000085e+00,-6.179781556129455566e-01
4.347000000000000419e+00,-6.295408606529235840e-01
4.347999999999999865e+00,-6.326659321784973145e-01
4.349000000000000199e+00,-3.739119470119476318e-01
4.349999999999999645e+00,1.765652000904083252e-02
4.350999999999999979e+00,1.867215931415557861e-01
4.352000000000000313e+00,2.392224073410034180e-01
4.352999999999999758e+00,2.464100122451782227e-01
4.354000000000000092e+00,2.192220985889434814e-01
4.355000000000000426e+00,2.573476731777191162e-01
4.355999999999999872e+00,1.857840865850448608e-01
4.357000000000000206e+00,1.048453524708747864e-01
4.357999999999999652e+00,1.671900600194931030e-02
4.358999999999999986e+00,-5.390707403421401978e-02
4.360000000000000320e+00,-1.076578944921493530e-01
4.360999999999999766e+00,-1.857840865850448608e-01
4.362000000000000099e+00,-2.223471403121948242e-01
4.363000000000000433e+00,-2.507850825786590576e-01
4.363999999999999879e+00,-2.648477852344512939e-01
4.365000000000000213e+00,-2.245346754789352417e-01
4.365999999999999659e+00,-2.535976171493530273e-01
4.366999999999999993e+00,-2.895356714725494385e-01
4.368000000000000327e+00,-3.176611065864562988e-01
4.368999999999999773e+00,-3.420364558696746826e-01
4.370000000000000107e+00,-3.598492443561553955e-01
4.371000000000000441e+00,-3.789120316505432129e-01
4.371999999999999886e+00,-3.989123404026031494e-01
4.373000000000000220e+00,-4.107875227928161621e-01
4.373999999999999666e+00,-4.207876622676849365e-01
4.375000000000000000e+00,-3.514116108417510986e-01
4.376000000000000334e+00,-3.751619756221771240e-01
4.376999999999999780e+00,-4.195376634597778320e-01
4.378000000000000114e+00,-4.632883071899414062e-01
4.378999999999999559e+00,-4.895387291908264160e-01
4.379999999999999893e+00,-5.023514032363891602e-01
4.381000000000000227e+00,-5.476645827293395996e-01
4.381999999999999673e+00,-5.536022186279296875e-01
4.383000000000000007e+00,-5.514146685600280762e-01
4.384000000000000341e+00,-5.382894873619079590e-01
4.384999999999999787e+00,-4.711009263992309570e-01
4.386000000000000121e+00,-4.776635468006134033e-01
4.386999999999999567e+00,-4.923512637615203857e-01
4.387999999999999901e+00,-5.001638531684875488e-01
4.389000000000000234e+00,-5.098515152931213379e-01
4.389999999999999680e+00,-5.089139938354492188e-01
4.391000000000000014e+00,-5.211017131805419922e-01
4.392000000000000348e+00,-5.261017680168151855e-01
4.392999999999999794e+00,-5.286018252372741699e-01
4.394000000000000128e+00,-5.282893180847167969e-01
4.394999999999999574e+00,-4.467255771160125732e-01
4.395999999999999908e+00,-4.679758846759796143e-01
4.397000000000000242e+00,-4.986013472080230713e-01
4.397999999999999687e+00,-5.367269515991210938e-01
4.399000000000000021e+00,-7.986059188842773438e-01
4.400000000000000355e+00,-1.169861555099487305e+00
4.400999999999999801e+00,-1.359864473342895508e+00
4.402000000000000135e+00,-1.413615345954895020e+00
4.402999999999999581e+00,-1.408302783966064453e+00
4.403999999999999915e+00,-1.370177149772644043e+00
4.405000000000000249e+00,-1.261738061904907227e+00
4.405999999999999694e+00,-1.216424822807312012e+00
4.407000000000000028e+00,-1.183924317359924316e+00
4.408000000000000362e+00,-1.143923759460449219e+00
4.408999999999999808e+00,-1.106735587120056152e+00
4.410000000000000142e+00,-1.065485000610351562e+00
4.410999999999999588e+00,-1.027359485626220703e+00
4.411999999999999922e+00,-9.970464706420898438e-01
4.413000000000000256e+00,-9.661085009574890137e-01
4.413999999999999702e+00,-9.320454597473144531e-01
4.415000000000000036e+00,-8.217312693595886230e-01
4.416000000000000369e+00,-8.092311024665832520e-01
4.416999999999999815e+00,-8.189187645912170410e-01
4.418000000000000149e+00,-8.379815220832824707e-01
4.418999999999999595e+00,-8.407940864562988281e-01
4.419999999999999929e+00,-8.264188766479492188e-01
4.421000000000000263e+00,-8.498567342758178711e-01
4.421999999999999709e+00,-8.345440030097961426e-01
4.423000000000000043e+00,-8.164187073707580566e-01
4.424000000000000377e+00,-7.876682877540588379e-01
4.424999999999999822e+00,-7.023544907569885254e-01
4.426000000000000156e+00,-6.951668858528137207e-01
4.426999999999999602e+00,-7.004794478416442871e-01
4.427999999999999936e+00,-6.986044049263000488e-01
4.429000000000000270e+00,-6.942293643951416016e-01
4.429999999999999716e+00,-6.864167451858520508e-01
4.431000000000000050e+00,-6.857917308807373047e-01
4.432000000000000384e+00,-6.848542094230651855e-01
4.432999999999999829e+00,-6.842291951179504395e-01
4.434000000000000163e+00,-6.754790544509887695e-01
4.434999999999999609e+00,-5.851652026176452637e-01
4.435999999999999943e+00,-5.976653695106506348e-01
4.437000000000000277e+00,-6.267282962799072266e-01
4.437999999999999723e+00,-6.589162945747375488e-01
4.439000000000000057e+00,-6.804791092872619629e-01
4.440000000000000391e+00,-6.836041808128356934e-01
4.440999999999999837e+00,-7.176672220230102539e-01
4.442000000000000171e+00,-7.129796147346496582e-01
4.442999999999999616e+00,-7.057920098304748535e-01
4.443999999999999950e+00,-6.857917308807373047e-01
4.445000000000000284e+00,-6.129781007766723633e-01
4.445999999999999730e+00,-6.129781007766723633e-01
4.447000000000000064e+00,-6.195406913757324219e-01
4.448000000000000398e+00,-6.270408034324645996e-01
4.448999999999999844e+00,-3.685993850231170654e-01
4.450000000000000178e+00,2.359410934150218964e-02
4.450999999999999623e+00,1.901591569185256958e-01
4.451999999999999957e+00,2.476600259542465210e-01
4.453000000000000291e+00,2.492225468158721924e-01
4.453999999999999737e+00,2.217221260070800781e-01
4.455000000000000071e+00,2.601602077484130859e-01
4.456000000000000405e+00,1.935967057943344116e-01
4.456999999999999851e+00,1.114079505205154419e-01
4.458000000000000185e+00,2.484412863850593567e-02
4.458999999999999631e+00,-4.859448969364166260e-02
4.459999999999999964e+00,-1.007827892899513245e-01
4.461000000000000298e+00,-1.760964393615722656e-01
4.461999999999999744e+00,-2.173470705747604370e-01
4.463000000000000078e+00,-2.507850825786590576e-01
4.464000000000000412e+00,-2.654727995395660400e-01
4.464999999999999858e+00,-2.176595777273178101e-01
4.466000000000000192e+00,-2.460975050926208496e-01
4.466999999999999638e+00,-2.832855582237243652e-01
4.467999999999999972e+00,-3.114109933376312256e-01
4.469000000000000306e+00,-3.376614153385162354e-01
4.469999999999999751e+00,-3.526616394519805908e-01
4.471000000000000085e+00,-3.704743981361389160e-01
4.472000000000000419e+00,-3.948497772216796875e-01
4.472999999999999865e+00,-4.064124524593353271e-01
4.474000000000000199e+00,-4.176626205444335938e-01
4.474999999999999645e+00,-3.429739773273468018e-01
4.475999999999999979e+00,-3.720369338989257812e-01
4.477000000000000313e+00,-4.101625084877014160e-01
4.477999999999999758e+00,-4.567257165908813477e-01
4.479000000000000092e+00,-4.851636588573455811e-01
4.480000000000000426e+00,-4.995388686656951904e-01
4.480999999999999872e+00,-5.401644706726074219e-01
4.482000000000000206e+00,-5.482895970344543457e-01
4.482999999999999652e+00,-5.448520779609680176e-01
4.483999999999999986e+00,-5.351644158363342285e-01
4.485000000000000320e+00,-4.645383358001708984e-01
4.485999999999999766e+00,-4.726634621620178223e-01
4.487000000000000099e+00,-4.870386719703674316e-01
4.488000000000000433e+00,-4.967263340950012207e-01
4.488999999999999879e+00,-5.067265033721923828e-01
4.490000000000000213e+00,-5.076640248298645020e-01
4.490999999999999659e+00,-5.107890367507934570e-01
4.491999999999999993e+00,-5.207892060279846191e-01
4.493000000000000327e+00,-5.226642489433288574e-01
4.493999999999999773e+00,-5.239142179489135742e-01
4.495000000000000107e+00,-4.404754638671875000e-01
4.496000000000000441e+00,-4.586007595062255859e-01
4.496999999999999886e+00,-4.892262220382690430e-01
4.498000000000000220e+00,-5.289143323898315430e-01
4.498999999999999666e+00,-7.895432710647583008e-01
4.500000000000000000e+00,-1.151111364364624023e+00
4.501000000000000334e+00,-1.341426730155944824e+00
4.501999999999999780e+00,-1.395177483558654785e+00
4.503000000000000114e+00,-1.395490050315856934e+00
4.503999999999999559e+00,-1.356114387512207031e+00
4.504999999999999893e+00,-1.246737718582153320e+00
4.506000000000000227e+00,-1.198924541473388672e+00
4.506999999999999673e+00,-1.167674064636230469e+00
4.508000000000000007e+00,-1.126423478126525879e+00
4.509000000000000341e+00,-1.088610410690307617e+00
4.509999999999999787e+00,-1.049859762191772461e+00
4.511000000000000121e+00,-1.012046694755554199e+00
4.511999999999999567e+00,-9.839212894439697266e-01
4.512999999999999901e+00,-9.514207839965820312e-01
4.514000000000000234e+00,-9.257953763008117676e-01
4.514999999999999680e+00,-8.070435523986816406e-01
4.516000000000000014e+00,-7.992309331893920898e-01
4.517000000000000348e+00,-8.092311024665832520e-01
4.517999999999999794e+00,-8.282938599586486816e-01
4.519000000000000128e+00,-8.304814100265502930e-01
4.519999999999999574e+00,-8.195437788963317871e-01
4.520999999999999908e+00,-8.398565649986267090e-01
4.522000000000000242e+00,-8.232938051223754883e-01
4.522999999999999687e+00,-8.126686215400695801e-01
4.524000000000000021e+00,-7.832931876182556152e-01
4.525000000000000355e+00,-6.986044049263000488e-01
4.525999999999999801e+00,-6.857917308807373047e-01
4.527000000000000135e+00,-6.907917857170104980e-01
4.527999999999999581e+00,-6.911042928695678711e-01
4.528999999999999915e+00,-6.873542666435241699e-01
4.530000000000000249e+00,-6.798540949821472168e-01
4.530999999999999694e+00,-6.801666021347045898e-01
4.532000000000000028e+00,-6.789166331291198730e-01
4.533000000000000362e+00,-6.732915043830871582e-01
4.533999999999999808e+00,-6.682914495468139648e-01
4.535000000000000142e+00,-5.770400762557983398e-01
4.535999999999999588e+00,-5.926653146743774414e-01
4.536999999999999922e+00,-6.179781556129455566e-01
4.538000000000000256e+00,-6.517286896705627441e-01
4.538999999999999702e+00,-6.717290282249450684e-01
4.540000000000000036e+00,-6.782916188240051270e-01
4.541000000000000369e+00,-7.111045718193054199e-01
4.541999999999999815e+00,-7.073545455932617188e-01
4.543000000000000149e+00,-7.029795050621032715e-01
4.543999999999999595e+00,-6.823541522026062012e-01
4.544999999999999929e+00,-6.054779887199401855e-01
4.546000000000000263e+00,-6.026654243469238281e-01
4.546999999999999709e+00,-6.157906651496887207e-01
4.548000000000000043e+00,-6.195406913757324219e-01
4.549000000000000377e+00,-3.629742860794067383e-01
4.549999999999999822e+00,3.140673041343688965e-02
4.551000000000000156e+00,1.973467618227005005e-01
4.551999999999999602e+00,2.529726028442382812e-01
4.552999999999999936e+00,2.542226314544677734e-01
4.554000000000000270e+00,2.257846891880035400e-01
4.554999999999999716e+00,2.648477852344512939e-01
4.556000000000000050e+00,1.985967755317687988e-01
4.557000000000000384e+00,1.182830557227134705e-01
4.557999999999999829e+00,2.640665322542190552e-02
4.559000000000000163e+00,-4.390691965818405151e-02
4.559999999999999609e+00,-9.672022610902786255e-02
4.560999999999999943e+00,-1.732838898897171021e-01
4.562000000000000277e+00,-2.104719579219818115e-01
4.562999999999999723e+00,-2.435974627733230591e-01
4.564000000000000057e+00,-2.623477578163146973e-01
4.565000000000000391e+00,-2.160970419645309448e-01
4.565999999999999837e+00,-2.370348721742630005e-01
4.567000000000000171e+00,-2.782855033874511719e-01
4.567999999999999616e+00,-3.045358955860137939e-01
4.568999999999999950e+00,-3.295362889766693115e-01
4.570000000000000284e+00,-3.495365977287292480e-01
4.570999999999999730e+00,-3.660993278026580811e-01
4.572000000000000064e+00,-3.870371580123901367e-01
4.573000000000000398e+00,-4.007873535156250000e-01
4.573999999999999844e+00,-4.132875502109527588e-01
4.575000000000000178e+00,-3.376614153385162354e-01
4.575999999999999623e+00,-3.632867932319641113e-01
4.576999999999999957e+00,-4.060999453067779541e-01
4.578000000000000291e+00,-4.479755759239196777e-01
4.578999999999999737e+00,-4.779760539531707764e-01
4.580000000000000071e+00,-4.917262494564056396e-01
4.581000000000000405e+00,-5.336018800735473633e-01
4.581999999999999851e+00,-5.411019921302795410e-01
4.583000000000000185e+00,-5.401644706726074219e-01
4.583999999999999631e+00,-5.354769229888916016e-01
4.584999999999999964e+00,-4.632883071899414062e-01
4.586000000000000298e+00,-4.629758000373840332e-01
4.586999999999999744e+00,-4.811010956764221191e-01
4.588000000000000078e+00,-4.879761934280395508e-01
4.589000000000000412e+00,-4.948512911796569824e-01
4.589999999999999858e+00,-5.039139389991760254e-01
4.591000000000000192e+00,-5.039139389991760254e-01
4.591999999999999638e+00,-5.117265582084655762e-01
4.592999999999999972e+00,-5.148516297340393066e-01
4.594000000000000306e+00,-5.173516273498535156e-01
4.594999999999999751e+00,-4.348503947257995605e-01
4.596000000000000085e+00,-4.498506188392639160e-01
4.597000000000000419e+00,-4.851636588573455811e-01
4.597999999999999865e+00,-5.214142203330993652e-01
4.599000000000000199e+00,-7.829806804656982422e-01
4.599999999999999645e+00,-1.154548883438110352e+00
4.600999999999999979e+00,-1.348301768302917480e+00
4.602000000000000313e+00,-1.400177597999572754e+00
4.602999999999999758e+00,-1.401115179061889648e+00
4.604000000000000092e+00,-1.362677097320556641e+00
4.605000000000000426e+00,-1.249862790107727051e+00
4.605999999999999872e+00,-1.197674512863159180e+00
4.607000000000000206e+00,-1.168924093246459961e+00
4.607999999999999652e+00,-1.129548430442810059e+00
4.608999999999999986e+00,-1.087985396385192871e+00
4.610000000000000320e+00,-1.049859762191772461e+00
4.610999999999999766e+00,-1.012046694755554199e+00
4.612000000000000099e+00,-9.795461893081665039e-01
4.613000000000000433e+00,-9.486082196235656738e-01
4.613999999999999879e+00,-9.214203357696533203e-01
4.615000000000000213e+00,-8.051685094833374023e-01
4.615999999999999659e+00,-7.961059212684631348e-01
4.616999999999999993e+00,-8.076685667037963867e-01
4.618000000000000327e+00,-8.245438337326049805e-01
4.618999999999999773e+00,-8.254813551902770996e-01
4.620000000000000107e+00,-8.170437216758728027e-01
4.621000000000000441e+00,-8.348565101623535156e-01
4.621999999999999886e+00,-8.189187645912170410e-01
4.623000000000000220e+00,-8.064185380935668945e-01
4.623999999999999666e+00,-7.779806256294250488e-01
4.625000000000000000e+00,-6.954793334007263184e-01
4.626000000000000334e+00,-6.823541522026062012e-01
4.626999999999999780e+00,-6.845417022705078125e-01
4.628000000000000114e+00,-6.832916736602783203e-01
4.628999999999999559e+00,-6.814166307449340820e-01
4.629999999999999893e+00,-6.751665472984313965e-01
4.631000000000000227e+00,-6.745415329933166504e-01
4.631999999999999673e+00,-6.732915043830871582e-01
4.633000000000000007e+00,-6.648538708686828613e-01
4.634000000000000341e+00,-6.620413661003112793e-01
4.634999999999999787e+00,-5.726649761199951172e-01
4.636000000000000121e+00,-5.864151716232299805e-01
4.636999999999999567e+00,-6.126655936241149902e-01
4.637999999999999901e+00,-6.482911705970764160e-01
4.639000000000000234e+00,-6.639164090156555176e-01
4.639999999999999680e+00,-6.742290258407592773e-01
4.641000000000000014e+00,-7.036044597625732422e-01
4.642000000000000348e+00,-7.014169692993164062e-01
4.642999999999999794e+00,-6.986044049263000488e-01
4.644000000000000128e+00,-6.804791092872619629e-01
4.644999999999999574e+00,-6.023529171943664551e-01
4.645999999999999908e+00,-5.948528051376342773e-01
4.647000000000000242e+00,-6.086030602455139160e-01
4.647999999999999687e+00,-6.148531436920166016e-01
4.649000000000000021e+00,-3.551616668701171875e-01
4.650000000000000355e+00,3.609430044889450073e-02
4.650999999999999801e+00,2.051593810319900513e-01
4.652000000000000135e+00,2.564101517200469971e-01
4.652999999999999581e+00,2.595352232456207275e-01
4.653999999999999915e+00,2.279722243547439575e-01
4.655000000000000249e+00,2.685978412628173828e-01
4.655999999999999694e+00,2.048468738794326782e-01
4.657000000000000028e+00,1.192205697298049927e-01
4.658000000000000362e+00,3.140673041343688965e-02
4.658999999999999808e+00,-3.765682503581047058e-02
4.660000000000000142e+00,-9.265766292810440063e-02
4.660999999999999588e+00,-1.685963273048400879e-01
4.661999999999999922e+00,-2.057843953371047974e-01
4.663000000000000256e+00,-2.382848858833312988e-01
4.663999999999999702e+00,-2.564101517200469971e-01
4.665000000000000036e+00,-2.135970145463943481e-01
4.666000000000000369e+00,-2.301597595214843750e-01
4.666999999999999815e+00,-2.732854187488555908e-01
4.668000000000000149e+00,-2.970357835292816162e-01
4.668999999999999595e+00,-3.239111900329589844e-01
4.669999999999999929e+00,-3.479740619659423828e-01
4.671000000000000263e+00,-3.635993003845214844e-01
4.671999999999999709e+00,-3.792245388031005859e-01
4.673000000000000043e+00,-3.935997486114501953e-01
4.674000000000000377e+00,-4.060999453067779541e-01
4.674999999999999822e+00,-3.329738378524780273e-01
4.676000000000000156e+00,-3.573492169380187988e-01
4.676999999999999602e+00,-4.001623690128326416e-01
4.677999999999999936e+00,-4.436005055904388428e-01
4.679000000000000270e+00,-4.717259407043457031e-01
4.679999999999999716e+00,-4.898512363433837891e-01
4.681000000000000050e+00,-5.264142751693725586e-01
4.682000000000000384e+00,-5.317268371582031250e-01
4.682999999999999829e+00,-5.370394587516784668e-01
4.684000000000000163e+00,-5.282893180847167969e-01
4.684999999999999609e+00,-4.589132666587829590e-01
4.685999999999999943e+00,-4.532881677150726318e-01
4.687000000000000277e+00,-4.745385050773620605e-01
4.687999999999999723e+00,-4.848511517047882080e-01
4.689000000000000057e+00,-4.895387291908264160e-01
4.690000000000000391e+00,-4.923512637615203857e-01
4.690999999999999837e+00,-4.954763054847717285e-01
4.692000000000000171e+00,-5.054764747619628906e-01
4.692999999999999616e+00,-5.073515176773071289e-01
4.693999999999999950e+00,-5.142266154289245605e-01
4.695000000000000284e+00,-4.242252111434936523e-01
4.695999999999999730e+00,-4.464130699634552002e-01
4.697000000000000064e+00,-4.804760813713073730e-01
4.698000000000000398e+00,-5.179766416549682617e-01
4.698999999999999844e+00,-7.767305970191955566e-01
4.700000000000000178e+00,-1.140798687934875488e+00
4.700999999999999623e+00,-1.328301548957824707e+00
4.701999999999999957e+00,-1.382052302360534668e+00
4.703000000000000291e+00,-1.382677316665649414e+00
4.703999999999999737e+00,-1.347676873207092285e+00
4.705000000000000071e+00,-1.237362623214721680e+00
4.706000000000000405e+00,-1.181424260139465332e+00
4.706999999999999851e+00,-1.154236316680908203e+00
4.708000000000000185e+00,-1.112673282623291016e+00
4.708999999999999631e+00,-1.072047591209411621e+00
4.709999999999999964e+00,-1.034234523773193359e+00
4.711000000000000298e+00,-9.979839920997619629e-01
4.711999999999999744e+00,-9.654834866523742676e-01
4.713000000000000078e+00,-9.348580241203308105e-01
4.714000000000000412e+00,-9.095451235771179199e-01
4.714999999999999858e+00,-7.936058640480041504e-01
4.716000000000000192e+00,-7.861057519912719727e-01
4.716999999999999638e+00,-7.939183712005615234e-01
4.717999999999999972e+00,-8.120436668395996094e-01
4.719000000000000306e+00,-8.139186501502990723e-01
4.719999999999999751e+00,-8.032935261726379395e-01
4.721000000000000085e+00,-8.251688480377197266e-01
4.722000000000000419e+00,-8.111061453819274902e-01
4.722999999999999865e+00,-7.995434403419494629e-01
4.724000000000000199e+00,-7.714180350303649902e-01
4.724999999999999645e+00,-6.898542642593383789e-01
4.725999999999999979e+00,-6.695414781570434570e-01
4.727000000000000313e+00,-6.782916188240051270e-01
4.727999999999999758e+00,-6.761040687561035156e-01
4.729000000000000092e+00,-6.732915043830871582e-01
4.730000000000000426e+00,-6.651663780212402344e-01
4.730999999999999872e+00,-6.620413661003112793e-01
4.732000000000000206e+00,-6.639164090156555176e-01
4.732999999999999652e+00,-6.589162945747375488e-01
4.733999999999999986e+00,-6.551662683486938477e-01
4.735000000000000320e+00,-5.639148354530334473e-01
4.735999999999999766e+00,-5.776650905609130859e-01
4.737000000000000099e+00,-6.089155673980712891e-01
4.738000000000000433e+00,-6.407909989356994629e-01
4.738999999999999879e+00,-6.586037874221801758e-01
4.740000000000000213e+00,-6.648538708686828613e-01
4.740999999999999659e+00,-6.951668858528137207e-01
4.741999999999999993e+00,-6.914168000221252441e-01
4.743000000000000327e+00,-6.898542642593383789e-01
4.743999999999999773e+00,-6.754790544509887695e-01
4.745000000000000107e+00,-6.004779338836669922e-01
4.746000000000000441e+00,-5.870401859283447266e-01
4.746999999999999886e+00,-6.017279028892517090e-01
4.748000000000000220e+00,-6.051654815673828125e-01
4.748999999999999666e+00,-3.532866537570953369e-01
4.750000000000000000e+00,4.109437763690948486e-02
4.751000000000000334e+00,2.095344513654708862e-01
4.751999999999999780e+00,2.629727721214294434e-01
4.753000000000000114e+00,2.642227709293365479e-01
4.753999999999999559e+00,2.348473370075225830e-01
4.754999999999999893e+00,2.748479545116424561e-01
4.756000000000000227e+00,2.107844650745391846e-01
4.756999999999999673e+00,1.214081048965454102e-01
4.758000000000000007e+00,3.921934962272644043e-02
4.759000000000000341e+00,-3.078171983361244202e-02
4.759999999999999787e+00,-8.484504371881484985e-02
4.761000000000000121e+00,-1.620337218046188354e-01
4.761999999999999567e+00,-1.976592689752578735e-01
4.762999999999999901e+00,-2.323472946882247925e-01
4.764000000000000234e+00,-2.545351386070251465e-01
4.764999999999999680e+00,-2.098469585180282593e-01
4.766000000000000014e+00,-2.270347177982330322e-01
4.767000000000000348e+00,-2.654727995395660400e-01
4.767999999999999794e+00,-2.923482060432434082e-01
4.769000000000000128e+00,-3.189111053943634033e-01
4.769999999999999574e+00,-3.373489081859588623e-01
4.770999999999999908e+00,-3.532866537570953369e-01
4.772000000000000242e+00,-3.748494684696197510e-01
4.772999999999999687e+00,-3.873496651649475098e-01
4.774000000000000021e+00,-4.032874107360839844e-01
4.775000000000000355e+00,-3.245362043380737305e-01
4.775999999999999801e+00,-3.495365977287292480e-01
4.777000000000000135e+00,-3.929747343063354492e-01
4.777999999999999581e+00,-4.370379149913787842e-01
4.778999999999999915e+00,-4.686008989810943604e-01
4.780000000000000249e+00,-4.842261373996734619e-01
4.780999999999999694e+00,-5.220392346382141113e-01
4.782000000000000028e+00,-5.270392894744873047e-01
4.783000000000000362e+00,-5.311018824577331543e-01
4.783999999999999808e+00,-5.248517394065856934e-01
4.785000000000000142e+00,-4.564132094383239746e-01
4.785999999999999588e+00,-4.451630413532257080e-01
4.786999999999999922e+00,-4.667258858680725098e-01
4.788000000000000256e+00,-4.767260253429412842e-01
4.788999999999999702e+00,-4.820386171340942383e-01
4.790000000000000036e+00,-4.879761934280395508e-01
4.791000000000000369e+00,-4.942262768745422363e-01
4.791999999999999815e+00,-5.001638531684875488e-01
4.793000000000000149e+00,-5.051639676094055176e-01
4.793999999999999595e+00,-5.082889795303344727e-01
4.794999999999999929e+00,-4.198501706123352051e-01
4.796000000000000263e+00,-4.376629292964935303e-01
4.796999999999999709e+00,-4.745385050773620605e-01
4.798000000000000043e+00,-5.107890367507934570e-01
4.799000000000000377e+00,-7.711055278778076172e-01
4.799999999999999822e+00,-1.143923759460449219e+00
4.801000000000000156e+00,-1.330801606178283691e+00
4.801999999999999602e+00,-1.384239912033081055e+00
4.802999999999999936e+00,-1.384239912033081055e+00
4.804000000000000270e+00,-1.347051858901977539e+00
4.804999999999999716e+00,-1.240487694740295410e+00
4.806000000000000050e+00,-1.185486793518066406e+00
4.807000000000000384e+00,-1.152048826217651367e+00
4.807999999999999829e+00,-1.110485672950744629e+00
4.809000000000000163e+00,-1.072047591209411621e+00
4.809999999999999609e+00,-1.031734466552734375e+00
4.810999999999999943e+00,-9.973589777946472168e-01
4.812000000000000277e+00,-9.673585295677185059e-01
4.812999999999999723e+00,-9.326704740524291992e-01
4.814000000000000057e+00,-9.054825901985168457e-01
4.815000000000000391e+00,-7.926683425903320312e-01
4.815999999999999837e+00,-7.820431590080261230e-01
4.817000000000000171e+00,-7.917308211326599121e-01
4.817999999999999616e+00,-8.057935237884521484e-01
4.818999999999999950e+00,-8.117311596870422363e-01
4.820000000000000284e+00,-8.051685094833374023e-01
4.820999999999999730e+00,-8.207937479019165039e-01
4.822000000000000064e+00,-8.076685667037963867e-01
4.823000000000000398e+00,-7.951683998107910156e-01
4.823999999999999844e+00,-7.692304849624633789e-01
4.825000000000000178e+00,-6.876667141914367676e-01
4.825999999999999623e+00,-6.657913923263549805e-01
4.826999999999999957e+00,-6.748540401458740234e-01
4.828000000000000291e+00,-6.732915043830871582e-01
4.828999999999999737e+00,-6.701664924621582031e-01
4.830000000000000071e+00,-6.626663804054260254e-01
4.831000000000000405e+00,-6.554787755012512207e-01
4.831999999999999851e+00,-6.614163517951965332e-01
4.833000000000000185e+00,-6.523537039756774902e-01
4.833999999999999631e+00,-6.539162397384643555e-01
4.834999999999999964e+00,-5.595397949218750000e-01
4.836000000000000298e+00,-5.707899332046508789e-01
4.836999999999999744e+00,-6.014154553413391113e-01
4.838000000000000078e+00,-6.361034512519836426e-01
4.839000000000000412e+00,-6.501661539077758789e-01
4.839999999999999858e+00,-6.595413088798522949e-01
4.841000000000000192e+00,-6.892292499542236328e-01
4.841999999999999638e+00,-6.879792213439941406e-01
4.842999999999999972e+00,-6.879792213439941406e-01
4.844000000000000306e+00,-6.704789996147155762e-01
4.844999999999999751e+00,-5.957903265953063965e-01
4.846000000000000085e+00,-5.817276239395141602e-01
4.847000000000000419e+00,-5.989153981208801270e-01
4.847999999999999865e+00,-5.995404124259948730e-01
4.849000000000000199e+00,-3.439114987850189209e-01
4.849999999999999645e+00,4.359441623091697693e-02
4.850999999999999979e+00,2.142220139503479004e-01
4.852000000000000313e+00,2.689103484153747559e-01
4.852999999999999758e+00,2.679728269577026367e-01
4.854000000000000092e+00,2.345348298549652100e-01
4.855000000000000426e+00,2.798480093479156494e-01
4.855999999999999872e+00,2.142220139503479004e-01
4.857000000000000206e+00,1.295332312583923340e-01
4.857999999999999652e+00,4.265690222382545471e-02
4.858999999999999986e+00,-2.578164264559745789e-02
4.860000000000000320e+00,-8.422003686428070068e-02
4.860999999999999766e+00,-1.576586514711380005e-01
4.862000000000000099e+00,-1.951592266559600830e-01
4.863000000000000433e+00,-2.326598018407821655e-01
4.863999999999999879e+00,-2.485975474119186401e-01
4.865000000000000213e+00,-2.079719305038452148e-01
4.865999999999999659e+00,-2.195346057415008545e-01
4.866999999999999993e+00,-2.582851946353912354e-01
4.868000000000000327e+00,-2.935982346534729004e-01
4.868999999999999773e+00,-3.120360076427459717e-01
4.870000000000000107e+00,-3.323488235473632812e-01
4.871000000000000441e+00,-3.489115834236145020e-01
4.871999999999999886e+00,-3.679743707180023193e-01
4.873000000000000220e+00,-3.867246508598327637e-01
4.873999999999999666e+00,-4.001623690128326416e-01
4.875000000000000000e+00,-3.189111053943634033e-01
4.876000000000000334e+00,-3.479740619659423828e-01
4.876999999999999780e+00,-3.879746794700622559e-01
4.878000000000000114e+00,-4.326628446578979492e-01
4.878999999999999559e+00,-4.636008143424987793e-01
4.879999999999999893e+00,-4.779760539531707764e-01
4.881000000000000227e+00,-5.148516297340393066e-01
4.881999999999999673e+00,-5.201641917228698730e-01
4.883000000000000007e+00,-5.286018252372741699e-01
4.884000000000000341e+00,-5.195391774177551270e-01
4.884999999999999787e+00,-4.536006748676300049e-01
4.886000000000000121e+00,-4.442255198955535889e-01
4.886999999999999567e+00,-4.595382511615753174e-01
4.887999999999999901e+00,-4.704759418964385986e-01
4.889000000000000234e+00,-4.776635468006134033e-01
4.889999999999999680e+00,-4.820386171340942383e-01
4.891000000000000014e+00,-4.870386719703674316e-01
4.892000000000000348e+00,-4.945387840270996094e-01
4.892999999999999794e+00,-4.948512911796569824e-01
4.894000000000000128e+00,-5.032889246940612793e-01
4.894999999999999574e+00,-4.201626479625701904e-01
4.895999999999999908e+00,-4.336003661155700684e-01
4.897000000000000242e+00,-4.698509275913238525e-01
4.897999999999999687e+00,-5.076640248298645020e-01
4.899000000000000021e+00,-7.623553872108459473e-01
4.900000000000000355e+00,-1.126735925674438477e+00
4.900999999999999801e+00,-1.317676305770874023e+00
4.902000000000000135e+00,-1.367364645004272461e+00
4.902999999999999581e+00,-1.373302221298217773e+00
4.903999999999999915e+00,-1.334864139556884766e+00
4.905000000000000249e+00,-1.227049946784973145e+00
4.905999999999999694e+00,-1.167986631393432617e+00
4.907000000000000028e+00,-1.137048602104187012e+00
4.908000000000000362e+00,-1.096735477447509766e+00
4.908999999999999808e+00,-1.059547424316406250e+00
4.910000000000000142e+00,-1.019234299659729004e+00
4.910999999999999588e+00,-9.842337965965270996e-01
4.911999999999999922e+00,-9.529833197593688965e-01
4.913000000000000256e+00,-9.186077713966369629e-01
4.913999999999999702e+00,-8.961074352264404297e-01
4.915000000000000036e+00,-7.814181447029113770e-01
4.916000000000000369e+00,-7.711055278778076172e-01
4.916999999999999815e+00,-7.826681733131408691e-01
4.918000000000000149e+00,-7.970433831214904785e-01
4.918999999999999595e+00,-8.026685118675231934e-01
4.919999999999999929e+00,-7.945433855056762695e-01
4.921000000000000263e+00,-8.126686215400695801e-01
4.921999999999999709e+00,-7.976683974266052246e-01
4.923000000000000043e+00,-7.867307662963867188e-01
4.924000000000000377e+00,-7.636054158210754395e-01
4.924999999999999822e+00,-6.820416450500488281e-01
4.926000000000000156e+00,-6.586037874221801758e-01
4.926999999999999602e+00,-6.617288589477539062e-01
4.927999999999999936e+00,-6.632913947105407715e-01
4.929000000000000270e+00,-6.598538160324096680e-01
4.929999999999999716e+00,-6.523537039756774902e-01
4.931000000000000050e+00,-6.536037325859069824e-01
4.932000000000000384e+00,-6.529787182807922363e-01
4.932999999999999829e+00,-6.464161276817321777e-01
4.934000000000000163e+00,-6.442285776138305664e-01
4.934999999999999609e+00,-5.557897090911865234e-01
4.935999999999999943e+00,-5.636023283004760742e-01
4.937000000000000277e+00,-5.951653122901916504e-01
4.937999999999999723e+00,-6.286033391952514648e-01
4.939000000000000057e+00,-6.476661562919616699e-01
4.940000000000000391e+00,-6.557912826538085938e-01
4.940999999999999837e+00,-6.845417022705078125e-01
4.942000000000000171e+00,-6.811041235923767090e-01
4.942999999999999616e+00,-6.814166307449340820e-01
4.943999999999999950e+00,-6.676664352416992188e-01
4.945000000000000284e+00,-5.926653146743774414e-01
4.945999999999999730e+00,-5.789150595664978027e-01
4.947000000000000064e+00,-5.898527503013610840e-01
4.948000000000000398e+00,-5.936028361320495605e-01
4.948999999999999844e+00,-3.370364010334014893e-01
4.950000000000000178e+00,5.015701428055763245e-02
4.950999999999999623e+00,2.235971689224243164e-01
4.951999999999999957e+00,2.739104330539703369e-01
4.953000000000000291e+00,2.729729115962982178e-01
4.953999999999999737e+00,2.376598715782165527e-01
4.955000000000000071e+00,2.820355594158172607e-01
4.956000000000000405e+00,2.207846194505691528e-01
4.956999999999999851e+00,1.370333433151245117e-01
4.958000000000000185e+00,4.421942308545112610e-02
4.958999999999999631e+00,-2.453162521123886108e-02
4.959999999999999964e+00,-7.953246682882308960e-02
4.961000000000000298e+00,-1.532835960388183594e-01
4.961999999999999744e+00,-1.932841986417770386e-01
4.963000000000000078e+00,-2.270347177982330322e-01
4.964000000000000412e+00,-2.479725331068038940e-01
4.964999999999999858e+00,-2.082844227552413940e-01
4.966000000000000192e+00,-2.170345634222030640e-01
4.966999999999999638e+00,-2.560976445674896240e-01
4.967999999999999972e+00,-2.851606011390686035e-01
4.969000000000000306e+00,-3.079734444618225098e-01
4.969999999999999751e+00,-3.245362043380737305e-01
4.971000000000000085e+00,-3.460990190505981445e-01
4.972000000000000419e+00,-3.639118075370788574e-01
4.972999999999999865e+00,-3.782870173454284668e-01
4.974000000000000199e+00,-3.932872414588928223e-01
4.974999999999999645e+00,-3.185985982418060303e-01
4.975999999999999979e+00,-3.398489356040954590e-01
4.977000000000000313e+00,-3.835996091365814209e-01
4.977999999999999758e+00,-4.307878315448760986e-01
4.979000000000000092e+00,-4.564132094383239746e-01
4.980000000000000426e+00,-4.745385050773620605e-01
4.980999999999999872e+00,-5.120390653610229492e-01
4.982000000000000206e+00,-5.142266154289245605e-01
4.982999999999999652e+00,-5.257892608642578125e-01
4.983999999999999986e+00,-5.167266130447387695e-01
4.985000000000000320e+00,-4.507881402969360352e-01
4.985999999999999766e+00,-4.386004507541656494e-01
4.987000000000000099e+00,-4.573507308959960938e-01
4.988000000000000433e+00,-4.661008715629577637e-01
4.988999999999999879e+00,-4.732884764671325684e-01
4.990000000000000213e+00,-4.770385324954986572e-01
4.990999999999999659e+00,-4.832886159420013428e-01
4.991999999999999993e+00,-4.889137148857116699e-01
4.993000000000000327e+00,-4.926637709140777588e-01
4.993999999999999773e+00,-4.973513484001159668e-01
4.995000000000000107e+00,-4.101625084877014160e-01
4.996000000000000441e+00,-4.232877194881439209e-01
4.996999999999999886e+00,-4.614132940769195557e-01
4.998000000000000220e+00,-5.001638531684875488e-01
4.998999999999999666e+00,-7.620428800582885742e-01
5.000000000000000000e+00,-1.130173444747924805e+00
5.001000000000000334e+00,-1.318613886833190918e+00
5.001999999999999780e+00,-1.369864702224731445e+00
5.003000000000000114e+00,-1.375177264213562012e+00
5.003999999999999559e+00,-1.338926672935485840e+00
5.004999999999999893e+00,-1.232362508773803711e+00
5.006000000000000227e+00,-1.169861555099487305e+00
5.006999999999999673e+00,-1.136423587799072266e+00
5.008000000000000007e+00,-1.098922967910766602e+00
5.009000000000000341e+00,-1.058609962463378906e+00
5.009999999999999787e+00,-1.021109342575073242e+00
5.011000000000000121e+00,-9.829837679862976074e-01
5.011999999999999567e+00,-9.542332887649536133e-01
5.012999999999999901e+00,-9.195452928543090820e-01
5.014000000000000234e+00,-8.998574614524841309e-01
5.014999999999999680e+00,-7.826681733131408691e-01
5.016000000000000014e+00,-7.676679491996765137e-01
5.017000000000000348e+00,-7.798556685447692871e-01
5.017999999999999794e+00,-8.001684546470642090e-01
5.019000000000000128e+00,-7.973558902740478516e-01
5.019999999999999574e+00,-7.920433282852172852e-01
5.020999999999999908e+00,-8.082935810089111328e-01
5.022000000000000242e+00,-7.970433831214904785e-01
5.022999999999999687e+00,-7.851682305335998535e-01
5.024000000000000021e+00,-7.623553872108459473e-01
5.025000000000000355e+00,-6.861042380332946777e-01
5.025999999999999801e+00,-6.523537039756774902e-01
5.027000000000000135e+00,-6.611038446426391602e-01
5.027999999999999581e+00,-6.601663231849670410e-01
5.028999999999999915e+00,-6.564162373542785645e-01
5.030000000000000249e+00,-6.498536467552185059e-01
5.030999999999999694e+00,-6.464161276817321777e-01
5.032000000000000028e+00,-6.451660990715026855e-01
5.033000000000000362e+00,-6.426660418510437012e-01
5.033999999999999808e+00,-6.426660418510437012e-01
5.035000000000000142e+00,-5.526646971702575684e-01
5.035999999999999588e+00,-5.598523020744323730e-01
5.036999999999999922e+00,-5.886027216911315918e-01
5.038000000000000256e+00,-6.254782676696777344e-01
5.038999999999999702e+00,-6.414160132408142090e-01
5.040000000000000036e+00,-6.489161252975463867e-01
5.041000000000000369e+00,-6.807916164398193359e-01
5.041999999999999815e+00,-6.817291378974914551e-01
5.043000000000000149e+00,-6.786041259765625000e-01
5.043999999999999595e+00,-6.648538708686828613e-01
5.044999999999999929e+00,-5.979778766632080078e-01
5.046000000000000263e+00,-5.720399618148803711e-01
5.046999999999999709e+00,-5.851652026176452637e-01
5.048000000000000043e+00,-5.917277932167053223e-01
5.049000000000000377e+00,-3.301612734794616699e-01
5.049999999999999822e+00,5.609460547566413879e-02
5.051000000000000156e+00,2.254721969366073608e-01
5.051999999999999602e+00,2.789105176925659180e-01
5.052999999999999936e+00,2.782855033874511719e-01
5.054000000000000270e+00,2.389099001884460449e-01
5.054999999999999716e+00,2.826605737209320068e-01
5.056000000000000050e+00,2.223471403121948242e-01
5.057000000000000384e+00,1.379708498716354370e-01
5.057999999999999829e+00,4.984451085329055786e-02
5.059000000000000163e+00,-1.953154802322387695e-02
5.059999999999999609e+00,-7.578240334987640381e-02
5.060999999999999943e+00,-1.495335251092910767e-01
5.062000000000000277e+00,-1.867215931415557861e-01
5.062999999999999723e+00,-2.292222529649734497e-01
5.064000000000000057e+00,-2.457849979400634766e-01
5.065000000000000391e+00,-2.092219442129135132e-01
5.065999999999999837e+00,-2.142220139503479004e-01
5.067000000000000171e+00,-2.526600956916809082e-01
5.067999999999999616e+00,-2.804730236530303955e-01
5.068999999999999950e+00,-3.048484027385711670e-01
5.070000000000000284e+00,-3.235986828804016113e-01
5.070999999999999730e+00,-3.376614153385162354e-01
5.072000000000000064e+00,-3.582867085933685303e-01
5.073000000000000398e+00,-3.735994398593902588e-01
5.073999999999999844e+00,-3.885996937751770020e-01
5.075000000000000178e+00,-3.145360350608825684e-01
5.075999999999999623e+00,-3.382863998413085938e-01
5.076999999999999957e+00,-3.751619756221771240e-01
5.078000000000000291e+00,-4.251627326011657715e-01
5.078999999999999737e+00,-4.514131247997283936e-01
5.080000000000000071e+00,-4.670383632183074951e-01
5.081000000000000405e+00,-5.045389533042907715e-01
5.081999999999999851e+00,-5.111015439033508301e-01
5.083000000000000185e+00,-5.201641917228698730e-01
5.083999999999999631e+00,-5.117265582084655762e-01
5.084999999999999964e+00,-4.526631534099578857e-01
5.086000000000000298e+00,-4.320378303527832031e-01
5.086999999999999744e+00,-4.486005902290344238e-01
5.088000000000000078e+00,-4.604757726192474365e-01
5.089000000000000412e+00,-4.714134335517883301e-01
5.089999999999999858e+00,-4.707884192466735840e-01
5.091000000000000192e+00,-4.789135456085205078e-01
5.091999999999999638e+00,-4.839136302471160889e-01
5.092999999999999972e+00,-4.864136576652526855e-01
5.094000000000000306e+00,-4.957888126373291016e-01
5.094999999999999751e+00,-4.111000299453735352e-01
5.096000000000000085e+00,-4.226627051830291748e-01
5.097000000000000419e+00,-4.586007595062255859e-01
5.097999999999999865e+00,-4.976638555526733398e-01
5.099000000000000199e+00,-7.507926821708679199e-01
5.099999999999999645e+00,-1.117673277854919434e+00
5.100999999999999979e+00,-1.300801157951354980e+00
5.102000000000000313e+00,-1.354239463806152344e+00
5.102999999999999758e+00,-1.362052083015441895e+00
5.104000000000000092e+00,-1.323301434516906738e+00
5.105000000000000426e+00,-1.217674851417541504e+00
5.105999999999999872e+00,-1.153923869132995605e+00
5.107000000000000206e+00,-1.122985839843750000e+00
5.107999999999999652e+00,-1.082360267639160156e+00
5.108999999999999986e+00,-1.041734695434570312e+00
5.110000000000000320e+00,-1.005171537399291992e+00
5.110999999999999766e+00,-9.714210629463195801e-01
5.112000000000000099e+00,-9.417331218719482422e-01
5.113000000000000433e+00,-9.092326164245605469e-01
5.113999999999999879e+00,-8.842322230339050293e-01
5.115000000000000213e+00,-7.742305397987365723e-01
5.115999999999999659e+00,-7.579802870750427246e-01
5.116999999999999993e+00,-7.679804563522338867e-01
5.118000000000000327e+00,-7.901682853698730469e-01
5.118999999999999773e+00,-7.857932448387145996e-01
5.120000000000000107e+00,-7.839182019233703613e-01
5.121000000000000441e+00,-8.023560047149658203e-01
5.121999999999999886e+00,-7.854807376861572266e-01
5.123000000000000220e+00,-7.779806256294250488e-01
5.123999999999999666e+00,-7.579802870750427246e-01
5.125000000000000000e+00,-6.826666593551635742e-01
5.126000000000000334e+00,-6.439160704612731934e-01
5.126999999999999780e+00,-6.492286324501037598e-01
5.128000000000000114e+00,-6.514161825180053711e-01
5.128999999999999559e+00,-6.504786610603332520e-01
5.129999999999999893e+00,-6.442285776138305664e-01
5.131000000000000227e+00,-6.411035060882568359e-01
5.131999999999999673e+00,-6.401660442352294922e-01
5.133000000000000007e+00,-6.345409154891967773e-01
5.134000000000000341e+00,-6.357909440994262695e-01
5.134999999999999787e+00,-5.529772043228149414e-01
5.136000000000000121e+00,-5.523521900177001953e-01
5.136999999999999567e+00,-5.795400738716125488e-01
5.137999999999999901e+00,-6.201657056808471680e-01
5.139000000000000234e+00,-6.342284083366394043e-01
5.139999999999999680e+00,-6.448535919189453125e-01
5.141000000000000014e+00,-6.736040115356445312e-01
5.142000000000000348e+00,-6.723539829254150391e-01
5.142999999999999794e+00,-6.754790544509887695e-01
5.144000000000000128e+00,-6.604788303375244141e-01
5.144999999999999574e+00,-5.939152836799621582e-01
5.145999999999999908e+00,-5.645398497581481934e-01
5.147000000000000242e+00,-5.779775977134704590e-01
5.147999999999999687e+00,-5.839151740074157715e-01
5.149000000000000021e+00,-3.248487114906311035e-01
5.150000000000000355e+00,6.234470009803771973e-02
5.150999999999999801e+00,2.260971963405609131e-01
5.152000000000000135e+00,2.789105176925659180e-01
5.152999999999999581e+00,2.807855308055877686e-01
5.153999999999999915e+00,2.435974627733230591e-01
5.155000000000000249e+00,2.848480939865112305e-01
5.155999999999999694e+00,2.260971963405609131e-01
5.157000000000000028e+00,1.467209905385971069e-01
5.158000000000000362e+00,5.265705287456512451e-02
5.158999999999999808e+00,-1.296894811093807220e-02
5.160000000000000142e+00,-7.171984761953353882e-02
5.160999999999999588e+00,-1.464084833860397339e-01
5.161999999999999922e+00,-1.845340728759765625e-01
5.163000000000000256e+00,-2.198470979928970337e-01
5.163999999999999702e+00,-2.454724907875061035e-01
5.165000000000000036e+00,-2.101594507694244385e-01
5.166000000000000369e+00,-2.076594233512878418e-01
5.166999999999999815e+00,-2.423474490642547607e-01
5.168000000000000149e+00,-2.745354473590850830e-01
5.168999999999999595e+00,-2.979733049869537354e-01
5.169999999999999929e+00,-3.182861208915710449e-01
5.171000000000000263e+00,-3.357863724231719971e-01
5.171999999999999709e+00,-3.532866537570953369e-01
5.173000000000000043e+00,-3.682868778705596924e-01
5.174000000000000377e+00,-3.876621723175048828e-01
5.174999999999999822e+00,-3.154735565185546875e-01
5.176000000000000156e+00,-3.307862877845764160e-01
5.176999999999999602e+00,-3.685993850231170654e-01
5.177999999999999936e+00,-4.217251837253570557e-01
5.179000000000000270e+00,-4.445380270481109619e-01
5.179999999999999716e+00,-4.639133214950561523e-01
5.181000000000000050e+00,-5.032889246940612793e-01
5.182000000000000384e+00,-5.076640248298645020e-01
5.182999999999999829e+00,-5.145391225814819336e-01
5.184000000000000163e+00,-5.132890939712524414e-01
5.184999999999999609e+00,-4.517256319522857666e-01
5.185999999999999943e+00,-4.264127612113952637e-01
5.187000000000000277e+00,-4.442255198955535889e-01
5.187999999999999723e+00,-4.548507034778594971e-01
5.189000000000000057e+00,-4.632883071899414062e-01
5.190000000000000391e+00,-4.654758572578430176e-01
5.190999999999999837e+00,-4.714134335517883301e-01
5.192000000000000171e+00,-4.836011230945587158e-01
5.192999999999999616e+00,-4.804760813713073730e-01
5.193999999999999950e+00,-4.892262220382690430e-01
5.195000000000000284e+00,-4.067249596118927002e-01
5.195999999999999730e+00,-4.139125645160675049e-01
5.197000000000000064e+00,-4.467255771160125732e-01
5.198000000000000398e+00,-4.942262768745422363e-01
5.198999999999999844e+00,-7.457926273345947266e-01
5.200000000000000178e+00,-1.107673168182373047e+00
5.200999999999999623e+00,-1.297051072120666504e+00
5.201999999999999957e+00,-1.351114392280578613e+00
5.203000000000000291e+00,-1.353926897048950195e+00
5.203999999999999737e+00,-1.317051291465759277e+00
5.205000000000000071e+00,-1.219549894332885742e+00
5.206000000000000405e+00,-1.144236207008361816e+00
5.206999999999999851e+00,-1.113923192024230957e+00
5.208000000000000185e+00,-1.074547648429870605e+00
5.208999999999999631e+00,-1.038297057151794434e+00
5.209999999999999964e+00,-1.001421570777893066e+00
5.211000000000000298e+00,-9.661085009574890137e-01
5.211999999999999744e+00,-9.332954883575439453e-01
5.213000000000000078e+00,-9.026700258255004883e-01
5.214000000000000412e+00,-8.789196610450744629e-01
5.214999999999999858e+00,-7.711055278778076172e-01
5.216000000000000192e+00,-7.539177536964416504e-01
5.216999999999999638e+00,-7.582927942276000977e-01
5.217999999999999972e+00,-7.832931876182556152e-01
5.219000000000000306e+00,-7.848557233810424805e-01
5.219999999999999751e+00,-7.779806256294250488e-01
5.221000000000000085e+00,-7.970433831214904785e-01
5.222000000000000419e+00,-7.814181447029113770e-01
5.222999999999999865e+00,-7.726680636405944824e-01
5.224000000000000199e+00,-7.548552751541137695e-01
5.224999999999999645e+00,-6.820416450500488281e-01
5.225999999999999979e+00,-6.379784941673278809e-01
5.227000000000000313e+00,-6.442285776138305664e-01
5.227999999999999758e+00,-6.467286348342895508e-01
5.229000000000000092e+00,-6.445410847663879395e-01
5.230000000000000426e+00,-6.379784941673278809e-01
5.230999999999999872e+00,-6.373534798622131348e-01
5.232000000000000206e+00,-6.332908868789672852e-01
5.232999999999999652e+00,-6.286033391952514648e-01
5.233999999999999986e+00,-6.317284107208251953e-01
5.235000000000000320e+00,-5.454770922660827637e-01
5.235999999999999766e+00,-5.467271208763122559e-01
5.237000000000000099e+00,-5.729774832725524902e-01
5.238000000000000433e+00,-6.157906651496887207e-01
5.238999999999999879e+00,-6.273533105850219727e-01
5.240000000000000213e+00,-6.389160156250000000e-01
5.240999999999999659e+00,-6.689164638519287109e-01
5.241999999999999993e+00,-6.664164066314697266e-01
5.243000000000000327e+00,-6.651663780212402344e-01
5.243999999999999773e+00,-6.576662659645080566e-01
5.245000000000000107e+00,-5.945402979850769043e-01
5.246000000000000441e+00,-5.576647520065307617e-01
5.246999999999999886e+00,-5.720399618148803711e-01
5.248000000000000220e+00,-5.751650333404541016e-01
5.248999999999999666e+00,-3.260987401008605957e-01
5.250000000000000000e+00,5.734462663531303406e-02
5.251000000000000334e+00,2.217221260070800781e-01
5.251999999999999780e+00,2.764104604721069336e-01
5.253000000000000114e+00,2.748479545116424561e-01
5.253999999999999559e+00,2.379723787307739258e-01
5.254999999999999893e+00,2.748479545116424561e-01
5.256000000000000227e+00,2.217221260070800781e-01
5.256999999999999673e+00,1.429709345102310181e-01
5.258000000000000007e+00,4.453193023800849915e-02
5.259000000000000341e+00,-1.484397612512111664e-02
5.259999999999999787e+00,-7.578240334987640381e-02
5.261000000000000121e+00,-1.504710465669631958e-01
5.261999999999999567e+00,-1.857840865850448608e-01
5.262999999999999901e+00,-2.235971689224243164e-01
5.264000000000000234e+00,-2.470350265502929688e-01
5.264999999999999680e+00,-2.160970419645309448e-01
5.266000000000000014e+00,-2.054718881845474243e-01
5.267000000000000348e+00,-2.429724633693695068e-01
5.267999999999999794e+00,-2.732854187488555908e-01
5.269000000000000128e+00,-2.948482632637023926e-01
5.269999999999999574e+00,-3.176611065864562988e-01
5.270999999999999908e+00,-3.382863998413085938e-01
5.272000000000000242e+00,-3.551616668701171875e-01
5.272999999999999687e+00,-3.642243146896362305e-01
5.274000000000000021e+00,-3.879746794700622559e-01
5.275000000000000355e+00,-3.154735565185546875e-01
5.275999999999999801e+00,-3.264112174510955811e-01
5.277000000000000135e+00,-3.626617789268493652e-01
5.277999999999999581e+00,-4.201626479625701904e-01
5.278999999999999915e+00,-4.417254924774169922e-01
5.280000000000000249e+00,-4.604757726192474365e-01
5.280999999999999694e+00,-4.995388686656951904e-01
5.282000000000000028e+00,-5.045389533042907715e-01
5.283000000000000362e+00,-5.114140510559082031e-01
5.283999999999999808e+00,-5.089139938354492188e-01
5.285000000000000142e+00,-4.536006748676300049e-01
5.285999999999999588e+00,-4.192251563072204590e-01
5.286999999999999922e+00,-4.407879710197448730e-01
5.288000000000000256e+00,-4.526631534099578857e-01
5.288999999999999702e+00,-4.586007595062255859e-01
5.290000000000000036e+00,-4.632883071899414062e-01
5.291000000000000369e+00,-4.701634347438812256e-01
5.291999999999999815e+00,-4.739134907722473145e-01
5.293000000000000149e+00,-4.767260253429412842e-01
5.293999999999999595e+00,-4.873511791229248047e-01
5.294999999999999929e+00,-4.064124524593353271e-01
5.296000000000000263e+00,-4.132875502109527588e-01
5.296999999999999709e+00,-4.407879710197448730e-01
5.298000000000000043e+00,-4.882887005805969238e-01
5.299000000000000377e+00,-7.395425438880920410e-01
5.299999999999999822e+00,-1.105173110961914062e+00
5.301000000000000156e+00,-1.292988538742065430e+00
5.301999999999999602e+00,-1.344864249229431152e+00
5.302999999999999936e+00,-1.346114277839660645e+00
5.304000000000000270e+00,-1.314238786697387695e+00
5.304999999999999716e+00,-1.218612313270568848e+00
5.306000000000000050e+00,-1.137673616409301758e+00
5.307000000000000384e+00,-1.106423139572143555e+00
5.307999999999999829e+00,-1.070797562599182129e+00
5.309000000000000163e+00,-1.028921961784362793e+00
5.309999999999999609e+00,-9.948589205741882324e-01
5.310999999999999943e+00,-9.586083889007568359e-01
5.312000000000000277e+00,-9.276704192161560059e-01
5.312999999999999723e+00,-8.961074352264404297e-01
5.314000000000000057e+00,-8.754820823669433594e-01
5.315000000000000391e+00,-7.686054706573486328e-01
5.315999999999999837e+00,-7.426675558090209961e-01
5.317000000000000171e+00,-7.467301487922668457e-01
5.317999999999999616e+00,-7.792306542396545410e-01
5.318999999999999950e+00,-7.757930755615234375e-01
5.320000000000000284e+00,-7.726680636405944824e-01
5.320999999999999730e+00,-7.914183139801025391e-01
5.322000000000000064e+00,-7.764180898666381836e-01
5.323000000000000398e+00,-7.632929086685180664e-01
5.323999999999999844e+00,-7.523552179336547852e-01
5.325000000000000178e+00,-6.786041259765625000e-01
5.325999999999999623e+00,-6.314159035682678223e-01
5.326999999999999957e+00,-6.398535370826721191e-01
5.328000000000000291e+00,-6.411035060882568359e-01
5.328999999999999737e+00,-6.392285227775573730e-01
5.330000000000000071e+00,-6.351659297943115234e-01
5.331000000000000405e+00,-6.307908892631530762e-01
5.331999999999999851e+00,-6.273533105850219727e-01
5.333000000000000185e+00,-6.226657629013061523e-01
5.333999999999999631e+00,-6.286033391952514648e-01
5.334999999999999964e+00,-5.426645278930664062e-01
5.336000000000000298e+00,-5.392269492149353027e-01
5.336999999999999744e+00,-5.611023306846618652e-01
5.338000000000000078e+00,-6.092280745506286621e-01
5.339000000000000412e+00,-6.204782128334045410e-01
5.339999999999999858e+00,-6.317284107208251953e-01
5.341000000000000192e+00,-6.645413637161254883e-01
5.341999999999999638e+00,-6.626663804054260254e-01
5.342999999999999972e+00,-6.620413661003112793e-01
5.344000000000000306e+00,-6.545412540435791016e-01
5.344999999999999751e+00,-5.932903289794921875e-01
5.346000000000000085e+00,-5.523521900177001953e-01
5.347000000000000419e+00,-5.664148926734924316e-01
5.347999999999999865e+00,-5.723524689674377441e-01
5.349000000000000199e+00,-3.151610493659973145e-01
5.349999999999999645e+00,6.640726327896118164e-02
5.350999999999999979e+00,2.357848435640335083e-01
5.352000000000000313e+00,2.910981774330139160e-01
5.352999999999999758e+00,2.901606857776641846e-01
5.354000000000000092e+00,2.492225468158721924e-01
5.355000000000000426e+00,2.860981225967407227e-01
5.355999999999999872e+00,2.360973507165908813e-01
5.357000000000000206e+00,1.592211723327636719e-01
5.357999999999999652e+00,5.609460547566413879e-02
5.358999999999999986e+00,-4.843824077397584915e-03
5.360000000000000320e+00,-6.296971440315246582e-02
5.360999999999999766e+00,-1.395333856344223022e-01
5.362000000000000099e+00,-1.770339459180831909e-01
5.363000000000000433e+00,-2.117219865322113037e-01
5.363999999999999879e+00,-2.420349419116973877e-01
5.365000000000000213e+00,-2.107844650745391846e-01
5.365999999999999659e+00,-1.967217475175857544e-01
5.366999999999999993e+00,-2.351598441600799561e-01
5.368000000000000327e+00,-2.689103484153747559e-01
5.368999999999999773e+00,-2.867231369018554688e-01
5.370000000000000107e+00,-3.104735016822814941e-01
5.371000000000000441e+00,-3.282862603664398193e-01
5.371999999999999886e+00,-3.464115262031555176e-01
5.373000000000000220e+00,-3.570367097854614258e-01
5.373999999999999666e+00,-3.760994970798492432e-01
5.375000000000000000e+00,-3.104735016822814941e-01
5.376000000000000334e+00,-3.189111053943634033e-01
5.376999999999999780e+00,-3.523491322994232178e-01
5.378000000000000114e+00,-4.151625931262969971e-01
5.378999999999999559e+00,-4.314128458499908447e-01
5.379999999999999893e+00,-4.554756879806518555e-01
5.381000000000000227e+00,-4.954763054847717285e-01
5.381999999999999673e+00,-4.967263340950012207e-01
5.383000000000000007e+00,-5.045389533042907715e-01
5.384000000000000341e+00,-5.032889246940612793e-01
5.384999999999999787e+00,-4.498506188392639160e-01
5.386000000000000121e+00,-4.154751002788543701e-01
5.386999999999999567e+00,-4.320378303527832031e-01
5.387999999999999901e+00,-4.426630139350891113e-01
5.389000000000000234e+00,-4.517256319522857666e-01
5.389999999999999680e+00,-4.573507308959960938e-01
5.391000000000000014e+00,-4.632883071899414062e-01
5.392000000000000348e+00,-4.723509550094604492e-01
5.392999999999999794e+00,-4.714134335517883301e-01
5.394000000000000128e+00,-4.826636016368865967e-01
5.394999999999999574e+00,-4.048499166965484619e-01
5.395999999999999908e+00,-4.054749310016632080e-01
5.397000000000000242e+00,-4.311003386974334717e-01
5.397999999999999687e+00,-4.873511791229248047e-01
5.399000000000000021e+00,-7.354799509048461914e-01
5.400000000000000355e+00,-1.094860434532165527e+00
5.400999999999999801e+00,-1.287050843238830566e+00
5.402000000000000135e+00,-1.337051630020141602e+00
5.402999999999999581e+00,-1.338301658630371094e+00
5.403999999999999915e+00,-1.307988762855529785e+00
5.405000000000000249e+00,-1.212049722671508789e+00
5.405999999999999694e+00,-1.129235982894897461e+00
5.407000000000000028e+00,-1.099547982215881348e+00
5.408000000000000362e+00,-1.061734914779663086e+00
5.408999999999999808e+00,-1.025171875953674316e+00
5.410000000000000142e+00,-9.854837656021118164e-01
5.410999999999999588e+00,-9.532957673072814941e-01
5.411999999999999922e+00,-9.229828119277954102e-01
5.413000000000000256e+00,-8.870447874069213867e-01
5.413999999999999702e+00,-8.707945346832275391e-01
5.415000000000000036e+00,-7.620428800582885742e-01
5.416000000000000369e+00,-7.386050224304199219e-01
5.416999999999999815e+00,-7.386050224304199219e-01
5.418000000000000149e+00,-7.723555564880371094e-01
5.418999999999999595e+00,-7.692304849624633789e-01
5.419999999999999929e+00,-7.651679515838623047e-01
5.421000000000000263e+00,-7.876682877540588379e-01
5.421999999999999709e+00,-7.720430493354797363e-01
5.423000000000000043e+00,-7.604803442955017090e-01
5.424000000000000377e+00,-7.436050772666931152e-01
5.424999999999999822e+00,-6.767290830612182617e-01
5.426000000000000156e+00,-6.276658177375793457e-01
5.426999999999999602e+00,-6.332908868789672852e-01
5.427999999999999936e+00,-6.320409178733825684e-01
5.429000000000000270e+00,-6.307908892631530762e-01
5.429999999999999716e+00,-6.295408606529235840e-01
5.431000000000000050e+00,-6.242282986640930176e-01
5.432000000000000384e+00,-6.220407485961914062e-01
5.432999999999999829e+00,-6.161031723022460938e-01
5.434000000000000163e+00,-6.229782700538635254e-01
5.434999999999999609e+00,-5.404769778251647949e-01
5.435999999999999943e+00,-5.345394015312194824e-01
5.437000000000000277e+00,-5.567272305488586426e-01
5.437999999999999723e+00,-6.057904958724975586e-01
5.439000000000000057e+00,-6.157906651496887207e-01
5.440000000000000391e+00,-6.264157891273498535e-01
5.440999999999999837e+00,-6.582912802696228027e-01
5.442000000000000171e+00,-6.573537588119506836e-01
5.442999999999999616e+00,-6.557912826538085938e-01
5.443999999999999950e+00,-6.507911682128906250e-01
5.445000000000000284e+00,-5.898527503013610840e-01
5.445999999999999730e+00,-5.467271208763122559e-01
5.447000000000000064e+00,-5.573522448539733887e-01
5.448000000000000398e+00,-5.654773712158203125e-01
5.448999999999999844e+00,-3.145360350608825684e-01
5.450000000000000178e+00,7.390737533569335938e-02
5.450999999999999623e+00,2.389099001884460449e-01
5.451999999999999957e+00,2.929732203483581543e-01
5.453000000000000291e+00,2.907857000827789307e-01
5.453999999999999737e+00,2.510975897312164307e-01
5.455000000000000071e+00,2.851606011390686035e-01
5.456000000000000405e+00,2.417224347591400146e-01
5.456999999999999851e+00,1.654712706804275513e-01
5.458000000000000185e+00,6.015716865658760071e-02
5.458999999999999631e+00,-1.718776184134185314e-03
5.459999999999999964e+00,-5.953215807676315308e-02
5.461000000000000298e+00,-1.385958641767501831e-01
5.461999999999999744e+00,-1.710963547229766846e-01
5.463000000000000078e+00,-2.067219018936157227e-01
5.464000000000000412e+00,-2.357848435640335083e-01
5.464999999999999858e+00,-2.079719305038452148e-01
5.466000000000000192e+00,-1.932841986417770386e-01
5.466999999999999638e+00,-2.304722666740417480e-01
5.467999999999999972e+00,-2.632852792739868164e-01
5.469000000000000306e+00,-2.851606011390686035e-01
5.469999999999999751e+00,-3.048484027385711670e-01
5.471000000000000085e+00,-3.235986828804016113e-01
5.472000000000000419e+00,-3.410989642143249512e-01
5.472999999999999865e+00,-3.514116108417510986e-01
5.474000000000000199e+00,-3.754744827747344971e-01
5.474999999999999645e+00,-3.051609098911285400e-01
5.475999999999999979e+00,-3.132860362529754639e-01
5.477000000000000313e+00,-3.448490202426910400e-01
5.477999999999999758e+00,-4.104750156402587891e-01
5.479000000000000092e+00,-4.286002814769744873e-01
5.480000000000000426e+00,-4.489130973815917969e-01
5.480999999999999872e+00,-4.904762208461761475e-01
5.482000000000000206e+00,-4.948512911796569824e-01
5.482999999999999652e+00,-4.979763627052307129e-01
5.483999999999999986e+00,-5.007888674736022949e-01
5.485000000000000320e+00,-4.467255771160125732e-01
5.485999999999999766e+00,-4.057874381542205811e-01
5.487000000000000099e+00,-4.226627051830291748e-01
5.488000000000000433e+00,-4.370379149913787842e-01
5.488999999999999879e+00,-4.498506188392639160e-01
5.490000000000000213e+00,-4.539131820201873779e-01
5.490999999999999659e+00,-4.579757452011108398e-01
5.491999999999999993e+00,-4.636008143424987793e-01
5.493000000000000327e+00,-4.664133787155151367e-01
5.493999999999999773e+00,-4.723509550094604492e-01
5.495000000000000107e+00,-3.998498618602752686e-01
5.496000000000000441e+00,-3.992248475551605225e-01
5.496999999999999886e+00,-4.217251837253570557e-01
5.498000000000000220e+00,-4.811010956764221191e-01
5.498999999999999666e+00,-7.295423746109008789e-01
5.500000000000000000e+00,-1.098922967910766602e+00
5.501000000000000334e+00,-1.288925886154174805e+00
5.501999999999999780e+00,-1.340489149093627930e+00
5.503000000000000114e+00,-1.341426730155944824e+00
5.503999999999999559e+00,-1.315176367759704590e+00
5.504999999999999893e+00,-1.213924765586853027e+00
5.506000000000000227e+00,-1.131423473358154297e+00
5.506999999999999673e+00,-1.099235534667968750e+00
5.508000000000000007e+00,-1.063609957695007324e+00
5.509000000000000341e+00,-1.022984385490417480e+00
5.509999999999999787e+00,-9.879838228225708008e-01
5.511000000000000121e+00,-9.514207839965820312e-01
5.511999999999999567e+00,-9.201703071594238281e-01
5.512999999999999901e+00,-8.832947015762329102e-01
5.514000000000000234e+00,-8.686069846153259277e-01
5.514999999999999680e+00,-7.639179229736328125e-01
5.516000000000000014e+00,-7.351674437522888184e-01
5.517000000000000348e+00,-7.348549365997314453e-01
5.517999999999999794e+00,-7.732930779457092285e-01
5.519000000000000128e+00,-7.636054158210754395e-01
5.519999999999999574e+00,-7.614178657531738281e-01
5.520999999999999908e+00,-7.851682305335998535e-01
5.522000000000000242e+00,-7.670429348945617676e-01
5.522999999999999687e+00,-7.532927393913269043e-01
5.524000000000000021e+00,-7.445425987243652344e-01
5.525000000000000355e+00,-6.739165186882019043e-01
5.525999999999999801e+00,-6.245408058166503906e-01
5.527000000000000135e+00,-6.270408034324645996e-01
5.527999999999999581e+00,-6.282908320426940918e-01
5.528999999999999915e+00,-6.276658177375793457e-01
5.530000000000000249e+00,-6.267282962799072266e-01
5.530999999999999694e+00,-6.207907199859619141e-01
5.532000000000000028e+00,-6.211032271385192871e-01
5.533000000000000362e+00,-6.136031150817871094e-01
5.533999999999999808e+00,-6.173531413078308105e-01
5.535000000000000142e+00,-5.389145016670227051e-01
5.535999999999999588e+00,-5.295393466949462891e-01
5.536999999999999922e+00,-5.442270636558532715e-01
5.538000000000000256e+00,-6.061030030250549316e-01
5.538999999999999702e+00,-6.111030578613281250e-01
5.540000000000000036e+00,-6.248533129692077637e-01
5.541000000000000369e+00,-6.573537588119506836e-01
5.541999999999999815e+00,-6.551662683486938477e-01
5.543000000000000149e+00,-6.492286324501037598e-01
5.543999999999999595e+00,-6.495411396026611328e-01
5.544999999999999929e+00,-5.848526954650878906e-01
5.546000000000000263e+00,-5.445395708084106445e-01
5.546999999999999709e+00,-5.545397400856018066e-01
5.548000000000000043e+00,-5.629773139953613281e-01
5.549000000000000377e+00,-3.057859241962432861e-01
5.549999999999999822e+00,7.671991735696792603e-02
5.551000000000000156e+00,2.410974353551864624e-01
5.551999999999999602e+00,2.960982620716094971e-01
5.552999999999999936e+00,2.960982620716094971e-01
5.554000000000000270e+00,2.570351660251617432e-01
5.554999999999999716e+00,2.860981225967407227e-01
5.556000000000000050e+00,2.432849556207656860e-01
5.557000000000000384e+00,1.704713553190231323e-01
5.557999999999999829e+00,6.140718609094619751e-02
5.559000000000000163e+00,5.156328901648521423e-03
5.559999999999999609e+00,-5.640710890293121338e-02
5.560999999999999943e+00,-1.342207938432693481e-01
5.562000000000000277e+00,-1.685963273048400879e-01
5.562999999999999723e+00,-2.048468738794326782e-01
5.564000000000000057e+00,-2.342223227024078369e-01
5.565000000000000391e+00,-2.020343393087387085e-01
5.565999999999999837e+00,-1.889091283082962036e-01
5.567000000000000171e+00,-2.257846891880035400e-01
5.567999999999999616e+00,-2.579726874828338623e-01
5.568999999999999950e+00,-2.795355021953582764e-01
5.570000000000000284e+00,-3.035983741283416748e-01
5.570999999999999730e+00,-3.226611614227294922e-01
5.572000000000000064e+00,-3.382863998413085938e-01
5.573000000000000398e+00,-3.504740893840789795e-01
5.573999999999999844e+00,-3.710994124412536621e-01
5.575000000000000178e+00,-3.060984313488006592e-01
5.575999999999999623e+00,-3.104735016822814941e-01
5.576999999999999957e+00,-3.360988795757293701e-01
5.578000000000000291e+00,-4.045374095439910889e-01
5.578999999999999737e+00,-4.242252111434936523e-01
5.580000000000000071e+00,-4.414129853248596191e-01
5.581000000000000405e+00,-4.873511791229248047e-01
5.581999999999999851e+00,-4.911012351512908936e-01
5.583000000000000185e+00,-4.948512911796569824e-01
5.583999999999999631e+00,-4.976638555526733398e-01
5.584999999999999964e+00,-4.407879710197448730e-01
5.586000000000000298e+00,-4.042249321937561035e-01
5.586999999999999744e+00,-4.239127039909362793e-01
5.588000000000000078e+00,-4.386004507541656494e-01
5.589000000000000412e+00,-4.420379996299743652e-01
5.589999999999999858e+00,-4.520381391048431396e-01
5.591000000000000192e+00,-4.542256891727447510e-01
5.591999999999999638e+00,-4.620383083820343018e-01
5.592999999999999972e+00,-4.586007595062255859e-01
5.594000000000000306e+00,-4.729759693145751953e-01
5.594999999999999751e+00,-3.979748189449310303e-01
5.596000000000000085e+00,-3.954747915267944336e-01
5.597000000000000419e+00,-4.148500859737396240e-01
5.597999999999999865e+00,-4.776635468006134033e-01
5.599000000000000199e+00,-7.220422625541687012e-01
5.599999999999999645e+00,-1.087047815322875977e+00
5.600999999999999979e+00,-1.277050733566284180e+00
5.602000000000000313e+00,-1.326738953590393066e+00
5.602999999999999758e+00,-1.325801491737365723e+00
5.604000000000000092e+00,-1.298613548278808594e+00
5.605000000000000426e+00,-1.200174570083618164e+00
5.605999999999999872e+00,-1.116735816001892090e+00
5.607000000000000206e+00,-1.087360382080078125e+00
5.607999999999999652e+00,-1.048609733581542969e+00
5.608999999999999986e+00,-1.008921623229980469e+00
5.610000000000000320e+00,-9.776711463928222656e-01
5.610999999999999766e+00,-9.373580813407897949e-01
5.612000000000000099e+00,-9.092326164245605469e-01
5.613000000000000433e+00,-8.754820823669433594e-01
5.613999999999999879e+00,-8.567318320274353027e-01
5.615000000000000213e+00,-7.582927942276000977e-01
5.615999999999999659e+00,-7.254798412322998047e-01
5.616999999999999993e+00,-7.201672196388244629e-01
5.618000000000000327e+00,-7.645429372787475586e-01
5.618999999999999773e+00,-7.551677823066711426e-01
5.620000000000000107e+00,-7.536052465438842773e-01
5.621000000000000441e+00,-7.804806828498840332e-01
5.621999999999999886e+00,-7.639179229736328125e-01
5.623000000000000220e+00,-7.451676130294799805e-01
5.623999999999999666e+00,-7.392300367355346680e-01
5.625000000000000000e+00,-6.670414209365844727e-01
5.626000000000000334e+00,-6.142281293869018555e-01
5.626999999999999780e+00,-6.220407485961914062e-01
5.628000000000000114e+00,-6.236032843589782715e-01
5.628999999999999559e+00,-6.182906627655029297e-01
5.629999999999999893e+00,-6.211032271385192871e-01
5.631000000000000227e+00,-6.161031723022460938e-01
5.631999999999999673e+00,-6.139156222343444824e-01
5.633000000000000007e+00,-6.073530316352844238e-01
5.634000000000000341e+00,-6.132906079292297363e-01
5.634999999999999787e+00,-5.342268943786621094e-01
5.636000000000000121e+00,-5.239142179489135742e-01
5.636999999999999567e+00,-5.395394563674926758e-01
5.637999999999999901e+00,-6.020404100418090820e-01
5.639000000000000234e+00,-6.051654815673828125e-01
5.639999999999999680e+00,-6.145406365394592285e-01
5.641000000000000014e+00,-6.526662111282348633e-01
5.642000000000000348e+00,-6.482911705970764160e-01
5.642999999999999794e+00,-6.436035633087158203e-01
5.644000000000000128e+00,-6.414160132408142090e-01
5.644999999999999574e+00,-5.779775977134704590e-01
5.645999999999999908e+00,-5.373519659042358398e-01
5.647000000000000242e+00,-5.479770898818969727e-01
5.647999999999999687e+00,-5.573522448539733887e-01
5.649000000000000021e+00,-2.985983192920684814e-01
5.650000000000000355e+00,8.109498769044876099e-02
5.650999999999999801e+00,2.451599836349487305e-01
5.652000000000000135e+00,2.973482906818389893e-01
5.652999999999999581e+00,2.995358109474182129e-01
5.653999999999999915e+00,2.598477005958557129e-01
5.655000000000000249e+00,2.876606285572052002e-01
5.655999999999999694e+00,2.470350265502929688e-01
5.657000000000000028e+00,1.789089739322662354e-01
5.658000000000000362e+00,6.328221410512924194e-02
5.658999999999999808e+00,7.031357381492853165e-03
5.660000000000000142e+00,-5.140703544020652771e-02
5.660999999999999588e+00,-1.329707801342010498e-01
5.661999999999999922e+00,-1.642212569713592529e-01
5.663000000000000256e+00,-2.007843106985092163e-01
5.663999999999999702e+00,-2.320347875356674194e-01
5.665000000000000036e+00,-2.023468315601348877e-01
5.666000000000000369e+00,-1.854715794324874878e-01
5.666999999999999815e+00,-2.232846617698669434e-01
5.668000000000000149e+00,-2.532851099967956543e-01
5.668999999999999595e+00,-2.739104330539703369e-01
5.669999999999999929e+00,-2.982858121395111084e-01
5.671000000000000263e+00,-3.185985982418060303e-01
5.671999999999999709e+00,-3.323488235473632812e-01
5.673000000000000043e+00,-3.454740345478057861e-01
5.674000000000000377e+00,-3.645368218421936035e-01
5.674999999999999822e+00,-3.035983741283416748e-01
5.676000000000000156e+00,-3.073484301567077637e-01
5.676999999999999602e+00,-3.292237818241119385e-01
5.677999999999999936e+00,-4.051624238491058350e-01
5.679000000000000270e+00,-4.167250990867614746e-01
5.679999999999999716e+00,-4.386004507541656494e-01
5.681000000000000050e+00,-4.836011230945587158e-01
5.682000000000000384e+00,-4.861011803150177002e-01
5.682999999999999829e+00,-4.895387291908264160e-01
5.684000000000000163e+00,-4.929762780666351318e-01
5.684999999999999609e+00,-4.376629292964935303e-01
5.685999999999999943e+00,-3.970372974872589111e-01
5.687000000000000277e+00,-4.157876074314117432e-01
5.687999999999999723e+00,-4.314128458499908447e-01
5.689000000000000057e+00,-4.354754090309143066e-01
5.690000000000000391e+00,-4.445380270481109619e-01
5.690999999999999837e+00,-4.507881402969360352e-01
5.692000000000000171e+00,-4.567257165908813477e-01
5.692999999999999616e+00,-4.545381963253021240e-01
5.693999999999999950e+00,-4.686008989810943604e-01
5.695000000000000284e+00,-4.004748463630676270e-01
5.695999999999999730e+00,-3.885996937751770020e-01
5.697000000000000064e+00,-4.054749310016632080e-01
5.698000000000000398e+00,-4.748509824275970459e-01
5.698999999999999844e+00,-7.201672196388244629e-01
5.700000000000000178e+00,-1.092047929763793945e+00
5.700999999999999623e+00,-1.284863352775573730e+00
5.701999999999999957e+00,-1.332989096641540527e+00
5.703000000000000291e+00,-1.326426506042480469e+00
5.703999999999999737e+00,-1.300801157951354980e+00
5.705000000000000071e+00,-1.202987074851989746e+00
5.706000000000000405e+00,-1.118298292160034180e+00
5.706999999999999851e+00,-1.085485339164733887e+00
5.708000000000000185e+00,-1.052672266960144043e+00
5.708999999999999631e+00,-1.010484218597412109e+00
5.709999999999999964e+00,-9.757961630821228027e-01
5.711000000000000298e+00,-9.395455718040466309e-01
5.711999999999999744e+00,-9.079825878143310547e-01
5.713000000000000078e+00,-8.757945895195007324e-01
5.714000000000000412e+00,-8.561068177223205566e-01
5.714999999999999858e+00,-7.582927942276000977e-01
5.716000000000000192e+00,-7.232922911643981934e-01
5.716999999999999638e+00,-7.154796719551086426e-01
5.717999999999999972e+00,-7.645429372787475586e-01
5.719000000000000306e+00,-7.523552179336547852e-01
5.719999999999999751e+00,-7.511051893234252930e-01
5.721000000000000085e+00,-7.761055827140808105e-01
5.722000000000000419e+00,-7.607928514480590820e-01
5.722999999999999865e+00,-7.464176416397094727e-01
5.724000000000000199e+00,-7.361049652099609375e-01
5.724999999999999645e+00,-6.664164066314697266e-01
5.725999999999999979e+00,-6.126655936241149902e-01
5.727000000000000313e+00,-6.179781556129455566e-01
5.727999999999999758e+00,-6.229782700538635254e-01
5.729000000000000092e+00,-6.186031699180603027e-01
5.730000000000000426e+00,-6.176656484603881836e-01
5.730999999999999872e+00,-6.170406937599182129e-01
5.732000000000000206e+00,-6.111030578613281250e-01
5.732999999999999652e+00,-6.039154529571533203e-01
5.733999999999999986e+00,-6.117280721664428711e-01
5.735000000000000320e+00,-5.361019372940063477e-01
5.735999999999999766e+00,-5.220392346382141113e-01
5.737000000000000099e+00,-5.336018800735473633e-01
5.738000000000000433e+00,-5.967278480529785156e-01
5.738999999999999879e+00,-5.979778766632080078e-01
5.740000000000000213e+00,-6.123530864715576172e-01
5.740999999999999659e+00,-6.514161825180053711e-01
5.741999999999999993e+00,-6.448535919189453125e-01
5.743000000000000327e+00,-6.423535346984863281e-01
5.743999999999999773e+00,-6.404785513877868652e-01
5.745000000000000107e+00,-5.761025547981262207e-01
5.746000000000000441e+00,-5.329768657684326172e-01
5.746999999999999886e+00,-5.454770922660827637e-01
5.748000000000000220e+00,-5.529772043228149414e-01
5.748999999999999666e+00,-2.964107692241668701e-01
5.750000000000000000e+00,8.140749484300613403e-02
5.751000000000000334e+00,2.485975474119186401e-01
5.751999999999999780e+00,3.004733324050903320e-01
5.753000000000000114e+00,3.035983741283416748e-01
5.753999999999999559e+00,2.639102637767791748e-01
5.754999999999999893e+00,2.882856428623199463e-01
5.756000000000000227e+00,2.485975474119186401e-01
5.756999999999999673e+00,1.792214810848236084e-01
5.758000000000000007e+00,6.578225642442703247e-02
5.759000000000000341e+00,1.046890951693058014e-02
5.759999999999999787e+00,-5.171953886747360229e-02
5.761000000000000121e+00,-1.320332586765289307e-01
5.761999999999999567e+00,-1.710963547229766846e-01
5.762999999999999901e+00,-1.982842683792114258e-01
5.764000000000000234e+00,-2.295347452163696289e-01
5.764999999999999680e+00,-1.989092826843261719e-01
5.766000000000000014e+00,-1.792214810848236084e-01
5.767000000000000348e+00,-2.154720425605773926e-01
5.767999999999999794e+00,-2.517226040363311768e-01
5.769000000000000128e+00,-2.726604044437408447e-01
5.769999999999999574e+00,-2.982858121395111084e-01
5.770999999999999908e+00,-3.120360076427459717e-01
5.772000000000000242e+00,-3.317238092422485352e-01
5.772999999999999687e+00,-3.407864570617675781e-01
5.774000000000000021e+00,-3.632867932319641113e-01
5.775000000000000355e+00,-3.045358955860137939e-01
5.775999999999999801e+00,-3.004733324050903320e-01
5.777000000000000135e+00,-3.270362317562103271e-01
5.777999999999999581e+00,-3.995373547077178955e-01
5.778999999999999915e+00,-4.120375514030456543e-01
5.780000000000000249e+00,-4.364129006862640381e-01
5.780999999999999694e+00,-4.807885885238647461e-01
5.782000000000000028e+00,-4.836011230945587158e-01
5.783000000000000362e+00,-4.861011803150177002e-01
5.783999999999999808e+00,-4.889137148857116699e-01
5.785000000000000142e+00,-4.314128458499908447e-01
5.785999999999999588e+00,-3.957872986793518066e-01
5.786999999999999922e+00,-4.129750430583953857e-01
5.788000000000000256e+00,-4.279752671718597412e-01
5.788999999999999702e+00,-4.314128458499908447e-01
5.790000000000000036e+00,-4.426630139350891113e-01
5.791000000000000369e+00,-4.451630413532257080e-01
5.791999999999999815e+00,-4.517256319522857666e-01
5.793000000000000149e+00,-4.511006474494934082e-01
5.793999999999999595e+00,-4.601632654666900635e-01
5.794999999999999929e+00,-3.951622843742370605e-01
5.796000000000000263e+00,-3.842246234416961670e-01
5.796999999999999709e+00,-4.026623964309692383e-01
5.798000000000000043e+00,-4.717259407043457031e-01
5.799000000000000377e+00,-7.114170789718627930e-01
5.799999999999999822e+00,-1.077360153198242188e+00
5.801000000000000156e+00,-1.269863128662109375e+00
5.801999999999999602e+00,-1.315801382064819336e+00
5.802999999999999936e+00,-1.311426281929016113e+00
5.804000000000000270e+00,-1.287988424301147461e+00
5.804999999999999716e+00,-1.190799474716186523e+00
5.806000000000000050e+00,-1.101423025131225586e+00
5.807000000000000384e+00,-1.071110129356384277e+00
5.807999999999999829e+00,-1.037672042846679688e+00
5.809000000000000163e+00,-9.992340207099914551e-01
5.809999999999999609e+00,-9.648584723472595215e-01
5.810999999999999943e+00,-9.301704168319702148e-01
5.812000000000000277e+00,-8.995449542999267578e-01
5.812999999999999723e+00,-8.636069297790527344e-01
5.814000000000000057e+00,-8.473566770553588867e-01
5.815000000000000391e+00,-7.539177536964416504e-01
5.815999999999999837e+00,-7.132921218872070312e-01
5.817000000000000171e+00,-7.092295885086059570e-01
5.817999999999999616e+00,-7.539177536964416504e-01
5.818999999999999950e+00,-7.470426559448242188e-01
5.820000000000000284e+00,-7.429800629615783691e-01
5.820999999999999730e+00,-7.729805707931518555e-01
5.822000000000000064e+00,-7.532927393913269043e-01
5.823000000000000398e+00,-7.395425438880920410e-01
5.823999999999999844e+00,-7.289173603057861328e-01
5.825000000000000178e+00,-6.598538160324096680e-01
5.825999999999999623e+00,-6.067280173301696777e-01
5.826999999999999957e+00,-6.101655364036560059e-01
5.828000000000000291e+00,-6.148531436920166016e-01
5.828999999999999737e+00,-6.089155673980712891e-01
5.830000000000000071e+00,-6.101655364036560059e-01
5.831000000000000405e+00,-6.070405244827270508e-01
5.831999999999999851e+00,-6.048529744148254395e-01
5.833000000000000185e+00,-5.967278480529785156e-01
5.833999999999999631e+00,-6.054779887199401855e-01
5.834999999999999964e+00,-5.339143872261047363e-01
5.836000000000000298e+00,-5.126640796661376953e-01
5.836999999999999744e+00,-5.292268395423889160e-01
5.838000000000000078e+00,-5.914152860641479492e-01
5.839000000000000412e+00,-5.964153409004211426e-01
5.839999999999999858e+00,-6.076655387878417969e-01
5.841000000000000192e+00,-6.470411419868469238e-01
5.841999999999999638e+00,-6.414160132408142090e-01
5.842999999999999972e+00,-6.348534226417541504e-01
5.844000000000000306e+00,-6.345409154891967773e-01
5.844999999999999751e+00,-5.732899904251098633e-01
5.846000000000000085e+00,-5.267267823219299316e-01
5.847000000000000419e+00,-5.398519635200500488e-01
5.847999999999999865e+00,-5.476645827293395996e-01
5.849000000000000199e+00,-2.920356988906860352e-01
5.849999999999999645e+00,8.859509974718093872e-02
5.850999999999999979e+00,2.529726028442382812e-01
5.852000000000000313e+00,3.064109385013580322e-01
5.852999999999999758e+00,3.073484301567077637e-01
5.854000000000000092e+00,2.670353353023529053e-01
5.855000000000000426e+00,2.873481214046478271e-01
5.855999999999999872e+00,2.517226040363311768e-01
5.857000000000000206e+00,1.848465651273727417e-01
5.857999999999999652e+00,6.859479844570159912e-02
5.858999999999999986e+00,1.484397612512111664e-02
5.860000000000000320e+00,-4.609445482492446899e-02
5.860999999999999766e+00,-1.282832026481628418e-01
5.862000000000000099e+00,-1.629712432622909546e-01
5.863000000000000433e+00,-1.948467195034027100e-01
5.863999999999999879e+00,-2.267222106456756592e-01
5.865000000000000213e+00,-1.957842409610748291e-01
5.865999999999999659e+00,-1.754714250564575195e-01
5.866999999999999993e+00,-2.170345634222030640e-01
5.868000000000000327e+00,-2.489100545644760132e-01
5.868999999999999773e+00,-2.660978138446807861e-01
5.870000000000000107e+00,-2.926607131958007812e-01
5.871000000000000441e+00,-3.070359230041503906e-01
5.871999999999999886e+00,-3.282862603664398193e-01
5.873000000000000220e+00,-3.357863724231719971e-01
5.873999999999999666e+00,-3.579742014408111572e-01
5.875000000000000000e+00,-3.035983741283416748e-01
5.876000000000000334e+00,-2.960982620716094971e-01
5.876999999999999780e+00,-3.198486268520355225e-01
5.878000000000000114e+00,-3.964123129844665527e-01
5.878999999999999559e+00,-4.079749882221221924e-01
5.879999999999999893e+00,-4.304753243923187256e-01
5.881000000000000227e+00,-4.776635468006134033e-01
5.881999999999999673e+00,-4.829761087894439697e-01
5.883000000000000007e+00,-4.826636016368865967e-01
5.884000000000000341e+00,-4.826636016368865967e-01
5.884999999999999787e+00,-4.307878315448760986e-01
5.886000000000000121e+00,-3.895371854305267334e-01
5.886999999999999567e+00,-4.067249596118927002e-01
5.887999999999999901e+00,-4.217251837253570557e-01
5.889000000000000234e+00,-4.217251837253570557e-01
5.889999999999999680e+00,-4.367254078388214111e-01
5.891000000000000014e+00,-4.442255198955535889e-01
5.892000000000000348e+00,-4.495381116867065430e-01
5.892999999999999794e+00,-4.467255771160125732e-01
5.894000000000000128e+00,-4.570382237434387207e-01
5.894999999999999574e+00,-4.004748463630676270e-01
5.895999999999999908e+00,-3.785995244979858398e-01
5.897000000000000242e+00,-3.985998332500457764e-01
5.897999999999999687e+00,-4.648508429527282715e-01
5.899000000000000021e+00,-7.076670527458190918e-01
5.900000000000000355e+00,-1.081422805786132812e+00
5.900999999999999801e+00,-1.274238228797912598e+00
5.902000000000000135e+00,-1.321738958358764648e+00
5.902999999999999581e+00,-1.315176367759704590e+00
5.903999999999999915e+00,-1.291113495826721191e+00
5.905000000000000249e+00,-1.194236993789672852e+00
5.905999999999999694e+00,-1.100485563278198242e+00
5.907000000000000028e+00,-1.071422576904296875e+00
5.908000000000000362e+00,-1.040797114372253418e+00
5.908999999999999808e+00,-9.945464134216308594e-01
5.910000000000000142e+00,-9.648584723472595215e-01
5.910999999999999588e+00,-9.314204454421997070e-01
5.911999999999999922e+00,-9.001699686050415039e-01
5.913000000000000256e+00,-8.617318868637084961e-01
5.913999999999999702e+00,-8.417316079139709473e-01
5.915000000000000036e+00,-7.592303156852722168e-01
5.916000000000000369e+00,-7.098546028137207031e-01
5.916999999999999815e+00,-7.070420384407043457e-01
5.918000000000000149e+00,-7.557927966117858887e-01
5.918999999999999595e+00,-7.395425438880920410e-01
5.919999999999999929e+00,-7.414175868034362793e-01
5.921000000000000263e+00,-7.692304849624633789e-01
5.921999999999999709e+00,-7.511051893234252930e-01
5.923000000000000043e+00,-7.354799509048461914e-01
5.924000000000000377e+00,-7.226672768592834473e-01
5.924999999999999822e+00,-6.529787182807922363e-01
5.926000000000000156e+00,-6.020404100418090820e-01
5.926999999999999602e+00,-6.079780459403991699e-01
5.927999999999999936e+00,-6.120405793190002441e-01
5.929000000000000270e+00,-6.026654243469238281e-01
5.929999999999999716e+00,-6.051654815673828125e-01
5.931000000000000050e+00,-6.064155101776123047e-01
5.932000000000000384e+00,-6.032904386520385742e-01
5.932999999999999829e+00,-5.923528075218200684e-01
5.934000000000000163e+00,-5.998529195785522461e-01
5.934999999999999609e+00,-5.364144444465637207e-01
5.935999999999999943e+00,-5.092265009880065918e-01
5.937000000000000277e+00,-5.254767537117004395e-01
5.937999999999999723e+00,-5.873526930809020996e-01
5.939000000000000057e+00,-5.917277932167053223e-01
5.940000000000000391e+00,-6.032904386520385742e-01
5.940999999999999837e+00,-6.426660418510437012e-01
5.942000000000000171e+00,-6.379784941673278809e-01
5.942999999999999616e+00,-6.317284107208251953e-01
5.943999999999999950e+00,-6.298533678054809570e-01
5.945000000000000284e+00,-5.689149498939514160e-01
5.945999999999999730e+00,-5.232892632484436035e-01
5.947000000000000064e+00,-5.339143872261047363e-01
5.948000000000000398e+00,-5.461021065711975098e-01
5.948999999999999844e+00,-2.845355868339538574e-01
5.950000000000000178e+00,9.265766292810440063e-02
5.950999999999999623e+00,2.560976445674896240e-01
5.951999999999999957e+00,3.079734444618225098e-01
5.953000000000000291e+00,3.082859516143798828e-01
5.953999999999999737e+00,2.657853066921234131e-01
5.955000000000000071e+00,2.804730236530303955e-01
5.956000000000000405e+00,2.554726600646972656e-01
5.956999999999999851e+00,1.845340728759765625e-01
5.958000000000000185e+00,6.828229129314422607e-02
5.958999999999999631e+00,1.765652000904083252e-02
5.959999999999999964e+00,-4.328190907835960388e-02
5.961000000000000298e+00,-1.270331889390945435e-01
5.961999999999999744e+00,-1.629712432622909546e-01
5.963000000000000078e+00,-1.935967057943344116e-01
5.964000000000000412e+00,-2.239096611738204956e-01
5.964999999999999858e+00,-1.920341849327087402e-01
5.966000000000000192e+00,-1.704713553190231323e-01
5.966999999999999638e+00,-2.110969722270965576e-01
5.967999999999999972e+00,-2.432849556207656860e-01
5.969000000000000306e+00,-2.642227709293365479e-01
5.969999999999999751e+00,-2.932857275009155273e-01
5.971000000000000085e+00,-3.051609098911285400e-01
5.972000000000000419e+00,-3.242236971855163574e-01
5.972999999999999865e+00,-3.326613306999206543e-01
5.974000000000000199e+00,-3.570367097854614258e-01
5.974999999999999645e+00,-3.067234158515930176e-01
5.975999999999999979e+00,-2.879731357097625732e-01
5.977000000000000313e+00,-3.214111626148223877e-01
5.977999999999999758e+00,-3.935997486114501953e-01
5.979000000000000092e+00,-4.057874381542205811e-01
5.980000000000000426e+00,-4.279752671718597412e-01
5.980999999999999872e+00,-4.717259407043457031e-01
5.982000000000000206e+00,-4.779760539531707764e-01
5.982999999999999652e+00,-4.826636016368865967e-01
5.983999999999999986e+00,-4.804760813713073730e-01
5.985000000000000320e+00,-4.273502826690673828e-01
5.985999999999999766e+00,-3.854746222496032715e-01
5.987000000000000099e+00,-4.026623964309692383e-01
5.988000000000000433e+00,-4.201626479625701904e-01
5.988999999999999879e+00,-4.236002266407012939e-01
5.990000000000000213e+00,-4.339128732681274414e-01
5.990999999999999659e+00,-4.361003935337066650e-01
5.991999999999999993e+00,-4.426630139350891113e-01
5.993000000000000327e+00,-4.439130127429962158e-01
5.993999999999999773e+00,-4.526631534099578857e-01
5.995000000000000107e+00,-3.989123404026031494e-01
5.996000000000000441e+00,-3.767245113849639893e-01
5.996999999999999886e+00,-3.985998332500457764e-01
5.998000000000000220e+00,-4.642258286476135254e-01
5.998999999999999666e+00,-7.042294740676879883e-01
6.000000000000000000e+00,-1.068610072135925293e+00
6.001000000000000334e+00,-1.255175352096557617e+00
6.001999999999999780e+00,-1.306738734245300293e+00
6.003000000000000114e+00,-1.302676081657409668e+00
6.003999999999999559e+00,-1.273300647735595703e+00
6.004999999999999893e+00,-1.177361726760864258e+00
6.006000000000000227e+00,-1.087985396385192871e+00
6.006999999999999673e+00,-1.056109905242919922e+00
6.008000000000000007e+00,-1.027359485626220703e+00
6.009000000000000341e+00,-9.811087250709533691e-01
6.009999999999999787e+00,-9.532957673072814941e-01
6.011000000000000121e+00,-9.170452356338500977e-01
6.011999999999999567e+00,-8.867322802543640137e-01
6.012999999999999901e+00,-8.529817461967468262e-01
6.014000000000000234e+00,-8.345440030097961426e-01
6.014999999999999680e+00,-7.507926821708679199e-01
6.016000000000000014e+00,-7.007919549942016602e-01
6.017000000000000348e+00,-7.020419836044311523e-01
6.017999999999999794e+00,-7.470426559448242188e-01
6.019000000000000128e+00,-7.339174747467041016e-01
6.019999999999999574e+00,-7.304798960685729980e-01
6.020999999999999908e+00,-7.598553299903869629e-01
6.022000000000000242e+00,-7.470426559448242188e-01
6.022999999999999687e+00,-7.286048531532287598e-01
6.024000000000000021e+00,-7.151671648025512695e-01
6.025000000000000355e+00,-6.476661562919616699e-01
6.025999999999999801e+00,-5.973528623580932617e-01
6.027000000000000135e+00,-6.017279028892517090e-01
6.027999999999999581e+00,-6.076655387878417969e-01
6.028999999999999915e+00,-6.007904410362243652e-01
6.030000000000000249e+00,-6.045404672622680664e-01
6.030999999999999694e+00,-5.995404124259948730e-01
6.032000000000000028e+00,-5.995404124259948730e-01
6.033000000000000362e+00,-5.873526930809020996e-01
6.033999999999999808e+00,-5.945402979850769043e-01
6.035000000000000142e+00,-5.307893753051757812e-01
6.035999999999999588e+00,-5.042264461517333984e-01
6.036999999999999922e+00,-5.232892632484436035e-01
6.038000000000000256e+00,-5.848526954650878906e-01
6.038999999999999702e+00,-5.854777097702026367e-01
6.040000000000000036e+00,-5.957903265953063965e-01
6.041000000000000369e+00,-6.354784369468688965e-01
6.041999999999999815e+00,-6.361034512519836426e-01
6.043000000000000149e+00,-6.273533105850219727e-01
6.043999999999999595e+00,-6.223532557487487793e-01
6.044999999999999929e+00,-5.639148354530334473e-01
6.046000000000000263e+00,-5.179766416549682617e-01
6.046999999999999709e+00,-5.332893729209899902e-01
6.048000000000000043e+00,-5.414144992828369141e-01
6.049000000000000377e+00,-2.823480665683746338e-01
6.049999999999999822e+00,9.578271210193634033e-02
6.051000000000000156e+00,2.614102363586425781e-01
6.051999999999999602e+00,3.089109659194946289e-01
6.052999999999999936e+00,3.092234730720520020e-01
6.054000000000000270e+00,2.714104056358337402e-01
6.054999999999999716e+00,2.835980653762817383e-01
6.056000000000000050e+00,2.585977017879486084e-01
6.057000000000000384e+00,1.860965937376022339e-01
6.057999999999999829e+00,7.140734046697616577e-02
6.059000000000000163e+00,1.921904273331165314e-02
6.059999999999999609e+00,-4.078187048435211182e-02
6.060999999999999943e+00,-1.189080625772476196e-01
6.062000000000000277e+00,-1.604712009429931641e-01
6.062999999999999723e+00,-1.895341426134109497e-01
6.064000000000000057e+00,-2.145345211029052734e-01
6.065000000000000391e+00,-1.892216354608535767e-01
6.065999999999999837e+00,-1.710963547229766846e-01
6.067000000000000171e+00,-2.104719579219818115e-01
6.067999999999999616e+00,-2.426599562168121338e-01
6.068999999999999950e+00,-2.601602077484130859e-01
6.070000000000000284e+00,-2.879731357097625732e-01
6.070999999999999730e+00,-3.060984313488006592e-01
6.072000000000000064e+00,-3.214111626148223877e-01
6.073000000000000398e+00,-3.295362889766693115e-01
6.073999999999999844e+00,-3.510991036891937256e-01
6.075000000000000178e+00,-3.035983741283416748e-01
6.075999999999999623e+00,-2.895356714725494385e-01
6.076999999999999957e+00,-3.201611340045928955e-01
6.078000000000000291e+00,-3.895371854305267334e-01
6.078999999999999737e+00,-3.995373547077178955e-01
6.080000000000000071e+00,-4.239127039909362793e-01
6.081000000000000405e+00,-4.654758572578430176e-01
6.081999999999999851e+00,-4.757885038852691650e-01
6.083000000000000185e+00,-4.742259979248046875e-01
6.083999999999999631e+00,-4.739134907722473145e-01
6.084999999999999964e+00,-4.207876622676849365e-01
6.086000000000000298e+00,-3.835996091365814209e-01
6.086999999999999744e+00,-3.985998332500457764e-01
6.088000000000000078e+00,-4.151625931262969971e-01
6.089000000000000412e+00,-4.189126491546630859e-01
6.089999999999999858e+00,-4.289127886295318604e-01
6.091000000000000192e+00,-4.357878863811492920e-01
6.091999999999999638e+00,-4.401629567146301270e-01
6.092999999999999972e+00,-4.426630139350891113e-01
6.094000000000000306e+00,-4.476630687713623047e-01
6.094999999999999751e+00,-3.954747915267944336e-01
6.096000000000000085e+00,-3.695368766784667969e-01
6.097000000000000419e+00,-3.973498046398162842e-01
6.097999999999999865e+00,-4.604757726192474365e-01
6.099000000000000199e+00,-6.982918977737426758e-01
6.099999999999999645e+00,-1.064859986305236816e+00
6.100999999999999979e+00,-1.247987747192382812e+00
6.102000000000000313e+00,-1.299551129341125488e+00
6.102999999999999758e+00,-1.293926000595092773e+00
6.104000000000000092e+00,-1.263300538063049316e+00
6.105000000000000426e+00,-1.171424150466918945e+00
6.105999999999999872e+00,-1.082672715187072754e+00
6.107000000000000206e+00,-1.050484776496887207e+00
6.107999999999999652e+00,-1.018609285354614258e+00
6.108999999999999986e+00,-9.773586392402648926e-01
6.110000000000000320e+00,-9.486082196235656738e-01
6.110999999999999766e+00,-9.126701951026916504e-01
6.112000000000000099e+00,-8.820447325706481934e-01
6.113000000000000433e+00,-8.470441699028015137e-01
6.113999999999999879e+00,-8.261063694953918457e-01
6.115000000000000213e+00,-7.470426559448242188e-01
6.115999999999999659e+00,-6.954793334007263184e-01
6.116999999999999993e+00,-6.961043477058410645e-01
6.118000000000000327e+00,-7.401675581932067871e-01
6.118999999999999773e+00,-7.314174175262451172e-01
6.120000000000000107e+00,-7.282923460006713867e-01
6.121000000000000441e+00,-7.457926273345947266e-01
6.121999999999999886e+00,-7.439175844192504883e-01
6.123000000000000220e+00,-7.239173054695129395e-01
6.123999999999999666e+00,-7.104796171188354492e-01
6.125000000000000000e+00,-6.436035633087158203e-01
6.126000000000000334e+00,-5.904777646064758301e-01
6.126999999999999780e+00,-5.951653122901916504e-01
6.128000000000000114e+00,-6.039154529571533203e-01
6.128999999999999559e+00,-5.939152836799621582e-01
6.129999999999999893e+00,-6.001654267311096191e-01
6.131000000000000227e+00,-5.932903289794921875e-01
6.131999999999999673e+00,-5.898527503013610840e-01
6.133000000000000007e+00,-5.879777073860168457e-01
6.134000000000000341e+00,-5.882902145385742188e-01
6.134999999999999787e+00,-5.304768681526184082e-01
6.136000000000000121e+00,-4.973513484001159668e-01
6.136999999999999567e+00,-5.198516845703125000e-01
6.137999999999999901e+00,-5.792275667190551758e-01
6.139000000000000234e+00,-5.795400738716125488e-01
6.139999999999999680e+00,-5.932903289794921875e-01
6.141000000000000014e+00,-6.251657605171203613e-01
6.142000000000000348e+00,-6.314159035682678223e-01
6.142999999999999794e+00,-6.229782700538635254e-01
6.144000000000000128e+00,-6.179781556129455566e-01
6.144999999999999574e+00,-5.592272877693176270e-01
6.145999999999999908e+00,-5.148516297340393066e-01
6.147000000000000242e+00,-5.267267823219299316e-01
6.147999999999999687e+00,-5.389145016670227051e-01
6.149000000000000021e+00,-2.798480093479156494e-01
6.150000000000000355e+00,9.078263491392135620e-02
6.150999999999999801e+00,2.582851946353912354e-01
6.152000000000000135e+00,3.020358681678771973e-01
6.152999999999999581e+00,3.048484027385711670e-01
6.153999999999999915e+00,2.645352780818939209e-01
6.155000000000000249e+00,2.770354747772216797e-01
6.155999999999999694e+00,2.542226314544677734e-01
6.157000000000000028e+00,1.767214536666870117e-01
6.158000000000000362e+00,6.515724211931228638e-02
6.158999999999999808e+00,1.453147176653146744e-02
6.160000000000000142e+00,-4.421942308545112610e-02
6.160999999999999588e+00,-1.189080625772476196e-01
6.161999999999999922e+00,-1.648462712764739990e-01
6.163000000000000256e+00,-1.898466497659683228e-01
6.163999999999999702e+00,-2.185970842838287354e-01
6.165000000000000036e+00,-1.901591569185256958e-01
6.166000000000000369e+00,-1.707838624715805054e-01
6.166999999999999815e+00,-2.095344513654708862e-01
6.168000000000000149e+00,-2.429724633693695068e-01
6.168999999999999595e+00,-2.620352506637573242e-01
6.169999999999999929e+00,-2.885981500148773193e-01
6.171000000000000263e+00,-3.014108538627624512e-01
6.171999999999999709e+00,-3.198486268520355225e-01
6.173000000000000043e+00,-3.298487961292266846e-01
6.174000000000000377e+00,-3.479740619659423828e-01
6.174999999999999822e+00,-3.045358955860137939e-01
6.176000000000000156e+00,-2.879731357097625732e-01
6.176999999999999602e+00,-3.185985982418060303e-01
6.177999999999999936e+00,-3.892246782779693604e-01
6.179000000000000270e+00,-3.960998058319091797e-01
6.179999999999999716e+00,-4.217251837253570557e-01
6.181000000000000050e+00,-4.592257440090179443e-01
6.182000000000000384e+00,-4.714134335517883301e-01
6.182999999999999829e+00,-4.723509550094604492e-01
6.184000000000000163e+00,-4.692259132862091064e-01
6.184999999999999609e+00,-4.192251563072204590e-01
6.185999999999999943e+00,-3.789120316505432129e-01
6.187000000000000277e+00,-3.967247903347015381e-01
6.187999999999999723e+00,-4.120375514030456543e-01
6.189000000000000057e+00,-4.142250716686248779e-01
6.190000000000000391e+00,-4.270377755165100098e-01
6.190999999999999837e+00,-4.289127886295318604e-01
6.192000000000000171e+00,-4.357878863811492920e-01
6.192999999999999616e+00,-4.339128732681274414e-01
6.193999999999999950e+00,-4.454755485057830811e-01
6.195000000000000284e+00,-3.904747068881988525e-01
6.195999999999999730e+00,-3.664118349552154541e-01
6.197000000000000064e+00,-3.954747915267944336e-01
6.198000000000000398e+00,-4.582882523536682129e-01
6.198999999999999844e+00,-6.936043500900268555e-01
6.200000000000000178e+00,-1.059547424316406250e+00
6.200999999999999623e+00,-1.237675189971923828e+00
6.201999999999999957e+00,-1.295801043510437012e+00
6.203000000000000291e+00,-1.288613438606262207e+00
6.203999999999999737e+00,-1.257987976074218750e+00
6.205000000000000071e+00,-1.163923978805541992e+00
6.206000000000000405e+00,-1.077047705650329590e+00
6.206999999999999851e+00,-1.046422243118286133e+00
6.208000000000000185e+00,-1.016421794891357422e+00
6.208999999999999631e+00,-9.717335700988769531e-01
6.209999999999999964e+00,-9.451707005500793457e-01
6.211000000000000298e+00,-9.061076045036315918e-01
6.211999999999999744e+00,-8.729820847511291504e-01
6.213000000000000078e+00,-8.423566222190856934e-01
6.214000000000000412e+00,-8.207937479019165039e-01
6.214999999999999858e+00,-7.423550486564636230e-01
6.216000000000000192e+00,-6.882917284965515137e-01
6.216999999999999638e+00,-6.964168548583984375e-01
6.217999999999999972e+00,-7.351674437522888184e-01
6.219000000000000306e+00,-7.201672196388244629e-01
6.219999999999999751e+00,-7.229797840118408203e-01
6.221000000000000085e+00,-7.407925724983215332e-01
6.222000000000000419e+00,-7.382925152778625488e-01
6.222999999999999865e+00,-7.217297554016113281e-01
6.224000000000000199e+00,-7.017294764518737793e-01
6.224999999999999645e+00,-6.404785513877868652e-01
6.225999999999999979e+00,-5.861026644706726074e-01
6.227000000000000313e+00,-5.936028361320495605e-01
6.227999999999999758e+00,-5.973528623580932617e-01
6.229000000000000092e+00,-5.923528075218200684e-01
6.230000000000000426e+00,-5.942277908325195312e-01
6.230999999999999872e+00,-5.879777073860168457e-01
6.232000000000000206e+00,-5.886027216911315918e-01
6.232999999999999652e+00,-5.779775977134704590e-01
6.233999999999999986e+00,-5.842276811599731445e-01
6.235000000000000320e+00,-5.264142751693725586e-01
6.235999999999999766e+00,-4.911012351512908936e-01
6.237000000000000099e+00,-5.192266702651977539e-01
6.238000000000000433e+00,-5.748525261878967285e-01
6.238999999999999879e+00,-5.732899904251098633e-01
6.240000000000000213e+00,-5.892277359962463379e-01
6.240999999999999659e+00,-6.170406937599182129e-01
6.241999999999999993e+00,-6.242282986640930176e-01
6.243000000000000327e+00,-6.189156770706176758e-01
6.243999999999999773e+00,-6.139156222343444824e-01
6.245000000000000107e+00,-5.557897090911865234e-01
6.246000000000000441e+00,-5.089139938354492188e-01
6.246999999999999886e+00,-5.220392346382141113e-01
6.248000000000000220e+00,-5.348519086837768555e-01
6.248999999999999666e+00,-2.735979259014129639e-01
6.250000000000000000e+00,1.017203032970428467e-01
6.251000000000000334e+00,2.679728269577026367e-01
6.251999999999999780e+00,3.164110779762268066e-01
6.253000000000000114e+00,3.170360922813415527e-01
6.253999999999999559e+00,2.773479819297790527e-01
6.254999999999999893e+00,2.848480939865112305e-01
6.256000000000000227e+00,2.664103209972381592e-01
6.256999999999999673e+00,1.848465651273727417e-01
6.258000000000000007e+00,7.171984761953353882e-02
6.259000000000000341e+00,2.609414793550968170e-02
6.259999999999999787e+00,-3.671931102871894836e-02
6.261000000000000121e+00,-1.060953661799430847e-01
6.261999999999999567e+00,-1.532835960388183594e-01
6.262999999999999901e+00,-1.807840019464492798e-01
6.264000000000000234e+00,-2.110969722270965576e-01
6.264999999999999680e+00,-1.826590299606323242e-01
6.266000000000000014e+00,-1.632837355136871338e-01
6.267000000000000348e+00,-2.014093250036239624e-01
6.267999999999999794e+00,-2.370348721742630005e-01
6.269000000000000128e+00,-2.573476731777191162e-01
6.269999999999999574e+00,-2.785980105400085449e-01
6.270999999999999908e+00,-2.945357561111450195e-01
6.272000000000000242e+00,-3.135985434055328369e-01
6.272999999999999687e+00,-3.210986554622650146e-01
6.274000000000000021e+00,-3.404739499092102051e-01
6.275000000000000355e+00,-2.998483180999755859e-01
6.275999999999999801e+00,-2.760979533195495605e-01
6.277000000000000135e+00,-3.176611065864562988e-01
6.277999999999999581e+00,-3.848496079444885254e-01
6.278999999999999915e+00,-3.917247354984283447e-01
6.280000000000000249e+00,-4.132875502109527588e-01
6.280999999999999694e+00,-4.476630687713623047e-01
6.282000000000000028e+00,-4.670383632183074951e-01
6.283000000000000362e+00,-4.654758572578430176e-01
6.283999999999999808e+00,-4.651633501052856445e-01
6.285000000000000142e+00,-4.123500287532806396e-01
6.285999999999999588e+00,-3.717244267463684082e-01
6.286999999999999922e+00,-3.892246782779693604e-01
6.288000000000000256e+00,-4.092249870300292969e-01
6.288999999999999702e+00,-4.107875227928161621e-01
6.290000000000000036e+00,-4.226627051830291748e-01
6.291000000000000369e+00,-4.229752123355865479e-01
6.291999999999999815e+00,-4.311003386974334717e-01
6.293000000000000149e+00,-4.282877743244171143e-01
6.293999999999999595e+00,-4.404754638671875000e-01
6.294999999999999929e+00,-3.901621997356414795e-01
6.296000000000000263e+00,-3.589117228984832764e-01
6.296999999999999709e+00,-3.939122557640075684e-01
6.298000000000000043e+00,-4.557881951332092285e-01
6.299000000000000377e+00,-6.886042356491088867e-01
6.299999999999999822e+00,-1.052047252655029297e+00
6.301000000000000156e+00,-1.227987527847290039e+00
6.301999999999999602e+00,-1.291738510131835938e+00
6.302999999999999936e+00,-1.283300876617431641e+00
6.304000000000000270e+00,-1.252050399780273438e+00
6.304999999999999716e+00,-1.154236316680908203e+00
6.306000000000000050e+00,-1.068610072135925293e+00
6.307000000000000384e+00,-1.037984609603881836e+00
6.307999999999999829e+00,-1.009234189987182617e+00
6.309000000000000163e+00,-9.654834866523742676e-01
6.309999999999999609e+00,-9.345455169677734375e-01
6.310999999999999943e+00,-9.001699686050415039e-01
6.312000000000000277e+00,-8.698570132255554199e-01
6.312999999999999723e+00,-8.379815220832824707e-01
6.314000000000000057e+00,-8.145436644554138184e-01
6.315000000000000391e+00,-7.357924580574035645e-01
6.315999999999999837e+00,-6.801666021347045898e-01
6.317000000000000171e+00,-6.961043477058410645e-01
6.317999999999999616e+00,-7.307924032211303711e-01
6.318999999999999950e+00,-7.126671075820922852e-01
6.320000000000000284e+00,-7.173547148704528809e-01
6.320999999999999730e+00,-7.282923460006713867e-01
6.322000000000000064e+00,-7.311049103736877441e-01
6.323000000000000398e+00,-7.136046290397644043e-01
6.323999999999999844e+00,-6.992294192314147949e-01
6.325000000000000178e+00,-6.326659321784973145e-01
6.325999999999999623e+00,-5.829776525497436523e-01
6.326999999999999957e+00,-5.854777097702026367e-01
6.328000000000000291e+00,-5.954778194427490234e-01
6.328999999999999737e+00,-5.845401883125305176e-01
6.330000000000000071e+00,-5.898527503013610840e-01
6.331000000000000405e+00,-5.811026096343994141e-01
6.331999999999999851e+00,-5.817276239395141602e-01
6.333000000000000185e+00,-5.754775404930114746e-01
6.333999999999999631e+00,-5.767275691032409668e-01
6.334999999999999964e+00,-5.248517394065856934e-01
6.336000000000000298e+00,-4.861011803150177002e-01
6.336999999999999744e+00,-5.170391201972961426e-01
6.338000000000000078e+00,-5.698524713516235352e-01
6.339000000000000412e+00,-5.711024403572082520e-01
6.339999999999999858e+00,-5.836026668548583984e-01
6.341000000000000192e+00,-6.082905530929565430e-01
6.341999999999999638e+00,-6.236032843589782715e-01
6.342999999999999972e+00,-6.132906079292297363e-01
6.344000000000000306e+00,-6.095405220985412598e-01
6.344999999999999751e+00,-5.511021614074707031e-01
6.346000000000000085e+00,-5.045389533042907715e-01
6.347000000000000419e+00,-5.189141631126403809e-01
6.347999999999999865e+00,-5.301643610000610352e-01
6.349000000000000199e+00,-2.704728841781616211e-01
6.349999999999999645e+00,1.073453873395919800e-01
6.350999999999999979e+00,2.726604044437408447e-01
6.352000000000000313e+00,3.232861757278442383e-01
6.352999999999999758e+00,3.173485994338989258e-01
6.354000000000000092e+00,2.792230248451232910e-01
6.355000000000000426e+00,2.873481214046478271e-01
6.355999999999999872e+00,2.698478698730468750e-01
6.357000000000000206e+00,1.832840442657470703e-01
6.357999999999999652e+00,7.546990364789962769e-02
6.358999999999999986e+00,3.046921454370021820e-02
6.360000000000000320e+00,-3.546928986907005310e-02
6.360999999999999766e+00,-9.922026097774505615e-02
6.362000000000000099e+00,-1.535960882902145386e-01
6.363000000000000433e+00,-1.807840019464492798e-01
6.363999999999999879e+00,-2.089094370603561401e-01
6.365000000000000213e+00,-1.792214810848236084e-01
6.365999999999999659e+00,-1.595336794853210449e-01
6.366999999999999993e+00,-1.973467618227005005e-01
6.368000000000000327e+00,-2.314097881317138672e-01
6.368999999999999773e+00,-2.489100545644760132e-01
6.370000000000000107e+00,-2.773479819297790527e-01
6.371000000000000441e+00,-2.910981774330139160e-01
6.371999999999999886e+00,-3.089109659194946289e-01
6.373000000000000220e+00,-3.207861483097076416e-01
6.373999999999999666e+00,-3.382863998413085938e-01
6.375000000000000000e+00,-2.989107966423034668e-01
6.376000000000000334e+00,-2.726604044437408447e-01
6.376999999999999780e+00,-3.151610493659973145e-01
6.378000000000000114e+00,-3.785995244979858398e-01
6.378999999999999559e+00,-3.864121437072753906e-01
6.379999999999999893e+00,-4.120375514030456543e-01
6.381000000000000227e+00,-4.420379996299743652e-01
6.381999999999999673e+00,-4.651633501052856445e-01
6.383000000000000007e+00,-4.632883071899414062e-01
6.384000000000000341e+00,-4.611007869243621826e-01
6.384999999999999787e+00,-4.092249870300292969e-01
6.386000000000000121e+00,-3.695368766784667969e-01
6.386999999999999567e+00,-3.839121162891387939e-01
6.387999999999999901e+00,-4.032874107360839844e-01
6.389000000000000234e+00,-4.054749310016632080e-01
6.389999999999999680e+00,-4.157876074314117432e-01
6.391000000000000014e+00,-4.157876074314117432e-01
6.392000000000000348e+00,-4.264127612113952637e-01
6.392999999999999794e+00,-4.273502826690673828e-01
6.394000000000000128e+00,-4.345378875732421875e-01
6.394999999999999574e+00,-3.873496651649475098e-01
6.395999999999999908e+00,-3.529741466045379639e-01
6.397000000000000242e+00,-3.914122283458709717e-01
6.397999999999999687e+00,-4.489130973815917969e-01
6.399000000000000021e+00,-6.882917284965515137e-01
6.400000000000000355e+00,-1.054859876632690430e+00
6.400999999999999801e+00,-1.225487470626831055e+00
6.402000000000000135e+00,-1.290800929069519043e+00
6.402999999999999581e+00,-1.286738395690917969e+00
6.403999999999999915e+00,-1.256737947463989258e+00
6.405000000000000249e+00,-1.158611416816711426e+00
6.405999999999999694e+00,-1.069235086441040039e+00
6.407000000000000028e+00,-1.037047028541564941e+00
6.408000000000000362e+00,-1.010171651840209961e+00
6.408999999999999808e+00,-9.676710367202758789e-01
6.410000000000000142e+00,-9.354830384254455566e-01
6.410999999999999588e+00,-8.989199399948120117e-01
6.411999999999999922e+00,-8.686069846153259277e-01
6.413000000000000256e+00,-8.376690149307250977e-01
6.413999999999999702e+00,-8.142311573028564453e-01
6.415000000000000036e+00,-7.404800653457641602e-01
6.416000000000000369e+00,-6.801666021347045898e-01
6.416999999999999815e+00,-6.932918429374694824e-01
6.418000000000000149e+00,-7.311049103736877441e-01
6.418999999999999595e+00,-7.136046290397644043e-01
6.419999999999999929e+00,-7.139171361923217773e-01
6.421000000000000263e+00,-7.248548269271850586e-01
6.421999999999999709e+00,-7.329799532890319824e-01
6.423000000000000043e+00,-7.092295885086059570e-01
6.424000000000000377e+00,-6.998544335365295410e-01
6.424999999999999822e+00,-6.301658749580383301e-01
6.426000000000000156e+00,-5.761025547981262207e-01
6.426999999999999602e+00,-5.836026668548583984e-01
6.427999999999999936e+00,-5.889152288436889648e-01
6.429000000000000270e+00,-5.845401883125305176e-01
6.429999999999999716e+00,-5.857902169227600098e-01
6.431000000000000050e+00,-5.804775953292846680e-01
6.432000000000000384e+00,-5.814151167869567871e-01
6.432999999999999829e+00,-5.723524689674377441e-01
6.434000000000000163e+00,-5.761025547981262207e-01
6.434999999999999609e+00,-5.239142179489135742e-01
6.435999999999999943e+00,-4.845386445522308350e-01
6.437000000000000277e+00,-5.170391201972961426e-01
6.437999999999999723e+00,-5.676649212837219238e-01
6.439000000000000057e+00,-5.657898783683776855e-01
6.440000000000000391e+00,-5.829776525497436523e-01
6.440999999999999837e+00,-6.036029458045959473e-01
6.442000000000000171e+00,-6.211032271385192871e-01
6.442999999999999616e+00,-6.111030578613281250e-01
6.443999999999999950e+00,-6.064155101776123047e-01
6.445000000000000284e+00,-5.489146113395690918e-01
6.445999999999999730e+00,-5.001638531684875488e-01
6.447000000000000064e+00,-5.164141058921813965e-01
6.448000000000000398e+00,-5.279768109321594238e-01
6.448999999999999844e+00,-2.664103209972381592e-01
6.450000000000000178e+00,1.095329225063323975e-01
6.450999999999999623e+00,2.742229402065277100e-01
6.451999999999999957e+00,3.223486542701721191e-01
6.453000000000000291e+00,3.157860636711120605e-01
6.453999999999999737e+00,2.820355594158172607e-01
6.455000000000000071e+00,2.867231369018554688e-01
6.456000000000000405e+00,2.701603770256042480e-01
6.456999999999999851e+00,1.820340305566787720e-01
6.458000000000000185e+00,7.671991735696792603e-02
6.458999999999999631e+00,3.046921454370021820e-02
6.459999999999999964e+00,-3.109422512352466583e-02
6.461000000000000298e+00,-9.672022610902786255e-02
6.461999999999999744e+00,-1.510960608720779419e-01
6.463000000000000078e+00,-1.782839745283126831e-01
6.464000000000000412e+00,-2.079719305038452148e-01
6.464999999999999858e+00,-1.767214536666870117e-01
6.466000000000000192e+00,-1.570336520671844482e-01
6.466999999999999638e+00,-1.948467195034027100e-01
6.467999999999999972e+00,-2.301597595214843750e-01
6.469000000000000306e+00,-2.479725331068038940e-01
6.469999999999999751e+00,-2.748479545116424561e-01
6.471000000000000085e+00,-2.889106571674346924e-01
6.472000000000000419e+00,-3.092234730720520020e-01
6.472999999999999865e+00,-3.185985982418060303e-01
6.474000000000000199e+00,-3.339113593101501465e-01
6.474999999999999645e+00,-2.970357835292816162e-01
6.475999999999999979e+00,-2.698478698730468750e-01
6.477000000000000313e+00,-3.167235851287841797e-01
6.477999999999999758e+00,-3.770369887351989746e-01
6.479000000000000092e+00,-3.845371305942535400e-01
6.480000000000000426e+00,-4.070374667644500732e-01
6.480999999999999872e+00,-4.326628446578979492e-01
6.482000000000000206e+00,-4.626633226871490479e-01
6.482999999999999652e+00,-4.567257165908813477e-01
6.483999999999999986e+00,-4.611007869243621826e-01
6.485000000000000320e+00,-4.076624810695648193e-01
6.485999999999999766e+00,-3.623492717742919922e-01
6.487000000000000099e+00,-3.820370733737945557e-01
6.488000000000000433e+00,-3.998498618602752686e-01
6.488999999999999879e+00,-4.023498892784118652e-01
6.490000000000000213e+00,-4.148500859737396240e-01
6.490999999999999659e+00,-4.151625931262969971e-01
6.491999999999999993e+00,-4.232877194881439209e-01
6.493000000000000327e+00,-4.226627051830291748e-01
6.493999999999999773e+00,-4.314128458499908447e-01
6.495000000000000107e+00,-3.848496079444885254e-01
6.496000000000000441e+00,-3.476615548133850098e-01
6.496999999999999886e+00,-3.876621723175048828e-01
6.498000000000000220e+00,-4.436005055904388428e-01
6.498999999999999666e+00,-6.773540973663330078e-01
6.500000000000000000e+00,-1.040484666824340820e+00
6.501000000000000334e+00,-1.209549665451049805e+00
6.501999999999999780e+00,-1.278300762176513672e+00
6.503000000000000114e+00,-1.267363071441650391e+00
6.503999999999999559e+00,-1.240487694740295410e+00
6.504999999999999893e+00,-1.143923759460449219e+00
6.506000000000000227e+00,-1.054859876632690430e+00
6.506999999999999673e+00,-1.026421904563903809e+00
6.508000000000000007e+00,-9.932963848114013672e-01
6.509000000000000341e+00,-9.539207816123962402e-01
6.509999999999999787e+00,-9.226703047752380371e-01
6.511000000000000121e+00,-8.839197158813476562e-01
6.511999999999999567e+00,-8.601693511009216309e-01
6.512999999999999901e+00,-8.251688480377197266e-01
6.514000000000000234e+00,-8.036060333251953125e-01
6.514999999999999680e+00,-7.317299246788024902e-01
6.516000000000000014e+00,-6.692289710044860840e-01
6.517000000000000348e+00,-6.851667165756225586e-01
6.517999999999999794e+00,-7.195422053337097168e-01
6.519000000000000128e+00,-7.042294740676879883e-01
6.519999999999999574e+00,-7.064170241355895996e-01
6.520999999999999908e+00,-7.142296433448791504e-01
6.522000000000000242e+00,-7.198547124862670898e-01
6.522999999999999687e+00,-7.064170241355895996e-01
6.524000000000000021e+00,-6.926668286323547363e-01
6.525000000000000355e+00,-6.251657605171203613e-01
6.525999999999999801e+00,-5.695399641990661621e-01
6.527000000000000135e+00,-5.776650905609130859e-01
6.527999999999999581e+00,-5.867276787757873535e-01
6.528999999999999915e+00,-5.754775404930114746e-01
6.530000000000000249e+00,-5.804775953292846680e-01
6.530999999999999694e+00,-5.729774832725524902e-01
6.532000000000000028e+00,-5.745400190353393555e-01
6.533000000000000362e+00,-5.664148926734924316e-01
6.533999999999999808e+00,-5.707899332046508789e-01
6.535000000000000142e+00,-5.217267274856567383e-01
6.535999999999999588e+00,-4.776635468006134033e-01
6.536999999999999922e+00,-5.114140510559082031e-01
6.538000000000000256e+00,-5.626648068428039551e-01
6.538999999999999702e+00,-5.601648092269897461e-01
6.540000000000000036e+00,-5.751650333404541016e-01
6.541000000000000369e+00,-5.967278480529785156e-01
6.541999999999999815e+00,-6.132906079292297363e-01
6.543000000000000149e+00,-6.076655387878417969e-01
6.543999999999999595e+00,-6.057904958724975586e-01
6.544999999999999929e+00,-5.432895421981811523e-01
6.546000000000000263e+00,-4.948512911796569824e-01
6.546999999999999709e+00,-5.070390105247497559e-01
6.548000000000000043e+00,-5.214142203330993652e-01
6.549000000000000377e+00,-2.595352232456207275e-01
6.549999999999999822e+00,1.151580065488815308e-01
6.551000000000000156e+00,2.773479819297790527e-01
6.551999999999999602e+00,3.251612186431884766e-01
6.552999999999999936e+00,3.210986554622650146e-01
6.554000000000000270e+00,2.823480665683746338e-01
6.554999999999999716e+00,2.867231369018554688e-01
6.556000000000000050e+00,2.760979533195495605e-01
6.557000000000000384e+00,1.860965937376022339e-01
6.557999999999999829e+00,7.890745252370834351e-02
6.559000000000000163e+00,3.515678644180297852e-02
6.559999999999999609e+00,-2.859418652951717377e-02
6.560999999999999943e+00,-9.140764176845550537e-02
6.562000000000000277e+00,-1.489085257053375244e-01
6.562999999999999723e+00,-1.789089739322662354e-01
6.564000000000000057e+00,-2.079719305038452148e-01
6.565000000000000391e+00,-1.742214113473892212e-01
6.565999999999999837e+00,-1.520335674285888672e-01
6.567000000000000171e+00,-1.882841289043426514e-01
6.567999999999999616e+00,-2.273472249507904053e-01
6.568999999999999950e+00,-2.451599836349487305e-01
6.570000000000000284e+00,-2.698478698730468750e-01
6.570999999999999730e+00,-2.839105725288391113e-01
6.572000000000000064e+00,-3.039108812808990479e-01
6.573000000000000398e+00,-3.126610219478607178e-01
6.573999999999999844e+00,-3.307862877845764160e-01
6.575000000000000178e+00,-2.954732477664947510e-01
6.575999999999999623e+00,-2.664103209972381592e-01
6.576999999999999957e+00,-3.089109659194946289e-01
6.578000000000000291e+00,-3.710994124412536621e-01
6.578999999999999737e+00,-3.779745101928710938e-01
6.580000000000000071e+00,-4.035999178886413574e-01
6.581000000000000405e+00,-4.292252957820892334e-01
6.581999999999999851e+00,-4.576632380485534668e-01
6.583000000000000185e+00,-4.545381963253021240e-01
6.583999999999999631e+00,-4.589132666587829590e-01
6.584999999999999964e+00,-4.020373821258544922e-01
6.586000000000000298e+00,-3.592242300510406494e-01
6.586999999999999744e+00,-3.779745101928710938e-01
6.588000000000000078e+00,-3.957872986793518066e-01
6.589000000000000412e+00,-3.992248475551605225e-01
6.589999999999999858e+00,-4.095374941825866699e-01
6.591000000000000192e+00,-4.111000299453735352e-01
6.591999999999999638e+00,-4.198501706123352051e-01
6.592999999999999972e+00,-4.182876348495483398e-01
6.594000000000000306e+00,-4.248502254486083984e-01
6.594999999999999751e+00,-3.820370733737945557e-01
6.596000000000000085e+00,-3.442240059375762939e-01
6.597000000000000419e+00,-3.814120590686798096e-01
6.597999999999999865e+00,-4.379754364490509033e-01
6.599000000000000199e+00,-6.761040687561035156e-01
6.599999999999999645e+00,-1.042984724044799805e+00
6.600999999999999979e+00,-1.212049722671508789e+00
6.602000000000000313e+00,-1.280488252639770508e+00
6.602999999999999758e+00,-1.272988200187683105e+00
6.604000000000000092e+00,-1.246425271034240723e+00
6.605000000000000426e+00,-1.144236207008361816e+00
6.605999999999999872e+00,-1.057672381401062012e+00
6.607000000000000206e+00,-1.028296947479248047e+00
6.607999999999999652e+00,-9.957964420318603516e-01
6.608999999999999986e+00,-9.536082744598388672e-01
6.610000000000000320e+00,-9.229828119277954102e-01
6.610999999999999766e+00,-8.839197158813476562e-01
6.612000000000000099e+00,-8.589193820953369141e-01
6.613000000000000433e+00,-8.251688480377197266e-01
6.613999999999999879e+00,-8.051685094833374023e-01
6.615000000000000213e+00,-7.326674461364746094e-01
6.615999999999999659e+00,-6.673539280891418457e-01
6.616999999999999993e+00,-6.836041808128356934e-01
6.618000000000000327e+00,-7.207922339439392090e-01
6.618999999999999773e+00,-7.042294740676879883e-01
6.620000000000000107e+00,-7.064170241355895996e-01
6.621000000000000441e+00,-7.086045742034912109e-01
6.621999999999999886e+00,-7.217297554016113281e-01
6.623000000000000220e+00,-7.007919549942016602e-01
6.623999999999999666e+00,-6.945418715476989746e-01
6.625000000000000000e+00,-6.232907772064208984e-01
6.626000000000000334e+00,-5.676649212837219238e-01
6.626999999999999780e+00,-5.720399618148803711e-01
6.628000000000000114e+00,-5.804775953292846680e-01
6.628999999999999559e+00,-5.739150047302246094e-01
6.629999999999999893e+00,-5.770400762557983398e-01
6.631000000000000227e+00,-5.695399641990661621e-01
6.631999999999999673e+00,-5.714149475097656250e-01
6.633000000000000007e+00,-5.642273426055908203e-01
6.634000000000000341e+00,-5.642273426055908203e-01
6.634999999999999787e+00,-5.173516273498535156e-01
6.636000000000000121e+00,-4.739134907722473145e-01
6.636999999999999567e+00,-5.095390081405639648e-01
6.637999999999999901e+00,-5.582897663116455078e-01
6.639000000000000234e+00,-5.570397377014160156e-01
6.639999999999999680e+00,-5.736024975776672363e-01
6.641000000000000014e+00,-5.911027789115905762e-01
6.642000000000000348e+00,-6.126655936241149902e-01
6.642999999999999794e+00,-6.020404100418090820e-01
6.644000000000000128e+00,-6.057904958724975586e-01
6.644999999999999574e+00,-5.379769802093505859e-01
6.645999999999999908e+00,-4.926637709140777588e-01
6.647000000000000242e+00,-5.054764747619628906e-01
6.647999999999999687e+00,-5.173516273498535156e-01
6.649000000000000021e+00,-2.617227435111999512e-01
6.650000000000000355e+00,1.179705485701560974e-01
6.650999999999999801e+00,2.835980653762817383e-01
6.652000000000000135e+00,3.257862329483032227e-01
6.652999999999999581e+00,3.220361769199371338e-01
6.653999999999999915e+00,2.854731082916259766e-01
6.655000000000000249e+00,2.814105451107025146e-01
6.655999999999999694e+00,2.757854461669921875e-01
6.657000000000000028e+00,1.845340728759765625e-01
6.658000000000000362e+00,8.234500885009765625e-02
6.658999999999999808e+00,3.390676900744438171e-02
6.660000000000000142e+00,-2.671915851533412933e-02
6.660999999999999588e+00,-8.547005057334899902e-02
6.661999999999999922e+00,-1.545336097478866577e-01
6.663000000000000256e+00,-1.785964816808700562e-01
6.663999999999999702e+00,-2.101594507694244385e-01
6.665000000000000036e+00,-1.739089041948318481e-01
6.666000000000000369e+00,-1.542211025953292847e-01
6.666999999999999815e+00,-1.882841289043426514e-01
6.668000000000000149e+00,-2.264097034931182861e-01
6.668999999999999595e+00,-2.414099276065826416e-01
6.669999999999999929e+00,-2.676603198051452637e-01
6.671000000000000263e+00,-2.782855033874511719e-01
6.671999999999999709e+00,-3.007858395576477051e-01
6.673000000000000043e+00,-3.135985434055328369e-01
6.674000000000000377e+00,-3.301612734794616699e-01
6.674999999999999822e+00,-2.948482632637023926e-01
6.676000000000000156e+00,-2.610977292060852051e-01
6.676999999999999602e+00,-3.067234158515930176e-01
6.677999999999999936e+00,-3.667243421077728271e-01
6.679000000000000270e+00,-3.751619756221771240e-01
6.679999999999999716e+00,-3.989123404026031494e-01
6.681000000000000050e+00,-4.229752123355865479e-01
6.682000000000000384e+00,-4.532881677150726318e-01
6.682999999999999829e+00,-4.504756331443786621e-01
6.684000000000000163e+00,-4.586007595062255859e-01
6.684999999999999609e+00,-4.001623690128326416e-01
6.685999999999999943e+00,-3.554741740226745605e-01
6.687000000000000277e+00,-3.760994970798492432e-01
6.687999999999999723e+00,-3.939122557640075684e-01
6.689000000000000057e+00,-3.932872414588928223e-01
6.690000000000000391e+00,-4.051624238491058350e-01
6.690999999999999837e+00,-4.070374667644500732e-01
6.692000000000000171e+00,-4.195376634597778320e-01
6.692999999999999616e+00,-4.148500859737396240e-01
6.693999999999999950e+00,-4.232877194881439209e-01
6.695000000000000284e+00,-3.820370733737945557e-01
6.695999999999999730e+00,-3.401614427566528320e-01
6.697000000000000064e+00,-3.789120316505432129e-01
6.698000000000000398e+00,-4.326628446578979492e-01
6.698999999999999844e+00,-6.692289710044860840e-01
6.700000000000000178e+00,-1.032047033309936523e+00
6.700999999999999623e+00,-1.197362065315246582e+00
6.701999999999999957e+00,-1.269550681114196777e+00
6.703000000000000291e+00,-1.255175352096557617e+00
6.703999999999999737e+00,-1.233925104141235352e+00
6.705000000000000071e+00,-1.132986068725585938e+00
6.706000000000000405e+00,-1.040172100067138672e+00
6.706999999999999851e+00,-1.012046694755554199e+00
6.708000000000000185e+00,-9.820462465286254883e-01
6.708999999999999631e+00,-9.407956004142761230e-01
6.709999999999999964e+00,-9.117326736450195312e-01
6.711000000000000298e+00,-8.711070418357849121e-01
6.711999999999999744e+00,-8.476691842079162598e-01
6.713000000000000078e+00,-8.151686787605285645e-01
6.714000000000000412e+00,-7.923558354377746582e-01
6.714999999999999858e+00,-7.232922911643981934e-01
6.716000000000000192e+00,-6.573537588119506836e-01
6.716999999999999638e+00,-6.761040687561035156e-01
6.717999999999999972e+00,-7.092295885086059570e-01
6.719000000000000306e+00,-6.914168000221252441e-01
6.719999999999999751e+00,-6.995419263839721680e-01
6.721000000000000085e+00,-7.026669979095458984e-01
6.722000000000000419e+00,-7.154796719551086426e-01
6.722999999999999865e+00,-6.939168572425842285e-01
6.724000000000000199e+00,-6.911042928695678711e-01
6.724999999999999645e+00,-6.157906651496887207e-01
6.725999999999999979e+00,-5.601648092269897461e-01
6.727000000000000313e+00,-5.679774284362792969e-01
6.727999999999999758e+00,-5.757900476455688477e-01
6.729000000000000092e+00,-5.704774260520935059e-01
6.730000000000000426e+00,-5.704774260520935059e-01
6.730999999999999872e+00,-5.639148354530334473e-01
6.732000000000000206e+00,-5.661023855209350586e-01
6.732999999999999652e+00,-5.570397377014160156e-01
6.733999999999999986e+00,-5.632898211479187012e-01
6.735000000000000320e+00,-5.164141058921813965e-01
6.735999999999999766e+00,-4.667258858680725098e-01
6.737000000000000099e+00,-5.048514604568481445e-01
6.738000000000000433e+00,-5.529772043228149414e-01
6.738999999999999879e+00,-5.495396256446838379e-01
6.740000000000000213e+00,-5.639148354530334473e-01
6.740999999999999659e+00,-5.826651453971862793e-01
6.741999999999999993e+00,-6.070405244827270508e-01
6.743000000000000327e+00,-6.004779338836669922e-01
6.743999999999999773e+00,-6.051654815673828125e-01
6.745000000000000107e+00,-5.361019372940063477e-01
6.746000000000000441e+00,-4.864136576652526855e-01
6.746999999999999886e+00,-4.992263615131378174e-01
6.748000000000000220e+00,-5.117265582084655762e-01
6.748999999999999666e+00,-2.545351386070251465e-01
6.750000000000000000e+00,1.223456189036369324e-01
6.751000000000000334e+00,2.860981225967407227e-01
6.751999999999999780e+00,3.279737532138824463e-01
6.753000000000000114e+00,3.267237246036529541e-01
6.753999999999999559e+00,2.870356440544128418e-01
6.754999999999999893e+00,2.848480939865112305e-01
6.756000000000000227e+00,2.801605165004730225e-01
6.756999999999999673e+00,1.885966211557388306e-01
6.758000000000000007e+00,8.765758574008941650e-02
6.759000000000000341e+00,3.421927243471145630e-02
6.759999999999999787e+00,-2.390661463141441345e-02
6.761000000000000121e+00,-8.515755087137222290e-02
6.761999999999999567e+00,-1.476584970951080322e-01
6.762999999999999901e+00,-1.723463833332061768e-01
6.764000000000000234e+00,-2.089094370603561401e-01
6.764999999999999680e+00,-1.685963273048400879e-01
6.766000000000000014e+00,-1.485960185527801514e-01
6.767000000000000348e+00,-1.857840865850448608e-01
6.767999999999999794e+00,-2.198470979928970337e-01
6.769000000000000128e+00,-2.407849282026290894e-01
6.769999999999999574e+00,-2.660978138446807861e-01
6.770999999999999908e+00,-2.764104604721069336e-01
6.772000000000000242e+00,-2.985983192920684814e-01
6.772999999999999687e+00,-3.082859516143798828e-01
6.774000000000000021e+00,-3.248487114906311035e-01
6.775000000000000355e+00,-2.920356988906860352e-01
6.775999999999999801e+00,-2.589102089405059814e-01
6.777000000000000135e+00,-3.020358681678771973e-01
6.777999999999999581e+00,-3.620367646217346191e-01
6.778999999999999915e+00,-3.720369338989257812e-01
6.780000000000000249e+00,-3.960998058319091797e-01
6.780999999999999694e+00,-4.217251837253570557e-01
6.782000000000000028e+00,-4.479755759239196777e-01
6.783000000000000362e+00,-4.461005628108978271e-01
6.783999999999999808e+00,-4.536006748676300049e-01
6.785000000000000142e+00,-3.964123129844665527e-01
6.785999999999999588e+00,-3.517241179943084717e-01
6.786999999999999922e+00,-3.692243695259094238e-01
6.788000000000000256e+00,-3.892246782779693604e-01
6.788999999999999702e+00,-3.907872140407562256e-01
6.790000000000000036e+00,-4.017248749732971191e-01
6.791000000000000369e+00,-4.017248749732971191e-01
6.791999999999999815e+00,-4.132875502109527588e-01
6.793000000000000149e+00,-4.126625359058380127e-01
6.793999999999999595e+00,-4.164125919342041016e-01
6.794999999999999929e+00,-3.807870745658874512e-01
6.796000000000000263e+00,-3.345363438129425049e-01
6.796999999999999709e+00,-3.742244541645050049e-01
6.798000000000000043e+00,-4.279752671718597412e-01
6.799000000000000377e+00,-6.657913923263549805e-01
6.799999999999999822e+00,-1.035172104835510254e+00
6.801000000000000156e+00,-1.198924541473388672e+00
6.801999999999999602e+00,-1.271738171577453613e+00
6.802999999999999936e+00,-1.259238004684448242e+00
6.804000000000000270e+00,-1.239550113677978516e+00
6.804999999999999716e+00,-1.136423587799072266e+00
6.806000000000000050e+00,-1.040797114372253418e+00
6.807000000000000384e+00,-1.014546751976013184e+00
6.807999999999999829e+00,-9.857962727546691895e-01
6.809000000000000163e+00,-9.436081647872924805e-01
6.809999999999999609e+00,-9.104826450347900391e-01
6.810999999999999943e+00,-8.732945919036865234e-01
6.812000000000000277e+00,-8.448566198348999023e-01
6.812999999999999723e+00,-8.176687359809875488e-01
6.814000000000000057e+00,-7.920433282852172852e-01
6.815000000000000391e+00,-7.273548245429992676e-01
6.815999999999999837e+00,-6.557912826538085938e-01
6.817000000000000171e+00,-6.720414757728576660e-01
6.817999999999999616e+00,-7.057920098304748535e-01
6.818999999999999950e+00,-6.898542642593383789e-01
6.820000000000000284e+00,-6.957918405532836914e-01
6.820999999999999730e+00,-6.976668834686279297e-01
6.822000000000000064e+00,-7.136046290397644043e-01
6.823000000000000398e+00,-6.951668858528137207e-01
6.823999999999999844e+00,-6.914168000221252441e-01
6.825000000000000178e+00,-6.167281866073608398e-01
6.825999999999999623e+00,-5.573522448539733887e-01
6.826999999999999957e+00,-5.639148354530334473e-01
6.828000000000000291e+00,-5.707899332046508789e-01
6.828999999999999737e+00,-5.645398497581481934e-01
6.830000000000000071e+00,-5.686024427413940430e-01
6.831000000000000405e+00,-5.604773163795471191e-01
6.831999999999999851e+00,-5.636023283004760742e-01
6.833000000000000185e+00,-5.557897090911865234e-01
6.833999999999999631e+00,-5.579772591590881348e-01
6.834999999999999964e+00,-5.136016011238098145e-01
6.836000000000000298e+00,-4.642258286476135254e-01
6.836999999999999744e+00,-4.964138269424438477e-01
6.838000000000000078e+00,-5.461021065711975098e-01
6.839000000000000412e+00,-5.448520779609680176e-01
6.839999999999999858e+00,-5.623523592948913574e-01
6.841000000000000192e+00,-5.839151740074157715e-01
6.841999999999999638e+00,-6.067280173301696777e-01
6.842999999999999972e+00,-5.929778218269348145e-01
6.844000000000000306e+00,-6.029779314994812012e-01
6.844999999999999751e+00,-5.329768657684326172e-01
6.846000000000000085e+00,-4.839136302471160889e-01
6.847000000000000419e+00,-4.967263340950012207e-01
6.847999999999999865e+00,-5.117265582084655762e-01
6.849000000000000199e+00,-2.507850825786590576e-01
6.849999999999999645e+00,1.257831752300262451e-01
6.850999999999999979e+00,2.876606285572052002e-01
6.852000000000000313e+00,3.298487961292266846e-01
6.852999999999999758e+00,3.270362317562103271e-01
6.854000000000000092e+00,2.892231643199920654e-01
6.855000000000000426e+00,2.857856154441833496e-01
6.855999999999999872e+00,2.782855033874511719e-01
6.857000000000000206e+00,1.935967057943344116e-01
6.857999999999999652e+00,8.984512090682983398e-02
6.858999999999999986e+00,3.984435647726058960e-02
6.860000000000000320e+00,-2.203158661723136902e-02
6.860999999999999766e+00,-7.984496653079986572e-02
6.862000000000000099e+00,-1.479710042476654053e-01
6.863000000000000433e+00,-1.707838624715805054e-01
6.863999999999999879e+00,-2.079719305038452148e-01
6.865000000000000213e+00,-1.717213690280914307e-01
6.865999999999999659e+00,-1.426584273576736450e-01
6.866999999999999993e+00,-1.814090162515640259e-01
6.868000000000000327e+00,-2.170345634222030640e-01
6.868999999999999773e+00,-2.360973507165908813e-01
6.870000000000000107e+00,-2.595352232456207275e-01
6.871000000000000441e+00,-2.735979259014129639e-01
6.871999999999999886e+00,-2.964107692241668701e-01
6.873000000000000220e+00,-3.073484301567077637e-01
6.873999999999999666e+00,-3.214111626148223877e-01
6.875000000000000000e+00,-2.910981774330139160e-01
6.876000000000000334e+00,-2.532851099967956543e-01
6.876999999999999780e+00,-2.964107692241668701e-01
6.878000000000000114e+00,-3.557866811752319336e-01
6.878999999999999559e+00,-3.660993278026580811e-01
6.879999999999999893e+00,-3.910997211933135986e-01
6.881000000000000227e+00,-4.145375788211822510e-01
6.881999999999999673e+00,-4.470380842685699463e-01
6.883000000000000007e+00,-4.439130127429962158e-01
6.884000000000000341e+00,-4.542256891727447510e-01
6.884999999999999787e+00,-3.932872414588928223e-01
6.886000000000000121e+00,-3.470365405082702637e-01
6.886999999999999567e+00,-3.660993278026580811e-01
6.887999999999999901e+00,-3.845371305942535400e-01
6.889000000000000234e+00,-3.882871866226196289e-01
6.889999999999999680e+00,-4.007873535156250000e-01
6.891000000000000014e+00,-3.970372974872589111e-01
6.892000000000000348e+00,-4.067249596118927002e-01
6.892999999999999794e+00,-4.089124798774719238e-01
6.894000000000000128e+00,-4.120375514030456543e-01
6.894999999999999574e+00,-3.795370459556579590e-01
6.895999999999999908e+00,-3.304737806320190430e-01
6.897000000000000242e+00,-3.676618635654449463e-01
6.897999999999999687e+00,-4.204751551151275635e-01
6.899000000000000021e+00,-6.589162945747375488e-01
6.900000000000000355e+00,-1.022359371185302734e+00
6.900999999999999801e+00,-1.185174345970153809e+00
6.902000000000000135e+00,-1.260488033294677734e+00
6.902999999999999581e+00,-1.243300199508666992e+00
6.903999999999999915e+00,-1.223612427711486816e+00
6.905000000000000249e+00,-1.122048377990722656e+00
6.905999999999999694e+00,-1.029859423637390137e+00
6.907000000000000028e+00,-9.989215135574340820e-01
6.908000000000000362e+00,-9.698585271835327148e-01
6.908999999999999808e+00,-9.311079382896423340e-01
6.910000000000000142e+00,-8.973574638366699219e-01
6.910999999999999588e+00,-8.639194369316101074e-01
6.911999999999999922e+00,-8.361064791679382324e-01
6.913000000000000256e+00,-8.067310452461242676e-01
6.913999999999999702e+00,-7.823556661605834961e-01
6.915000000000000036e+00,-7.214172482490539551e-01
6.916000000000000369e+00,-6.482911705970764160e-01
6.916999999999999815e+00,-6.601663231849670410e-01
6.918000000000000149e+00,-6.957918405532836914e-01
6.918999999999999595e+00,-6.820416450500488281e-01
6.919999999999999929e+00,-6.861042380332946777e-01
6.921000000000000263e+00,-6.904792785644531250e-01
6.921999999999999709e+00,-7.073545455932617188e-01
6.923000000000000043e+00,-6.861042380332946777e-01
6.924000000000000377e+00,-6.848542094230651855e-01
6.924999999999999822e+00,-6.126655936241149902e-01
6.926000000000000156e+00,-5.511021614074707031e-01
6.926999999999999602e+00,-5.592272877693176270e-01
6.927999999999999936e+00,-5.661023855209350586e-01
6.929000000000000270e+00,-5.607898235321044922e-01
6.929999999999999716e+00,-5.607898235321044922e-01
6.931000000000000050e+00,-5.529772043228149414e-01
6.932000000000000384e+00,-5.586022734642028809e-01
6.932999999999999829e+00,-5.529772043228149414e-01
6.934000000000000163e+00,-5.536022186279296875e-01
6.934999999999999609e+00,-5.129765868186950684e-01
6.935999999999999943e+00,-4.567257165908813477e-01
6.937000000000000277e+00,-4.889137148857116699e-01
6.937999999999999723e+00,-5.411019921302795410e-01
6.939000000000000057e+00,-5.432895421981811523e-01
6.940000000000000391e+00,-5.561022162437438965e-01
6.940999999999999837e+00,-5.704774260520935059e-01
6.942000000000000171e+00,-5.998529195785522461e-01
6.942999999999999616e+00,-5.892277359962463379e-01
6.943999999999999950e+00,-5.973528623580932617e-01
6.945000000000000284e+00,-5.314143300056457520e-01
6.945999999999999730e+00,-4.773510396480560303e-01
6.947000000000000064e+00,-4.920387566089630127e-01
6.948000000000000398e+00,-5.011013746261596680e-01
6.948999999999999844e+00,-2.470350265502929688e-01
6.950000000000000178e+00,1.282832026481628418e-01
6.950999999999999623e+00,2.885981500148773193e-01
6.951999999999999957e+00,3.342238366603851318e-01
6.953000000000000291e+00,3.276612460613250732e-01
6.953999999999999737e+00,2.932857275009155273e-01
6.955000000000000071e+00,2.795355021953582764e-01
6.956000000000000405e+00,2.814105451107025146e-01
6.956999999999999851e+00,1.985967755317687988e-01
6.958000000000000185e+00,9.547020494937896729e-02
6.958999999999999631e+00,4.203189164400100708e-02
6.959999999999999964e+00,-1.921904273331165314e-02
6.961000000000000298e+00,-7.640741765499114990e-02
6.961999999999999744e+00,-1.454709768295288086e-01
6.963000000000000078e+00,-1.682838201522827148e-01
6.964000000000000412e+00,-2.060968875885009766e-01
6.964999999999999858e+00,-1.689088344573974609e-01
6.966000000000000192e+00,-1.445334553718566895e-01
6.966999999999999638e+00,-1.782839745283126831e-01
6.967999999999999972e+00,-2.126594930887222290e-01
6.969000000000000306e+00,-2.335973083972930908e-01
6.969999999999999751e+00,-2.573476731777191162e-01
6.971000000000000085e+00,-2.695353627204895020e-01
6.972000000000000419e+00,-2.923482060432434082e-01
6.972999999999999865e+00,-3.026608824729919434e-01
6.974000000000000199e+00,-3.170360922813415527e-01
6.974999999999999645e+00,-2.889106571674346924e-01
6.975999999999999979e+00,-2.476600259542465210e-01
6.977000000000000313e+00,-2.910981774330139160e-01
6.977999999999999758e+00,-3.507865965366363525e-01
6.979000000000000092e+00,-3.632867932319641113e-01
6.980000000000000426e+00,-3.867246508598327637e-01
6.980999999999999872e+00,-4.101625084877014160e-01
6.982000000000000206e+00,-4.504756331443786621e-01
6.982999999999999652e+00,-4.395379424095153809e-01
6.983999999999999986e+00,-4.492256045341491699e-01
6.985000000000000320e+00,-3.898496925830841064e-01
6.985999999999999766e+00,-3.451615273952484131e-01
6.987000000000000099e+00,-3.607867658138275146e-01
6.988000000000000433e+00,-3.779745101928710938e-01
6.988999999999999879e+00,-3.820370733737945557e-01
6.990000000000000213e+00,-3.917247354984283447e-01
6.990999999999999659e+00,-3.926622271537780762e-01
6.991999999999999993e+00,-4.042249321937561035e-01
6.993000000000000327e+00,-4.045374095439910889e-01
6.993999999999999773e+00,-4.098500013351440430e-01
6.995000000000000107e+00,-3.764120042324066162e-01
6.996000000000000441e+00,-3.267237246036529541e-01
6.996999999999999886e+00,-3.639118075370788574e-01
6.998000000000000220e+00,-4.148500859737396240e-01
6.998999999999999666e+00,-6.536037325859069824e-01
7.000000000000000000e+00,-1.015796780586242676e+00
7.001000000000000334e+00,-1.176111698150634766e+00
7.001999999999999780e+00,-1.250800371170043945e+00
7.003000000000000114e+00,-1.236425161361694336e+00
7.003999999999999559e+00,-1.220174908638000488e+00
7.004999999999999893e+00,-1.116735816001892090e+00
7.006000000000000227e+00,-1.022359371185302734e+00
7.006999999999999673e+00,-9.917339086532592773e-01
7.008000000000000007e+00,-9.623584151268005371e-01
7.009000000000000341e+00,-9.251703619956970215e-01
7.009999999999999787e+00,-8.939198851585388184e-01
7.011000000000000121e+00,-8.529817461967468262e-01
7.011999999999999567e+00,-8.301689028739929199e-01
7.012999999999999901e+00,-8.032935261726379395e-01
7.014000000000000234e+00,-7.745430469512939453e-01
7.014999999999999680e+00,-7.173547148704528809e-01
7.016000000000000014e+00,-6.417285203933715820e-01
7.017000000000000348e+00,-6.539162397384643555e-01
7.017999999999999794e+00,-6.895417571067810059e-01
7.019000000000000128e+00,-6.773540973663330078e-01
7.019999999999999574e+00,-6.823541522026062012e-01
7.020999999999999908e+00,-6.854792237281799316e-01
7.022000000000000242e+00,-7.039169669151306152e-01
7.022999999999999687e+00,-6.807916164398193359e-01
7.024000000000000021e+00,-6.814166307449340820e-01
7.025000000000000355e+00,-6.107905507087707520e-01
7.025999999999999801e+00,-5.445395708084106445e-01
7.027000000000000135e+00,-5.548521876335144043e-01
7.027999999999999581e+00,-5.607898235321044922e-01
7.028999999999999915e+00,-5.557897090911865234e-01
7.030000000000000249e+00,-5.554772019386291504e-01
7.030999999999999694e+00,-5.511021614074707031e-01
7.032000000000000028e+00,-5.564147233963012695e-01
7.033000000000000362e+00,-5.467271208763122559e-01
7.033999999999999808e+00,-5.489146113395690918e-01
7.035000000000000142e+00,-5.117265582084655762e-01
7.035999999999999588e+00,-4.545381963253021240e-01
7.036999999999999922e+00,-4.839136302471160889e-01
7.038000000000000256e+00,-5.323518514633178711e-01
7.038999999999999702e+00,-5.370394587516784668e-01
7.040000000000000036e+00,-5.539147257804870605e-01
7.041000000000000369e+00,-5.664148926734924316e-01
7.041999999999999815e+00,-5.967278480529785156e-01
7.043000000000000149e+00,-5.842276811599731445e-01
7.043999999999999595e+00,-5.920403003692626953e-01
7.044999999999999929e+00,-5.320393443107604980e-01
7.046000000000000263e+00,-4.711009263992309570e-01
7.046999999999999709e+00,-4.882887005805969238e-01
7.048000000000000043e+00,-4.970388412475585938e-01
7.049000000000000377e+00,-2.470350265502929688e-01
7.049999999999999822e+00,1.245331466197967529e-01
7.051000000000000156e+00,2.857856154441833496e-01
7.051999999999999602e+00,3.273487389087677002e-01
7.052999999999999936e+00,3.201611340045928955e-01
7.054000000000000270e+00,2.857856154441833496e-01
7.054999999999999716e+00,2.723478972911834717e-01
7.056000000000000050e+00,2.745354473590850830e-01
7.057000000000000384e+00,1.923466920852661133e-01
7.057999999999999829e+00,9.265766292810440063e-02
7.059000000000000163e+00,3.765682503581047058e-02
7.059999999999999609e+00,-2.421911992132663727e-02
7.060999999999999943e+00,-8.015747368335723877e-02
7.062000000000000277e+00,-1.489085257053375244e-01
7.062999999999999723e+00,-1.714088618755340576e-01
7.064000000000000057e+00,-2.073469161987304688e-01
7.065000000000000391e+00,-1.732838898897171021e-01
7.065999999999999837e+00,-1.417209059000015259e-01
7.067000000000000171e+00,-1.814090162515640259e-01
7.067999999999999616e+00,-2.145345211029052734e-01
7.068999999999999950e+00,-2.320347875356674194e-01
7.070000000000000284e+00,-2.573476731777191162e-01
7.070999999999999730e+00,-2.689103484153747559e-01
7.072000000000000064e+00,-2.901606857776641846e-01
7.073000000000000398e+00,-3.017233610153198242e-01
7.073999999999999844e+00,-3.157860636711120605e-01
7.075000000000000178e+00,-2.926607131958007812e-01
7.075999999999999623e+00,-2.467225193977355957e-01
7.076999999999999957e+00,-2.835980653762817383e-01
7.078000000000000291e+00,-3.439114987850189209e-01
7.078999999999999737e+00,-3.604742586612701416e-01
7.080000000000000071e+00,-3.873496651649475098e-01
7.081000000000000405e+00,-4.076624810695648193e-01
7.081999999999999851e+00,-4.429755210876464844e-01
7.083000000000000185e+00,-4.357878863811492920e-01
7.083999999999999631e+00,-4.476630687713623047e-01
7.084999999999999964e+00,-3.917247354984283447e-01
7.086000000000000298e+00,-3.389114141464233398e-01
7.086999999999999744e+00,-3.617242574691772461e-01
7.088000000000000078e+00,-3.735994398593902588e-01
7.089000000000000412e+00,-3.829745948314666748e-01
7.089999999999999858e+00,-3.898496925830841064e-01
7.091000000000000192e+00,-3.910997211933135986e-01
7.091999999999999638e+00,-3.995373547077178955e-01
7.092999999999999972e+00,-4.001623690128326416e-01
7.094000000000000306e+00,-4.060999453067779541e-01
7.094999999999999751e+00,-3.745369613170623779e-01
7.096000000000000085e+00,-3.232861757278442383e-01
7.097000000000000419e+00,-3.576616942882537842e-01
7.097999999999999865e+00,-4.104750156402587891e-01
7.099000000000000199e+00,-6.517286896705627441e-01
7.099999999999999645e+00,-1.015171766281127930e+00
7.100999999999999979e+00,-1.171111583709716797e+00
7.102000000000000313e+00,-1.247362732887268066e+00
7.102999999999999758e+00,-1.235175132751464844e+00
7.104000000000000092e+00,-1.212362289428710938e+00
7.105000000000000426e+00,-1.115798234939575195e+00
7.105999999999999872e+00,-1.013921737670898438e+00
7.107000000000000206e+00,-9.879838228225708008e-01
7.107999999999999652e+00,-9.548583030700683594e-01
7.108999999999999986e+00,-9.154826998710632324e-01
7.110000000000000320e+00,-8.907948136329650879e-01
7.110999999999999766e+00,-8.486067056655883789e-01
7.112000000000000099e+00,-8.232938051223754883e-01
7.113000000000000433e+00,-7.970433831214904785e-01
7.113999999999999879e+00,-7.729805707931518555e-01
7.115000000000000213e+00,-7.157921791076660156e-01
7.115999999999999659e+00,-6.370409727096557617e-01
7.116999999999999993e+00,-6.495411396026611328e-01
7.118000000000000327e+00,-6.804791092872619629e-01
7.118999999999999773e+00,-6.723539829254150391e-01
7.120000000000000107e+00,-6.764165759086608887e-01
7.121000000000000441e+00,-6.836041808128356934e-01
7.121999999999999886e+00,-7.014169692993164062e-01
7.123000000000000220e+00,-6.807916164398193359e-01
7.123999999999999666e+00,-6.757915616035461426e-01
7.125000000000000000e+00,-6.061030030250549316e-01
7.126000000000000334e+00,-5.429770350456237793e-01
7.126999999999999780e+00,-5.501646399497985840e-01
7.128000000000000114e+00,-5.561022162437438965e-01
7.128999999999999559e+00,-5.526646971702575684e-01
7.129999999999999893e+00,-5.551646947860717773e-01
7.131000000000000227e+00,-5.470395684242248535e-01
7.131999999999999673e+00,-5.495396256446838379e-01
7.133000000000000007e+00,-5.426645278930664062e-01
7.134000000000000341e+00,-5.461021065711975098e-01
7.134999999999999787e+00,-5.104765295982360840e-01
7.136000000000000121e+00,-4.514131247997283936e-01
7.136999999999999567e+00,-4.801635742187500000e-01
7.137999999999999901e+00,-5.251642465591430664e-01
7.139000000000000234e+00,-5.345394015312194824e-01
7.139999999999999680e+00,-5.529772043228149414e-01
7.141000000000000014e+00,-5.632898211479187012e-01
7.142000000000000348e+00,-5.976653695106506348e-01
7.142999999999999794e+00,-5.817276239395141602e-01
7.144000000000000128e+00,-5.907902717590332031e-01
7.144999999999999574e+00,-5.279768109321594238e-01
7.145999999999999908e+00,-4.689134061336517334e-01
7.147000000000000242e+00,-4.820386171340942383e-01
7.147999999999999687e+00,-4.951637983322143555e-01
7.149000000000000021e+00,-2.407849282026290894e-01
7.150000000000000355e+00,1.354708224534988403e-01
7.150999999999999801e+00,2.976607978343963623e-01
7.152000000000000135e+00,3.379738926887512207e-01
7.152999999999999581e+00,3.326613306999206543e-01
7.153999999999999915e+00,2.973482906818389893e-01
7.155000000000000249e+00,2.792230248451232910e-01
7.155999999999999694e+00,2.857856154441833496e-01
7.157000000000000028e+00,2.045343667268753052e-01
7.158000000000000362e+00,1.057828664779663086e-01
7.158999999999999808e+00,4.578194767236709595e-02
7.160000000000000142e+00,-1.703150942921638489e-02
7.160999999999999588e+00,-7.453238964080810547e-02
7.161999999999999922e+00,-1.439084410667419434e-01
7.163000000000000256e+00,-1.682838201522827148e-01
7.163999999999999702e+00,-2.004718035459518433e-01
7.165000000000000036e+00,-1.670337915420532227e-01
7.166000000000000369e+00,-1.367208361625671387e-01
7.166999999999999815e+00,-1.735963970422744751e-01
7.168000000000000149e+00,-2.123469859361648560e-01
7.168999999999999595e+00,-2.295347452163696289e-01
7.169999999999999929e+00,-2.517226040363311768e-01
7.171000000000000263e+00,-2.629727721214294434e-01
7.171999999999999709e+00,-2.845355868339538574e-01
7.173000000000000043e+00,-2.967232763767242432e-01
7.174000000000000377e+00,-3.117235004901885986e-01
7.174999999999999822e+00,-2.889106571674346924e-01
7.176000000000000156e+00,-2.417224347591400146e-01
7.176999999999999602e+00,-2.817230522632598877e-01
7.177999999999999936e+00,-3.360988795757293701e-01
7.179000000000000270e+00,-3.554741740226745605e-01
7.179999999999999716e+00,-3.798495531082153320e-01
7.181000000000000050e+00,-3.998498618602752686e-01
7.182000000000000384e+00,-4.370379149913787842e-01
7.182999999999999829e+00,-4.332878589630126953e-01
7.184000000000000163e+00,-4.420379996299743652e-01
7.184999999999999609e+00,-3.879746794700622559e-01
7.185999999999999943e+00,-3.351613581180572510e-01
7.187000000000000277e+00,-3.526616394519805908e-01
7.187999999999999723e+00,-3.695368766784667969e-01
7.189000000000000057e+00,-3.757869899272918701e-01
7.190000000000000391e+00,-3.854746222496032715e-01
7.190999999999999837e+00,-3.842246234416961670e-01
7.192000000000000171e+00,-3.967247903347015381e-01
7.192999999999999616e+00,-3.954747915267944336e-01
7.193999999999999950e+00,-4.014123678207397461e-01
7.195000000000000284e+00,-3.757869899272918701e-01
7.195999999999999730e+00,-3.189111053943634033e-01
7.197000000000000064e+00,-3.545366525650024414e-01
7.198000000000000398e+00,-3.995373547077178955e-01
7.198999999999999844e+00,-6.461036205291748047e-01
7.200000000000000178e+00,-1.008296608924865723e+00
7.200999999999999623e+00,-1.164236545562744141e+00
7.201999999999999957e+00,-1.242050170898437500e+00
7.203000000000000291e+00,-1.225799918174743652e+00
7.203999999999999737e+00,-1.202362060546875000e+00
7.205000000000000071e+00,-1.108610630035400391e+00
7.206000000000000405e+00,-1.009234189987182617e+00
7.206999999999999851e+00,-9.811087250709533691e-01
7.208000000000000185e+00,-9.479832053184509277e-01
7.208999999999999631e+00,-9.120451807975769043e-01
7.209999999999999964e+00,-8.801696896553039551e-01
7.211000000000000298e+00,-8.439190983772277832e-01
7.211999999999999744e+00,-8.173562288284301758e-01
7.213000000000000078e+00,-7.901682853698730469e-01
7.214000000000000412e+00,-7.661054134368896484e-01
7.214999999999999858e+00,-7.136046290397644043e-01
7.216000000000000192e+00,-6.320409178733825684e-01
7.216999999999999638e+00,-6.417285203933715820e-01
7.217999999999999972e+00,-6.689164638519287109e-01
7.219000000000000306e+00,-6.686039566993713379e-01
7.219999999999999751e+00,-6.711040139198303223e-01
7.221000000000000085e+00,-6.732915043830871582e-01
7.222000000000000419e+00,-6.923543214797973633e-01
7.222999999999999865e+00,-6.732915043830871582e-01
7.224000000000000199e+00,-6.695414781570434570e-01
7.224999999999999645e+00,-6.029779314994812012e-01
7.225999999999999979e+00,-5.417270064353942871e-01
7.227000000000000313e+00,-5.457895994186401367e-01
7.227999999999999758e+00,-5.520396828651428223e-01
7.229000000000000092e+00,-5.473520755767822266e-01
7.230000000000000426e+00,-5.507896542549133301e-01
7.230999999999999872e+00,-5.404769778251647949e-01
7.232000000000000206e+00,-5.479770898818969727e-01
7.232999999999999652e+00,-5.445395708084106445e-01
7.233999999999999986e+00,-5.411019921302795410e-01
7.235000000000000320e+00,-5.107890367507934570e-01
7.235999999999999766e+00,-4.482880830764770508e-01
7.237000000000000099e+00,-4.739134907722473145e-01
7.238000000000000433e+00,-5.151641368865966797e-01
7.238999999999999879e+00,-5.295393466949462891e-01
7.240000000000000213e+00,-5.457895994186401367e-01
7.240999999999999659e+00,-5.573522448539733887e-01
7.241999999999999993e+00,-5.904777646064758301e-01
7.243000000000000327e+00,-5.764150619506835938e-01
7.243999999999999773e+00,-5.814151167869567871e-01
7.245000000000000107e+00,-5.248517394065856934e-01
7.246000000000000441e+00,-4.654758572578430176e-01
7.246999999999999886e+00,-4.801635742187500000e-01
7.248000000000000220e+00,-4.892262220382690430e-01
7.248999999999999666e+00,-2.351598441600799561e-01
7.250000000000000000e+00,1.382833570241928101e-01
7.251000000000000334e+00,3.001608252525329590e-01
7.251999999999999780e+00,3.401614427566528320e-01
7.253000000000000114e+00,3.335988521575927734e-01
7.253999999999999559e+00,2.998483180999755859e-01
7.254999999999999893e+00,2.779729962348937988e-01
7.256000000000000227e+00,2.848480939865112305e-01
7.256999999999999673e+00,2.042218595743179321e-01
7.258000000000000007e+00,1.120329573750495911e-01
7.259000000000000341e+00,4.921950027346611023e-02
7.259999999999999787e+00,-1.421896740794181824e-02
7.261000000000000121e+00,-6.796978414058685303e-02
7.261999999999999567e+00,-1.398458778858184814e-01
7.262999999999999901e+00,-1.620337218046188354e-01
7.264000000000000234e+00,-1.935967057943344116e-01
7.264999999999999680e+00,-1.673462986946105957e-01
7.266000000000000014e+00,-1.329707801342010498e-01
7.267000000000000348e+00,-1.698463410139083862e-01
7.267999999999999794e+00,-1.992217898368835449e-01
7.269000000000000128e+00,-2.226596474647521973e-01
7.269999999999999574e+00,-2.501600682735443115e-01
7.270999999999999908e+00,-2.629727721214294434e-01
7.272000000000000242e+00,-2.801605165004730225e-01
7.272999999999999687e+00,-2.970357835292816162e-01
7.274000000000000021e+00,-3.057859241962432861e-01
7.275000000000000355e+00,-2.917231917381286621e-01
7.275999999999999801e+00,-2.376598715782165527e-01
7.277000000000000135e+00,-2.776604890823364258e-01
7.277999999999999581e+00,-3.245362043380737305e-01
7.278999999999999915e+00,-3.492240905761718750e-01
7.280000000000000249e+00,-3.757869899272918701e-01
7.280999999999999694e+00,-3.967247903347015381e-01
7.282000000000000028e+00,-4.342253804206848145e-01
7.283000000000000362e+00,-4.279752671718597412e-01
7.283999999999999808e+00,-4.373504221439361572e-01
7.285000000000000142e+00,-3.854746222496032715e-01
7.285999999999999588e+00,-3.295362889766693115e-01
7.286999999999999922e+00,-3.482865691184997559e-01
7.288000000000000256e+00,-3.607867658138275146e-01
7.288999999999999702e+00,-3.704743981361389160e-01
7.290000000000000036e+00,-3.817245662212371826e-01
7.291000000000000369e+00,-3.817245662212371826e-01
7.291999999999999815e+00,-3.920372426509857178e-01
7.293000000000000149e+00,-3.942247629165649414e-01
7.293999999999999595e+00,-4.004748463630676270e-01
7.294999999999999929e+00,-3.729744553565979004e-01
7.296000000000000263e+00,-3.123485147953033447e-01
7.296999999999999709e+00,-3.442240059375762939e-01
7.298000000000000043e+00,-3.873496651649475098e-01
7.299000000000000377e+00,-6.448535919189453125e-01
7.299999999999999822e+00,-1.011421680450439453e+00
7.301000000000000156e+00,-1.167986631393432617e+00
7.301999999999999602e+00,-1.246425271034240723e+00
7.302999999999999936e+00,-1.229237556457519531e+00
7.304000000000000270e+00,-1.204237103462219238e+00
7.304999999999999716e+00,-1.113923192024230957e+00
7.306000000000000050e+00,-1.012046694755554199e+00
7.307000000000000384e+00,-9.823587536811828613e-01
7.307999999999999829e+00,-9.492332339286804199e-01
7.309000000000000163e+00,-9.117326736450195312e-01
7.309999999999999609e+00,-8.857947587966918945e-01
7.310999999999999943e+00,-8.451691269874572754e-01
7.312000000000000277e+00,-8.198562860488891602e-01
7.312999999999999723e+00,-7.870432734489440918e-01
7.314000000000000057e+00,-7.645429372787475586e-01
7.315000000000000391e+00,-7.167297005653381348e-01
7.315999999999999837e+00,-6.295408606529235840e-01
7.317000000000000171e+00,-6.392285227775573730e-01
7.317999999999999616e+00,-6.582912802696228027e-01
7.318999999999999950e+00,-6.676664352416992188e-01
7.320000000000000284e+00,-6.692289710044860840e-01
7.320999999999999730e+00,-6.707915067672729492e-01
7.322000000000000064e+00,-6.973543763160705566e-01
7.323000000000000398e+00,-6.714165210723876953e-01
7.323999999999999844e+00,-6.654788851737976074e-01
7.325000000000000178e+00,-6.054779887199401855e-01
7.325999999999999623e+00,-5.351644158363342285e-01
7.326999999999999957e+00,-5.445395708084106445e-01
7.328000000000000291e+00,-5.476645827293395996e-01
7.328999999999999737e+00,-5.467271208763122559e-01
7.330000000000000071e+00,-5.476645827293395996e-01
7.331000000000000405e+00,-5.395394563674926758e-01
7.331999999999999851e+00,-5.439145565032958984e-01
7.333000000000000185e+00,-5.379769802093505859e-01
7.333999999999999631e+00,-5.373519659042358398e-01
7.334999999999999964e+00,-5.095390081405639648e-01
7.336000000000000298e+00,-4.439130127429962158e-01
7.336999999999999744e+00,-4.676633775234222412e-01
7.338000000000000078e+00,-5.067265033721923828e-01
7.339000000000000412e+00,-5.257892608642578125e-01
7.339999999999999858e+00,-5.442270636558532715e-01
7.341000000000000192e+00,-5.551646947860717773e-01
7.341999999999999638e+00,-5.882902145385742188e-01
7.342999999999999972e+00,-5.745400190353393555e-01
7.344000000000000306e+00,-5.742275118827819824e-01
7.344999999999999751e+00,-5.267267823219299316e-01
7.346000000000000085e+00,-4.632883071899414062e-01
7.347000000000000419e+00,-4.773510396480560303e-01
7.347999999999999865e+00,-4.867261648178100586e-01
7.349000000000000199e+00,-2.342223227024078369e-01
7.349999999999999645e+00,1.407833993434906006e-01
7.350999999999999979e+00,3.010983467102050781e-01
7.352000000000000313e+00,3.426614701747894287e-01
7.352999999999999758e+00,3.345363438129425049e-01
7.354000000000000092e+00,2.945357561111450195e-01
7.355000000000000426e+00,2.745354473590850830e-01
7.355999999999999872e+00,2.904731929302215576e-01
7.357000000000000206e+00,2.089094370603561401e-01
7.357999999999999652e+00,1.182830557227134705e-01
7.358999999999999986e+00,5.046952143311500549e-02
7.360000000000000320e+00,-1.453147176653146744e-02
7.360999999999999766e+00,-6.671977043151855469e-02
7.362000000000000099e+00,-1.360958218574523926e-01
7.363000000000000433e+00,-1.595336794853210449e-01
7.363999999999999879e+00,-1.935967057943344116e-01
7.365000000000000213e+00,-1.710963547229766846e-01
7.365999999999999659e+00,-1.295332312583923340e-01
7.366999999999999993e+00,-1.673462986946105957e-01
7.368000000000000327e+00,-2.001593112945556641e-01
7.368999999999999773e+00,-2.217221260070800781e-01
7.370000000000000107e+00,-2.457849979400634766e-01
7.371000000000000441e+00,-2.585977017879486084e-01
7.371999999999999886e+00,-2.776604890823364258e-01
7.373000000000000220e+00,-2.929732203483581543e-01
7.373999999999999666e+00,-3.045358955860137939e-01
7.375000000000000000e+00,-2.910981774330139160e-01
7.376000000000000334e+00,-2.364098578691482544e-01
7.376999999999999780e+00,-2.723478972911834717e-01
7.378000000000000114e+00,-3.207861483097076416e-01
7.378999999999999559e+00,-3.448490202426910400e-01
7.379999999999999893e+00,-3.723494410514831543e-01
7.381000000000000227e+00,-3.885996937751770020e-01
7.381999999999999673e+00,-4.320378303527832031e-01
7.383000000000000007e+00,-4.254752397537231445e-01
7.384000000000000341e+00,-4.301628172397613525e-01
7.384999999999999787e+00,-3.842246234416961670e-01
7.386000000000000121e+00,-3.282862603664398193e-01
7.386999999999999567e+00,-3.445365130901336670e-01
7.387999999999999901e+00,-3.595367372035980225e-01
7.389000000000000234e+00,-3.682868778705596924e-01
7.389999999999999680e+00,-3.792245388031005859e-01
7.391000000000000014e+00,-3.795370459556579590e-01
7.392000000000000348e+00,-3.879746794700622559e-01
7.392999999999999794e+00,-3.920372426509857178e-01
7.394000000000000128e+00,-3.942247629165649414e-01
7.394999999999999574e+00,-3.745369613170623779e-01
7.395999999999999908e+00,-3.110984861850738525e-01
7.397000000000000242e+00,-3.395364284515380859e-01
7.397999999999999687e+00,-3.789120316505432129e-01
7.399000000000000021e+00,-6.373534798622131348e-01
7.400000000000000355e+00,-1.000796556472778320e+00
7.400999999999999801e+00,-1.150173783302307129e+00
7.402000000000000135e+00,-1.231112480163574219e+00
7.402999999999999581e+00,-1.213924765586853027e+00
7.403999999999999915e+00,-1.188299417495727539e+00
7.405000000000000249e+00,-1.101735591888427734e+00
7.405999999999999694e+00,-9.954839348793029785e-01
7.407000000000000028e+00,-9.676710367202758789e-01
7.408000000000000362e+00,-9.354830384254455566e-01
7.408999999999999808e+00,-9.011074900627136230e-01
7.410000000000000142e+00,-8.720445632934570312e-01
7.410999999999999588e+00,-8.348565101623535156e-01
7.411999999999999922e+00,-8.098561167716979980e-01
7.413000000000000256e+00,-7.826681733131408691e-01
7.413999999999999702e+00,-7.579802870750427246e-01
7.415000000000000036e+00,-7.086045742034912109e-01
7.416000000000000369e+00,-6.211032271385192871e-01
7.416999999999999815e+00,-6.295408606529235840e-01
7.418000000000000149e+00,-6.507911682128906250e-01
7.418999999999999595e+00,-6.567287445068359375e-01
7.419999999999999929e+00,-6.626663804054260254e-01
7.421000000000000263e+00,-6.607913374900817871e-01
7.421999999999999709e+00,-6.879792213439941406e-01
7.423000000000000043e+00,-6.664164066314697266e-01
7.424000000000000377e+00,-6.557912826538085938e-01
7.424999999999999822e+00,-6.001654267311096191e-01
7.426000000000000156e+00,-5.320393443107604980e-01
7.426999999999999602e+00,-5.357894301414489746e-01
7.427999999999999936e+00,-5.382894873619079590e-01
7.429000000000000270e+00,-5.392269492149353027e-01
7.429999999999999716e+00,-5.407894849777221680e-01
7.431000000000000050e+00,-5.386019945144653320e-01
7.432000000000000384e+00,-5.386019945144653320e-01
7.432999999999999829e+00,-5.367269515991210938e-01
7.434000000000000163e+00,-5.314143300056457520e-01
7.434999999999999609e+00,-5.082889795303344727e-01
7.435999999999999943e+00,-4.417254924774169922e-01
7.437000000000000277e+00,-4.626633226871490479e-01
7.437999999999999723e+00,-4.957888126373291016e-01
7.439000000000000057e+00,-5.198516845703125000e-01
7.440000000000000391e+00,-5.407894849777221680e-01
7.440999999999999837e+00,-5.476645827293395996e-01
7.442000000000000171e+00,-5.842276811599731445e-01
7.442999999999999616e+00,-5.695399641990661621e-01
7.443999999999999950e+00,-5.707899332046508789e-01
7.445000000000000284e+00,-5.239142179489135742e-01
7.445999999999999730e+00,-4.589132666587829590e-01
7.447000000000000064e+00,-4.714134335517883301e-01
7.448000000000000398e+00,-4.801635742187500000e-01
7.448999999999999844e+00,-2.285972386598587036e-01
7.450000000000000178e+00,1.423459202051162720e-01
7.450999999999999623e+00,3.032858669757843018e-01
7.451999999999999957e+00,3.442240059375762939e-01
7.453000000000000291e+00,3.348488509654998779e-01
7.453999999999999737e+00,3.023483753204345703e-01
7.455000000000000071e+00,2.739104330539703369e-01
7.456000000000000405e+00,2.892231643199920654e-01
7.456999999999999851e+00,2.123469859361648560e-01
7.458000000000000185e+00,1.232831329107284546e-01
7.458999999999999631e+00,5.296956002712249756e-02
7.459999999999999964e+00,-1.203143317252397537e-02
7.461000000000000298e+00,-6.015716865658760071e-02
7.461999999999999744e+00,-1.345333009958267212e-01
7.463000000000000078e+00,-1.570336520671844482e-01
7.464000000000000412e+00,-1.873466074466705322e-01
7.464999999999999858e+00,-1.689088344573974609e-01
7.466000000000000192e+00,-1.301582306623458862e-01
7.466999999999999638e+00,-1.648462712764739990e-01
7.467999999999999972e+00,-2.001593112945556641e-01
7.469000000000000306e+00,-2.195346057415008545e-01
7.469999999999999751e+00,-2.410974353551864624e-01
7.471000000000000085e+00,-2.560976445674896240e-01
7.472000000000000419e+00,-2.770354747772216797e-01
7.472999999999999865e+00,-2.860981225967407227e-01
7.474000000000000199e+00,-2.992233037948608398e-01
7.474999999999999645e+00,-2.898481786251068115e-01
7.475999999999999979e+00,-2.301597595214843750e-01
7.477000000000000313e+00,-2.664103209972381592e-01
7.477999999999999758e+00,-3.114109933376312256e-01
7.479000000000000092e+00,-3.410989642143249512e-01
7.480000000000000426e+00,-3.701618909835815430e-01
7.480999999999999872e+00,-3.839121162891387939e-01
7.482000000000000206e+00,-4.261002540588378906e-01
7.482999999999999652e+00,-4.214126765727996826e-01
7.483999999999999986e+00,-4.236002266407012939e-01
7.485000000000000320e+00,-3.839121162891387939e-01
7.485999999999999766e+00,-3.292237818241119385e-01
7.487000000000000099e+00,-3.410989642143249512e-01
7.488000000000000433e+00,-3.542241454124450684e-01
7.488999999999999879e+00,-3.657868206501007080e-01
7.490000000000000213e+00,-3.760994970798492432e-01
7.490999999999999659e+00,-3.751619756221771240e-01
7.491999999999999993e+00,-3.851621150970458984e-01
7.493000000000000327e+00,-3.857871294021606445e-01
7.493999999999999773e+00,-3.895371854305267334e-01
7.495000000000000107e+00,-3.723494410514831543e-01
7.496000000000000441e+00,-3.082859516143798828e-01
7.496999999999999886e+00,-3.345363438129425049e-01
7.498000000000000220e+00,-3.692243695259094238e-01
7.498999999999999666e+00,-6.367284655570983887e-01
7.500000000000000000e+00,-1.003921627998352051e+00
7.501000000000000334e+00,-1.151111364364624023e+00
7.501999999999999780e+00,-1.231112480163574219e+00
7.503000000000000114e+00,-1.217049837112426758e+00
7.503999999999999559e+00,-1.186424374580383301e+00
7.504999999999999893e+00,-1.109235644340515137e+00
7.506000000000000227e+00,-9.989215135574340820e-01
7.506999999999999673e+00,-9.701710343360900879e-01
7.508000000000000007e+00,-9.361080527305603027e-01
7.509000000000000341e+00,-9.001699686050415039e-01
7.509999999999999787e+00,-8.714195489883422852e-01
7.511000000000000121e+00,-8.339189887046813965e-01
7.511999999999999567e+00,-8.082935810089111328e-01
7.512999999999999901e+00,-7.798556685447692871e-01
7.514000000000000234e+00,-7.548552751541137695e-01
7.514999999999999680e+00,-7.132921218872070312e-01
7.516000000000000014e+00,-6.220407485961914062e-01
7.517000000000000348e+00,-6.242282986640930176e-01
7.517999999999999794e+00,-6.454786062240600586e-01
7.519000000000000128e+00,-6.573537588119506836e-01
7.519999999999999574e+00,-6.617288589477539062e-01
7.520999999999999908e+00,-6.586037874221801758e-01
7.522000000000000242e+00,-6.842291951179504395e-01
7.522999999999999687e+00,-6.667289137840270996e-01
7.524000000000000021e+00,-6.526662111282348633e-01
7.525000000000000355e+00,-6.017279028892517090e-01
7.525999999999999801e+00,-5.282893180847167969e-01
7.527000000000000135e+00,-5.364144444465637207e-01
7.527999999999999581e+00,-5.373519659042358398e-01
7.528999999999999915e+00,-5.395394563674926758e-01
7.530000000000000249e+00,-5.401644706726074219e-01
7.530999999999999694e+00,-5.351644158363342285e-01
7.532000000000000028e+00,-5.389145016670227051e-01
7.533000000000000362e+00,-5.339143872261047363e-01
7.533999999999999808e+00,-5.289143323898315430e-01
7.535000000000000142e+00,-5.107890367507934570e-01
7.535999999999999588e+00,-4.379754364490509033e-01
7.536999999999999922e+00,-4.592257440090179443e-01
7.538000000000000256e+00,-4.886012077331542969e-01
7.538999999999999702e+00,-5.192266702651977539e-01
7.540000000000000036e+00,-5.364144444465637207e-01
7.541000000000000369e+00,-5.432895421981811523e-01
7.541999999999999815e+00,-5.798525810241699219e-01
7.543000000000000149e+00,-5.704774260520935059e-01
7.543999999999999595e+00,-5.639148354530334473e-01
7.544999999999999929e+00,-5.232892632484436035e-01
7.546000000000000263e+00,-4.564132094383239746e-01
7.546999999999999709e+00,-4.664133787155151367e-01
7.548000000000000043e+00,-4.782885611057281494e-01
7.549000000000000377e+00,-2.248471826314926147e-01
7.549999999999999822e+00,1.479710042476654053e-01
7.551000000000000156e+00,3.048484027385711670e-01
7.551999999999999602e+00,3.448490202426910400e-01
7.552999999999999936e+00,3.348488509654998779e-01
7.554000000000000270e+00,3.010983467102050781e-01
7.554999999999999716e+00,2.704728841781616211e-01
7.556000000000000050e+00,2.867231369018554688e-01
7.557000000000000384e+00,2.123469859361648560e-01
7.557999999999999829e+00,1.301582306623458862e-01
7.559000000000000163e+00,5.640710890293121338e-02
7.559999999999999609e+00,-1.046890951693058014e-02
7.560999999999999943e+00,-5.953215807676315308e-02
7.562000000000000277e+00,-1.342207938432693481e-01
7.562999999999999723e+00,-1.576586514711380005e-01
7.564000000000000057e+00,-1.798464953899383545e-01
7.565000000000000391e+00,-1.707838624715805054e-01
7.565999999999999837e+00,-1.289082169532775879e-01
7.567000000000000171e+00,-1.623462289571762085e-01
7.567999999999999616e+00,-1.929716914892196655e-01
7.568999999999999950e+00,-2.167220562696456909e-01
7.570000000000000284e+00,-2.423474490642547607e-01
7.570999999999999730e+00,-2.539101243019104004e-01
7.572000000000000064e+00,-2.720353901386260986e-01
7.573000000000000398e+00,-2.848480939865112305e-01
7.573999999999999844e+00,-2.989107966423034668e-01
7.575000000000000178e+00,-2.907857000827789307e-01
7.575999999999999623e+00,-2.285972386598587036e-01
7.576999999999999957e+00,-2.620352506637573242e-01
7.578000000000000291e+00,-3.026608824729919434e-01
7.578999999999999737e+00,-3.401614427566528320e-01
7.580000000000000071e+00,-3.657868206501007080e-01
7.581000000000000405e+00,-3.823495805263519287e-01
7.581999999999999851e+00,-4.217251837253570557e-01
7.583000000000000185e+00,-4.148500859737396240e-01
7.583999999999999631e+00,-4.164125919342041016e-01
7.584999999999999964e+00,-3.845371305942535400e-01
7.586000000000000298e+00,-3.226611614227294922e-01
7.586999999999999744e+00,-3.385989069938659668e-01
7.588000000000000078e+00,-3.535991311073303223e-01
7.589000000000000412e+00,-3.645368218421936035e-01
7.589999999999999858e+00,-3.710994124412536621e-01
7.591000000000000192e+00,-3.710994124412536621e-01
7.591999999999999638e+00,-3.798495531082153320e-01
7.592999999999999972e+00,-3.832871019840240479e-01
7.594000000000000306e+00,-3.854746222496032715e-01
7.594999999999999751e+00,-3.745369613170623779e-01
7.596000000000000085e+00,-3.045358955860137939e-01
7.597000000000000419e+00,-3.289112746715545654e-01
7.597999999999999865e+00,-3.654743134975433350e-01
7.599000000000000199e+00,-6.295408606529235840e-01
7.599999999999999645e+00,-9.907963871955871582e-01
7.600999999999999979e+00,-1.135798573493957520e+00
7.602000000000000313e+00,-1.219549894332885742e+00
7.602999999999999758e+00,-1.201737046241760254e+00
7.604000000000000092e+00,-1.168611526489257812e+00
7.605000000000000426e+00,-1.093922972679138184e+00
7.605999999999999872e+00,-9.861087799072265625e-01
7.607000000000000206e+00,-9.539207816123962402e-01
7.607999999999999652e+00,-9.236078262329101562e-01
7.608999999999999986e+00,-8.911073207855224609e-01
7.610000000000000320e+00,-8.586068749427795410e-01
7.610999999999999766e+00,-8.245438337326049805e-01
7.612000000000000099e+00,-7.998559474945068359e-01
7.613000000000000433e+00,-7.739180326461791992e-01
7.613999999999999879e+00,-7.457926273345947266e-01
7.615000000000000213e+00,-7.086045742034912109e-01
7.615999999999999659e+00,-6.189156770706176758e-01
7.616999999999999993e+00,-6.154781579971313477e-01
7.618000000000000327e+00,-6.314159035682678223e-01
7.618999999999999773e+00,-6.479786634445190430e-01
7.620000000000000107e+00,-6.567287445068359375e-01
7.621000000000000441e+00,-6.511036753654479980e-01
7.621999999999999886e+00,-6.776666045188903809e-01
7.623000000000000220e+00,-6.554787755012512207e-01
7.623999999999999666e+00,-6.439160704612731934e-01
7.625000000000000000e+00,-5.995404124259948730e-01
7.626000000000000334e+00,-5.267267823219299316e-01
7.626999999999999780e+00,-5.295393466949462891e-01
7.628000000000000114e+00,-5.332893729209899902e-01
7.628999999999999559e+00,-5.345394015312194824e-01
7.629999999999999893e+00,-5.386019945144653320e-01
7.631000000000000227e+00,-5.292268395423889160e-01
7.631999999999999673e+00,-5.298518538475036621e-01
7.633000000000000007e+00,-5.279768109321594238e-01
7.634000000000000341e+00,-5.261017680168151855e-01
7.634999999999999787e+00,-5.101640224456787109e-01
7.636000000000000121e+00,-4.364129006862640381e-01
7.636999999999999567e+00,-4.498506188392639160e-01
7.637999999999999901e+00,-4.829761087894439697e-01
7.639000000000000234e+00,-5.167266130447387695e-01
7.639999999999999680e+00,-5.332893729209899902e-01
7.641000000000000014e+00,-5.398519635200500488e-01
7.642000000000000348e+00,-5.745400190353393555e-01
7.642999999999999794e+00,-5.673524141311645508e-01
7.644000000000000128e+00,-5.576647520065307617e-01
7.644999999999999574e+00,-5.229767560958862305e-01
7.645999999999999908e+00,-4.536006748676300049e-01
7.647000000000000242e+00,-4.651633501052856445e-01
7.647999999999999687e+00,-4.736009836196899414e-01
7.649000000000000021e+00,-2.232846617698669434e-01
7.650000000000000355e+00,1.507835537195205688e-01
7.650999999999999801e+00,3.048484027385711670e-01
7.652000000000000135e+00,3.454740345478057861e-01
7.652999999999999581e+00,3.370364010334014893e-01
7.653999999999999915e+00,3.051609098911285400e-01
7.655000000000000249e+00,2.660978138446807861e-01
7.655999999999999694e+00,2.873481214046478271e-01
7.657000000000000028e+00,2.142220139503479004e-01
7.658000000000000362e+00,1.326582729816436768e-01
7.658999999999999808e+00,5.609460547566413879e-02
7.660000000000000142e+00,-7.031357381492853165e-03
7.660999999999999588e+00,-5.859464406967163086e-02
7.661999999999999922e+00,-1.320332586765289307e-01
7.663000000000000256e+00,-1.545336097478866577e-01
7.663999999999999702e+00,-1.776589602231979370e-01
7.665000000000000036e+00,-1.704713553190231323e-01
7.666000000000000369e+00,-1.282832026481628418e-01
7.666999999999999815e+00,-1.589086800813674927e-01
7.668000000000000149e+00,-1.904716491699218750e-01
7.668999999999999595e+00,-2.123469859361648560e-01
7.669999999999999929e+00,-2.389099001884460449e-01
7.671000000000000263e+00,-2.510975897312164307e-01
7.671999999999999709e+00,-2.695353627204895020e-01
7.673000000000000043e+00,-2.829730808734893799e-01
7.674000000000000377e+00,-2.939107418060302734e-01
7.674999999999999822e+00,-2.929732203483581543e-01
7.676000000000000156e+00,-2.295347452163696289e-01
7.676999999999999602e+00,-2.567226588726043701e-01
7.677999999999999936e+00,-2.948482632637023926e-01
7.679000000000000270e+00,-3.357863724231719971e-01
7.679999999999999716e+00,-3.651618361473083496e-01
7.681000000000000050e+00,-3.748494684696197510e-01
7.682000000000000384e+00,-4.189126491546630859e-01
7.682999999999999829e+00,-4.123500287532806396e-01
7.684000000000000163e+00,-4.107875227928161621e-01
7.684999999999999609e+00,-3.842246234416961670e-01
7.685999999999999943e+00,-3.176611065864562988e-01
7.687000000000000277e+00,-3.307862877845764160e-01
7.687999999999999723e+00,-3.476615548133850098e-01
7.689000000000000057e+00,-3.607867658138275146e-01
7.690000000000000391e+00,-3.676618635654449463e-01
7.690999999999999837e+00,-3.701618909835815430e-01
7.692000000000000171e+00,-3.770369887351989746e-01
7.692999999999999616e+00,-3.801620602607727051e-01
7.693999999999999950e+00,-3.801620602607727051e-01
7.695000000000000284e+00,-3.739119470119476318e-01
7.695999999999999730e+00,-3.023483753204345703e-01
7.697000000000000064e+00,-3.223486542701721191e-01
7.698000000000000398e+00,-3.557866811752319336e-01
7.698999999999999844e+00,-6.279783248901367188e-01
7.700000000000000178e+00,-9.939213991165161133e-01
7.700999999999999623e+00,-1.140173673629760742e+00
7.701999999999999957e+00,-1.219862341880798340e+00
7.703000000000000291e+00,-1.205799698829650879e+00
7.703999999999999737e+00,-1.173924207687377930e+00
7.705000000000000071e+00,-1.101423025131225586e+00
7.706000000000000405e+00,-9.895463585853576660e-01
7.706999999999999851e+00,-9.554833173751831055e-01
7.708000000000000185e+00,-9.257953763008117676e-01
7.708999999999999631e+00,-8.929823637008666992e-01
7.709999999999999964e+00,-8.601693511009216309e-01
7.711000000000000298e+00,-8.267313838005065918e-01
7.711999999999999744e+00,-7.989184260368347168e-01
7.713000000000000078e+00,-7.739180326461791992e-01
7.714000000000000412e+00,-7.448551058769226074e-01
7.714999999999999858e+00,-7.114170789718627930e-01
7.716000000000000192e+00,-6.189156770706176758e-01
7.716999999999999638e+00,-6.157906651496887207e-01
7.717999999999999972e+00,-6.301658749580383301e-01
7.719000000000000306e+00,-6.511036753654479980e-01
7.719999999999999751e+00,-6.536037325859069824e-01
7.721000000000000085e+00,-6.517286896705627441e-01
7.722000000000000419e+00,-6.757915616035461426e-01
7.722999999999999865e+00,-6.579787731170654297e-01
7.724000000000000199e+00,-6.401660442352294922e-01
7.724999999999999645e+00,-6.039154529571533203e-01
7.725999999999999979e+00,-5.254767537117004395e-01
7.727000000000000313e+00,-5.264142751693725586e-01
7.727999999999999758e+00,-5.273517966270446777e-01
7.729000000000000092e+00,-5.329768657684326172e-01
7.730000000000000426e+00,-5.329768657684326172e-01
7.730999999999999872e+00,-5.292268395423889160e-01
7.732000000000000206e+00,-5.286018252372741699e-01
7.732999999999999652e+00,-5.279768109321594238e-01
7.733999999999999986e+00,-5.217267274856567383e-01
7.735000000000000320e+00,-5.129765868186950684e-01
7.735999999999999766e+00,-4.345378875732421875e-01
7.737000000000000099e+00,-4.495381116867065430e-01
7.738000000000000433e+00,-4.773510396480560303e-01
7.738999999999999879e+00,-5.095390081405639648e-01
7.740000000000000213e+00,-5.317268371582031250e-01
7.740999999999999659e+00,-5.339143872261047363e-01
7.741999999999999993e+00,-5.726649761199951172e-01
7.743000000000000327e+00,-5.604773163795471191e-01
7.743999999999999773e+00,-5.532897114753723145e-01
7.745000000000000107e+00,-5.245392322540283203e-01
7.746000000000000441e+00,-4.507881402969360352e-01
7.746999999999999886e+00,-4.604757726192474365e-01
7.748000000000000220e+00,-4.732884764671325684e-01
7.748999999999999666e+00,-2.217221260070800781e-01
7.750000000000000000e+00,1.520335674285888672e-01
7.751000000000000334e+00,3.079734444618225098e-01
7.751999999999999780e+00,3.482865691184997559e-01
7.753000000000000114e+00,3.364113867282867432e-01
7.753999999999999559e+00,3.035983741283416748e-01
7.754999999999999893e+00,2.648477852344512939e-01
7.756000000000000227e+00,2.867231369018554688e-01
7.756999999999999673e+00,2.148470282554626465e-01
7.758000000000000007e+00,1.370333433151245117e-01
7.759000000000000341e+00,5.484458804130554199e-02
7.759999999999999787e+00,-9.843899868428707123e-03
7.761000000000000121e+00,-5.390707403421401978e-02
7.761999999999999567e+00,-1.270331889390945435e-01
7.762999999999999901e+00,-1.504710465669631958e-01
7.764000000000000234e+00,-1.717213690280914307e-01
7.764999999999999680e+00,-1.717213690280914307e-01
7.766000000000000014e+00,-1.279706954956054688e-01
7.767000000000000348e+00,-1.589086800813674927e-01
7.767999999999999794e+00,-1.882841289043426514e-01
7.769000000000000128e+00,-2.145345211029052734e-01
7.769999999999999574e+00,-2.357848435640335083e-01
7.770999999999999908e+00,-2.514100968837738037e-01
7.772000000000000242e+00,-2.679728269577026367e-01
7.772999999999999687e+00,-2.820355594158172607e-01
7.774000000000000021e+00,-2.901606857776641846e-01
7.775000000000000355e+00,-2.920356988906860352e-01
7.775999999999999801e+00,-2.239096611738204956e-01
7.777000000000000135e+00,-2.523475885391235352e-01
7.777999999999999581e+00,-2.914106845855712891e-01
7.778999999999999915e+00,-3.323488235473632812e-01
7.780000000000000249e+00,-3.610992729663848877e-01
7.780999999999999694e+00,-3.682868778705596924e-01
7.782000000000000028e+00,-4.129750430583953857e-01
7.783000000000000362e+00,-4.085999727249145508e-01
7.783999999999999808e+00,-4.057874381542205811e-01
7.785000000000000142e+00,-3.864121437072753906e-01
7.785999999999999588e+00,-3.185985982418060303e-01
7.786999999999999922e+00,-3.307862877845764160e-01
7.788000000000000256e+00,-3.432864844799041748e-01
7.788999999999999702e+00,-3.567242026329040527e-01
7.790000000000000036e+00,-3.632867932319641113e-01
7.791000000000000369e+00,-3.651618361473083496e-01
7.791999999999999815e+00,-3.732869327068328857e-01
7.793000000000000149e+00,-3.779745101928710938e-01
7.793999999999999595e+00,-3.767245113849639893e-01
7.794999999999999929e+00,-3.710994124412536621e-01
7.796000000000000263e+00,-3.023483753204345703e-01
7.796999999999999709e+00,-3.214111626148223877e-01
7.798000000000000043e+00,-3.514116108417510986e-01
7.799000000000000377e+00,-6.223532557487487793e-01
7.799999999999999822e+00,-9.811087250709533691e-01
7.801000000000000156e+00,-1.126735925674438477e+00
7.801999999999999602e+00,-1.206112146377563477e+00
7.802999999999999936e+00,-1.192049384117126465e+00
7.804000000000000270e+00,-1.152986288070678711e+00
7.804999999999999716e+00,-1.091110348701477051e+00
7.806000000000000050e+00,-9.773586392402648926e-01
7.807000000000000384e+00,-9.426706433296203613e-01
7.807999999999999829e+00,-9.129827022552490234e-01
7.809000000000000163e+00,-8.820447325706481934e-01
7.809999999999999609e+00,-8.498567342758178711e-01
7.810999999999999943e+00,-8.167312145233154297e-01
7.812000000000000277e+00,-7.861057519912719727e-01
7.812999999999999723e+00,-7.629804015159606934e-01
7.814000000000000057e+00,-7.351674437522888184e-01
7.815000000000000391e+00,-7.057920098304748535e-01
7.815999999999999837e+00,-6.067280173301696777e-01
7.817000000000000171e+00,-6.086030602455139160e-01
7.817999999999999616e+00,-6.198531985282897949e-01
7.818999999999999950e+00,-6.376659870147705078e-01
7.820000000000000284e+00,-6.482911705970764160e-01
7.820999999999999730e+00,-6.411035060882568359e-01
7.822000000000000064e+00,-6.664164066314697266e-01
7.823000000000000398e+00,-6.536037325859069824e-01
7.823999999999999844e+00,-6.320409178733825684e-01
7.825000000000000178e+00,-6.001654267311096191e-01
7.825999999999999623e+00,-5.195391774177551270e-01
7.826999999999999957e+00,-5.211017131805419922e-01
7.828000000000000291e+00,-5.276643037796020508e-01
7.828999999999999737e+00,-5.270392894744873047e-01
7.830000000000000071e+00,-5.298518538475036621e-01
7.831000000000000405e+00,-5.242267251014709473e-01
7.831999999999999851e+00,-5.232892632484436035e-01
7.833000000000000185e+00,-5.251642465591430664e-01
7.833999999999999631e+00,-5.161015987396240234e-01
7.834999999999999964e+00,-5.073515176773071289e-01
7.836000000000000298e+00,-4.273502826690673828e-01
7.836999999999999744e+00,-4.442255198955535889e-01
7.838000000000000078e+00,-4.707884192466735840e-01
7.839000000000000412e+00,-5.076640248298645020e-01
7.839999999999999858e+00,-5.254767537117004395e-01
7.841000000000000192e+00,-5.314143300056457520e-01
7.841999999999999638e+00,-5.645398497581481934e-01
7.842999999999999972e+00,-5.554772019386291504e-01
7.844000000000000306e+00,-5.501646399497985840e-01
7.844999999999999751e+00,-5.248517394065856934e-01
7.846000000000000085e+00,-4.501631259918212891e-01
7.847000000000000419e+00,-4.539131820201873779e-01
7.847999999999999865e+00,-4.670383632183074951e-01
7.849000000000000199e+00,-2.179720699787139893e-01
7.849999999999999645e+00,1.545336097478866577e-01
7.850999999999999979e+00,3.101609945297241211e-01
7.852000000000000313e+00,3.514116108417510986e-01
7.852999999999999758e+00,3.401614427566528320e-01
7.854000000000000092e+00,3.045358955860137939e-01
7.855000000000000426e+00,2.648477852344512939e-01
7.855999999999999872e+00,2.870356440544128418e-01
7.857000000000000206e+00,2.170345634222030640e-01
7.857999999999999652e+00,1.401583850383758545e-01
7.858999999999999986e+00,5.546959489583969116e-02
7.860000000000000320e+00,-7.031357381492853165e-03
7.860999999999999766e+00,-5.234454944729804993e-02
7.862000000000000099e+00,-1.232831329107284546e-01
7.863000000000000433e+00,-1.510960608720779419e-01
7.863999999999999879e+00,-1.695338338613510132e-01
7.865000000000000213e+00,-1.729713827371597290e-01
7.865999999999999659e+00,-1.260956674814224243e-01
7.866999999999999993e+00,-1.532835960388183594e-01
7.868000000000000327e+00,-1.870341002941131592e-01
7.868999999999999773e+00,-2.110969722270965576e-01
7.870000000000000107e+00,-2.326598018407821655e-01
7.871000000000000441e+00,-2.457849979400634766e-01
7.871999999999999886e+00,-2.620352506637573242e-01
7.873000000000000220e+00,-2.757854461669921875e-01
7.873999999999999666e+00,-2.867231369018554688e-01
7.875000000000000000e+00,-2.898481786251068115e-01
7.876000000000000334e+00,-2.226596474647521973e-01
7.876999999999999780e+00,-2.510975897312164307e-01
7.878000000000000114e+00,-2.826605737209320068e-01
7.878999999999999559e+00,-3.276612460613250732e-01
7.879999999999999893e+00,-3.532866537570953369e-01
7.881000000000000227e+00,-3.682868778705596924e-01
7.881999999999999673e+00,-4.082874655723571777e-01
7.883000000000000007e+00,-4.051624238491058350e-01
7.884000000000000341e+00,-3.998498618602752686e-01
7.884999999999999787e+00,-3.826620876789093018e-01
7.886000000000000121e+00,-3.139110505580902100e-01
7.886999999999999567e+00,-3.207861483097076416e-01
7.887999999999999901e+00,-3.385989069938659668e-01
7.889000000000000234e+00,-3.482865691184997559e-01
7.889999999999999680e+00,-3.592242300510406494e-01
7.891000000000000014e+00,-3.623492717742919922e-01
7.892000000000000348e+00,-3.692243695259094238e-01
7.892999999999999794e+00,-3.745369613170623779e-01
7.894000000000000128e+00,-3.720369338989257812e-01
7.894999999999999574e+00,-3.685993850231170654e-01
7.895999999999999908e+00,-2.935982346534729004e-01
7.897000000000000242e+00,-3.145360350608825684e-01
7.897999999999999687e+00,-3.451615273952484131e-01
7.899000000000000021e+00,-6.145406365394592285e-01
7.900000000000000355e+00,-9.748586416244506836e-01
7.900999999999999801e+00,-1.118610858917236328e+00
7.902000000000000135e+00,-1.196424484252929688e+00
7.902999999999999581e+00,-1.186111807823181152e+00
7.903999999999999915e+00,-1.146423697471618652e+00
7.905000000000000249e+00,-1.087047815322875977e+00
7.905999999999999694e+00,-9.757961630821228027e-01
7.907000000000000028e+00,-9.351705312728881836e-01
7.908000000000000362e+00,-9.073575735092163086e-01
7.908999999999999808e+00,-8.726695775985717773e-01
7.910000000000000142e+00,-8.442316055297851562e-01
7.910999999999999588e+00,-8.117311596870422363e-01
7.911999999999999922e+00,-7.848557233810424805e-01
7.913000000000000256e+00,-7.620428800582885742e-01
7.913999999999999702e+00,-7.304798960685729980e-01
7.915000000000000036e+00,-7.014169692993164062e-01
7.916000000000000369e+00,-6.051654815673828125e-01
7.916999999999999815e+00,-6.048529744148254395e-01
7.918000000000000149e+00,-6.148531436920166016e-01
7.918999999999999595e+00,-6.357909440994262695e-01
7.919999999999999929e+00,-6.432910561561584473e-01
7.921000000000000263e+00,-6.373534798622131348e-01
7.921999999999999709e+00,-6.620413661003112793e-01
7.923000000000000043e+00,-6.448535919189453125e-01
7.924000000000000377e+00,-6.257907748222351074e-01
7.924999999999999822e+00,-6.001654267311096191e-01
7.926000000000000156e+00,-5.167266130447387695e-01
7.926999999999999602e+00,-5.173516273498535156e-01
7.927999999999999936e+00,-5.214142203330993652e-01
7.929000000000000270e+00,-5.248517394065856934e-01
7.929999999999999716e+00,-5.251642465591430664e-01
7.931000000000000050e+00,-5.232892632484436035e-01
7.932000000000000384e+00,-5.214142203330993652e-01
7.932999999999999829e+00,-5.195391774177551270e-01
7.934000000000000163e+00,-5.154766440391540527e-01
7.934999999999999609e+00,-5.057889819145202637e-01
7.935999999999999943e+00,-4.267252683639526367e-01
7.937000000000000277e+00,-4.398504495620727539e-01
7.937999999999999723e+00,-4.704759418964385986e-01
7.939000000000000057e+00,-5.001638531684875488e-01
7.940000000000000391e+00,-5.229767560958862305e-01
7.940999999999999837e+00,-5.286018252372741699e-01
7.942000000000000171e+00,-5.617273449897766113e-01
7.942999999999999616e+00,-5.561022162437438965e-01
7.943999999999999950e+00,-5.420395135879516602e-01
7.945000000000000284e+00,-5.248517394065856934e-01
7.945999999999999730e+00,-4.479755759239196777e-01
7.947000000000000064e+00,-4.498506188392639160e-01
7.948000000000000398e+00,-4.664133787155151367e-01
7.948999999999999844e+00,-2.157845497131347656e-01
7.950000000000000178e+00,1.526585817337036133e-01
7.950999999999999623e+00,3.039108812808990479e-01
7.951999999999999957e+00,3.414114713668823242e-01
7.953000000000000291e+00,3.295362889766693115e-01
7.953999999999999737e+00,2.935982346534729004e-01
7.955000000000000071e+00,2.557851672172546387e-01
7.956000000000000405e+00,2.807855308055877686e-01
7.956999999999999851e+00,2.095344513654708862e-01
7.958000000000000185e+00,1.351583153009414673e-01
7.958999999999999631e+00,5.296956002712249756e-02
7.959999999999999964e+00,-1.140642445534467697e-02
7.961000000000000298e+00,-5.515709146857261658e-02
7.961999999999999744e+00,-1.264081746339797974e-01
7.963000000000000078e+00,-1.526585817337036133e-01
7.964000000000000412e+00,-1.735963970422744751e-01
7.964999999999999858e+00,-1.785964816808700562e-01
7.966000000000000192e+00,-1.264081746339797974e-01
7.966999999999999638e+00,-1.532835960388183594e-01
7.967999999999999972e+00,-1.860965937376022339e-01
7.969000000000000306e+00,-2.117219865322113037e-01
7.969999999999999751e+00,-2.314097881317138672e-01
7.971000000000000085e+00,-2.482850402593612671e-01
7.972000000000000419e+00,-2.601602077484130859e-01
7.972999999999999865e+00,-2.789105176925659180e-01
7.974000000000000199e+00,-2.848480939865112305e-01
7.974999999999999645e+00,-2.882856428623199463e-01
7.975999999999999979e+00,-2.220346331596374512e-01
7.977000000000000313e+00,-2.476600259542465210e-01
7.977999999999999758e+00,-2.814105451107025146e-01
7.979000000000000092e+00,-3.264112174510955811e-01
7.980000000000000426e+00,-3.529741466045379639e-01
7.980999999999999872e+00,-3.626617789268493652e-01
7.982000000000000206e+00,-4.026623964309692383e-01
7.982999999999999652e+00,-4.039124250411987305e-01
7.983999999999999986e+00,-3.985998332500457764e-01
7.985000000000000320e+00,-3.842246234416961670e-01
7.985999999999999766e+00,-3.157860636711120605e-01
7.987000000000000099e+00,-3.198486268520355225e-01
7.988000000000000433e+00,-3.382863998413085938e-01
7.988999999999999879e+00,-3.470365405082702637e-01
7.990000000000000213e+00,-3.570367097854614258e-01
7.990999999999999659e+00,-3.589117228984832764e-01
7.991999999999999993e+00,-3.654743134975433350e-01
7.993000000000000327e+00,-3.714119195938110352e-01
7.993999999999999773e+00,-3.695368766784667969e-01
7.995000000000000107e+00,-3.676618635654449463e-01
7.996000000000000441e+00,-2.935982346534729004e-01
7.996999999999999886e+00,-3.157860636711120605e-01
7.998000000000000220e+00,-3.442240059375762939e-01
7.998999999999999666e+00,-6.117280721664428711e-01
8.000000000000000000e+00,-9.748586416244506836e-01
8.000999999999999446e+00,-1.114548206329345703e+00
8.002000000000000668e+00,-1.190799474716186523e+00
8.003000000000000114e+00,-1.179549217224121094e+00
8.003999999999999559e+00,-1.141736149787902832e+00
8.005000000000000782e+00,-1.084547758102416992e+00
8.006000000000000227e+00,-9.682960510253906250e-01
8.006999999999999673e+00,-9.295454621315002441e-01
8.007999999999999119e+00,-9.017325043678283691e-01
8.009000000000000341e+00,-8.711070418357849121e-01
8.009999999999999787e+00,-8.411065936088562012e-01
8.010999999999999233e+00,-8.070435523986816406e-01
8.012000000000000455e+00,-7.789181470870971680e-01
8.012999999999999901e+00,-7.567303180694580078e-01
8.013999999999999346e+00,-7.292298674583435059e-01
8.015000000000000568e+00,-6.992294192314147949e-01
8.016000000000000014e+00,-6.023529171943664551e-01
8.016999999999999460e+00,-6.017279028892517090e-01
8.018000000000000682e+00,-6.089155673980712891e-01
8.019000000000000128e+00,-6.314159035682678223e-01
8.019999999999999574e+00,-6.414160132408142090e-01
8.021000000000000796e+00,-6.351659297943115234e-01
8.022000000000000242e+00,-6.532912254333496094e-01
8.022999999999999687e+00,-6.420410275459289551e-01
8.023999999999999133e+00,-6.236032843589782715e-01
8.025000000000000355e+00,-5.998529195785522461e-01
8.025999999999999801e+00,-5.148516297340393066e-01
8.026999999999999247e+00,-5.120390653610229492e-01
8.028000000000000469e+00,-5.182891488075256348e-01
8.028999999999999915e+00,-5.242267251014709473e-01
8.029999999999999361e+00,-5.226642489433288574e-01
8.031000000000000583e+00,-5.186016559600830078e-01
8.032000000000000028e+00,-5.173516273498535156e-01
8.032999999999999474e+00,-5.176641345024108887e-01
8.034000000000000696e+00,-5.129765868186950684e-01
8.035000000000000142e+00,-5.032889246940612793e-01
8.035999999999999588e+00,-4.232877194881439209e-01
8.037000000000000810e+00,-4.395379424095153809e-01
8.038000000000000256e+00,-4.639133214950561523e-01
8.038999999999999702e+00,-4.979763627052307129e-01
8.039999999999999147e+00,-5.195391774177551270e-01
8.041000000000000369e+00,-5.236017107963562012e-01
8.041999999999999815e+00,-5.576647520065307617e-01
8.042999999999999261e+00,-5.551646947860717773e-01
8.044000000000000483e+00,-5.442270636558532715e-01
8.044999999999999929e+00,-5.242267251014709473e-01
8.045999999999999375e+00,-4.492256045341491699e-01
8.047000000000000597e+00,-4.520381391048431396e-01
8.048000000000000043e+00,-4.632883071899414062e-01
8.048999999999999488e+00,-2.123469859361648560e-01
8.050000000000000711e+00,1.623462289571762085e-01
8.051000000000000156e+00,3.117235004901885986e-01
8.051999999999999602e+00,3.529741466045379639e-01
8.053000000000000824e+00,3.379738926887512207e-01
8.054000000000000270e+00,3.048484027385711670e-01
8.054999999999999716e+00,2.626602649688720703e-01
8.055999999999999162e+00,2.870356440544128418e-01
8.057000000000000384e+00,2.170345634222030640e-01
8.057999999999999829e+00,1.392208784818649292e-01
8.058999999999999275e+00,6.140718609094619751e-02
8.060000000000000497e+00,-4.218814428895711899e-03
8.060999999999999943e+00,-4.859448969364166260e-02
8.061999999999999389e+00,-1.204705908894538879e-01
8.063000000000000611e+00,-1.479710042476654053e-01
8.064000000000000057e+00,-1.679713129997253418e-01
8.064999999999999503e+00,-1.767214536666870117e-01
8.066000000000000725e+00,-1.232831329107284546e-01
8.067000000000000171e+00,-1.495335251092910767e-01
8.067999999999999616e+00,-1.820340305566787720e-01
8.069000000000000838e+00,-2.057843953371047974e-01
8.070000000000000284e+00,-2.257846891880035400e-01
8.070999999999999730e+00,-2.460975050926208496e-01
8.071999999999999176e+00,-2.554726600646972656e-01
8.073000000000000398e+00,-2.726604044437408447e-01
8.073999999999999844e+00,-2.801605165004730225e-01
8.074999999999999289e+00,-2.851606011390686035e-01
8.076000000000000512e+00,-2.195346057415008545e-01
8.076999999999999957e+00,-2.445349842309951782e-01
8.077999999999999403e+00,-2.798480093479156494e-01
8.079000000000000625e+00,-3.182861208915710449e-01
8.080000000000000071e+00,-3.498490750789642334e-01
8.080999999999999517e+00,-3.601617515087127686e-01
8.082000000000000739e+00,-3.976623117923736572e-01
8.083000000000000185e+00,-3.957872986793518066e-01
8.083999999999999631e+00,-3.960998058319091797e-01
8.085000000000000853e+00,-3.807870745658874512e-01
8.086000000000000298e+00,-3.104735016822814941e-01
8.086999999999999744e+00,-3.157860636711120605e-01
8.087999999999999190e+00,-3.357863724231719971e-01
8.089000000000000412e+00,-3.485990762710571289e-01
8.089999999999999858e+00,-3.517241179943084717e-01
8.090999999999999304e+00,-3.567242026329040527e-01
8.092000000000000526e+00,-3.601617515087127686e-01
8.092999999999999972e+00,-3.670368492603302002e-01
8.093999999999999417e+00,-3.651618361473083496e-01
8.095000000000000639e+00,-3.657868206501007080e-01
8.096000000000000085e+00,-2.898481786251068115e-01
8.096999999999999531e+00,-3.114109933376312256e-01
8.098000000000000753e+00,-3.379738926887512207e-01
8.099000000000000199e+00,-6.092280745506286621e-01
8.099999999999999645e+00,-9.682960510253906250e-01
8.101000000000000867e+00,-1.110173225402832031e+00
8.102000000000000313e+00,-1.182674288749694824e+00
8.102999999999999758e+00,-1.172049164772033691e+00
8.103999999999999204e+00,-1.138298630714416504e+00
8.105000000000000426e+00,-1.081735253334045410e+00
8.105999999999999872e+00,-9.623584151268005371e-01
8.106999999999999318e+00,-9.239203333854675293e-01
8.108000000000000540e+00,-8.986074328422546387e-01
8.108999999999999986e+00,-8.657944798469543457e-01
8.109999999999999432e+00,-8.329814672470092773e-01
8.111000000000000654e+00,-8.023560047149658203e-01
8.112000000000000099e+00,-7.739180326461791992e-01
8.112999999999999545e+00,-7.501676678657531738e-01
8.114000000000000767e+00,-7.201672196388244629e-01
8.115000000000000213e+00,-6.964168548583984375e-01
8.115999999999999659e+00,-5.992279052734375000e-01
8.117000000000000881e+00,-5.964153409004211426e-01
8.118000000000000327e+00,-6.067280173301696777e-01
8.118999999999999773e+00,-6.261032819747924805e-01
8.119999999999999218e+00,-6.342284083366394043e-01
8.121000000000000441e+00,-6.270408034324645996e-01
8.121999999999999886e+00,-6.520411968231201172e-01
8.122999999999999332e+00,-6.373534798622131348e-01
8.124000000000000554e+00,-6.245408058166503906e-01
8.125000000000000000e+00,-5.989153981208801270e-01
8.125999999999999446e+00,-5.139141082763671875e-01
8.127000000000000668e+00,-5.095390081405639648e-01
8.128000000000000114e+00,-5.179766416549682617e-01
8.128999999999999559e+00,-5.182891488075256348e-01
8.130000000000000782e+00,-5.192266702651977539e-01
8.131000000000000227e+00,-5.161015987396240234e-01
8.131999999999999673e+00,-5.136016011238098145e-01
8.132999999999999119e+00,-5.142266154289245605e-01
8.134000000000000341e+00,-5.082889795303344727e-01
8.134999999999999787e+00,-5.026639103889465332e-01
8.135999999999999233e+00,-4.220376908779144287e-01
8.137000000000000455e+00,-4.376629292964935303e-01
8.137999999999999901e+00,-4.617258012294769287e-01
8.138999999999999346e+00,-4.948512911796569824e-01
8.140000000000000568e+00,-5.173516273498535156e-01
8.141000000000000014e+00,-5.195391774177551270e-01
8.141999999999999460e+00,-5.501646399497985840e-01
8.143000000000000682e+00,-5.486021041870117188e-01
8.144000000000000128e+00,-5.398519635200500488e-01
8.144999999999999574e+00,-5.251642465591430664e-01
8.146000000000000796e+00,-4.451630413532257080e-01
8.147000000000000242e+00,-4.464130699634552002e-01
8.147999999999999687e+00,-4.579757452011108398e-01
8.148999999999999133e+00,-2.101594507694244385e-01
8.150000000000000355e+00,1.623462289571762085e-01
8.150999999999999801e+00,3.142235577106475830e-01
8.151999999999999247e+00,3.545366525650024414e-01
8.153000000000000469e+00,3.410989642143249512e-01
8.153999999999999915e+00,3.045358955860137939e-01
8.154999999999999361e+00,2.635977864265441895e-01
8.156000000000000583e+00,2.854731082916259766e-01
8.157000000000000028e+00,2.201596051454544067e-01
8.157999999999999474e+00,1.414084136486053467e-01
8.159000000000000696e+00,6.109468266367912292e-02
8.160000000000000142e+00,-3.281299956142902374e-03
8.160999999999999588e+00,-4.578194767236709595e-02
8.162000000000000810e+00,-1.170330345630645752e-01
8.163000000000000256e+00,-1.451584696769714355e-01
8.163999999999999702e+00,-1.651587635278701782e-01
8.164999999999999147e+00,-1.770339459180831909e-01
8.166000000000000369e+00,-1.220331117510795593e-01
8.166999999999999815e+00,-1.464084833860397339e-01
8.167999999999999261e+00,-1.795339882373809814e-01
8.169000000000000483e+00,-2.029718458652496338e-01
8.169999999999999929e+00,-2.226596474647521973e-01
8.170999999999999375e+00,-2.373473644256591797e-01
8.172000000000000597e+00,-2.539101243019104004e-01
8.173000000000000043e+00,-2.685978412628173828e-01
8.173999999999999488e+00,-2.770354747772216797e-01
8.175000000000000711e+00,-2.845355868339538574e-01
8.176000000000000156e+00,-2.151595354080200195e-01
8.176999999999999602e+00,-2.404724210500717163e-01
8.178000000000000824e+00,-2.770354747772216797e-01
8.179000000000000270e+00,-3.185985982418060303e-01
8.179999999999999716e+00,-3.435989916324615479e-01
8.180999999999999162e+00,-3.548491597175598145e-01
8.182000000000000384e+00,-3.945372700691223145e-01
8.182999999999999829e+00,-3.920372426509857178e-01
8.183999999999999275e+00,-3.935997486114501953e-01
8.185000000000000497e+00,-3.795370459556579590e-01
8.185999999999999943e+00,-3.082859516143798828e-01
8.186999999999999389e+00,-3.104735016822814941e-01
8.188000000000000611e+00,-3.301612734794616699e-01
8.189000000000000057e+00,-3.420364558696746826e-01
8.189999999999999503e+00,-3.473490476608276367e-01
8.191000000000000725e+00,-3.482865691184997559e-01
8.192000000000000171e+00,-3.589117228984832764e-01
8.192999999999999616e+00,-3.617242574691772461e-01
8.194000000000000838e+00,-3.614117503166198730e-01
8.195000000000000284e+00,-3.620367646217346191e-01
8.195999999999999730e+00,-2.889106571674346924e-01
8.196999999999999176e+00,-3.045358955860137939e-01
8.198000000000000398e+00,-3.367238938808441162e-01
8.198999999999999844e+00,-6.057904958724975586e-01
8.199999999999999289e+00,-9.686085581779479980e-01
8.201000000000000512e+00,-1.112360715866088867e+00
8.201999999999999957e+00,-1.186424374580383301e+00
8.202999999999999403e+00,-1.172049164772033691e+00
8.204000000000000625e+00,-1.140173673629760742e+00
8.205000000000000071e+00,-1.086422801017761230e+00
8.205999999999999517e+00,-9.676710367202758789e-01
8.207000000000000739e+00,-9.254828691482543945e-01
8.208000000000000185e+00,-8.967324495315551758e-01
8.208999999999999631e+00,-8.639194369316101074e-01
8.210000000000000853e+00,-8.342314958572387695e-01
8.211000000000000298e+00,-8.026685118675231934e-01
8.211999999999999744e+00,-7.742305397987365723e-01
8.212999999999999190e+00,-7.507926821708679199e-01
8.214000000000000412e+00,-7.217297554016113281e-01
8.214999999999999858e+00,-6.967293620109558105e-01
8.215999999999999304e+00,-5.986028909683227539e-01
8.217000000000000526e+00,-5.957903265953063965e-01
8.217999999999999972e+00,-6.048529744148254395e-01
8.218999999999999417e+00,-6.251657605171203613e-01
8.220000000000000639e+00,-6.323534250259399414e-01
8.221000000000000085e+00,-6.289158463478088379e-01
8.221999999999999531e+00,-6.511036753654479980e-01
8.223000000000000753e+00,-6.357909440994262695e-01
8.224000000000000199e+00,-6.204782128334045410e-01
8.224999999999999645e+00,-6.014154553413391113e-01
8.226000000000000867e+00,-5.145391225814819336e-01
8.227000000000000313e+00,-5.073515176773071289e-01
8.227999999999999758e+00,-5.139141082763671875e-01
8.228999999999999204e+00,-5.176641345024108887e-01
8.230000000000000426e+00,-5.148516297340393066e-01
8.230999999999999872e+00,-5.148516297340393066e-01
8.231999999999999318e+00,-5.142266154289245605e-01
8.233000000000000540e+00,-5.114140510559082031e-01
8.233999999999999986e+00,-5.089139938354492188e-01
8.234999999999999432e+00,-5.011013746261596680e-01
8.236000000000000654e+00,-4.248502254486083984e-01
8.237000000000000099e+00,-4.342253804206848145e-01
8.237999999999999545e+00,-4.626633226871490479e-01
8.239000000000000767e+00,-4.917262494564056396e-01
8.240000000000000213e+00,-5.136016011238098145e-01
8.240999999999999659e+00,-5.195391774177551270e-01
8.242000000000000881e+00,-5.507896542549133301e-01
8.243000000000000327e+00,-5.445395708084106445e-01
8.243999999999999773e+00,-5.395394563674926758e-01
8.244999999999999218e+00,-5.254767537117004395e-01
8.246000000000000441e+00,-4.467255771160125732e-01
8.246999999999999886e+00,-4.423505067825317383e-01
8.247999999999999332e+00,-4.576632380485534668e-01
8.249000000000000554e+00,-2.070344090461730957e-01
8.250000000000000000e+00,1.617212146520614624e-01
8.250999999999999446e+00,3.157860636711120605e-01
8.252000000000000668e+00,3.545366525650024414e-01
8.253000000000000114e+00,3.398489356040954590e-01
8.253999999999999559e+00,3.073484301567077637e-01
8.255000000000000782e+00,2.595352232456207275e-01
8.256000000000000227e+00,2.851606011390686035e-01
8.256999999999999673e+00,2.176595777273178101e-01
8.257999999999999119e+00,1.407833993434906006e-01
8.259000000000000341e+00,6.171969324350357056e-02
8.259999999999999787e+00,-1.406271476298570633e-03
8.260999999999999233e+00,-4.953200742602348328e-02
8.262000000000000455e+00,-1.145329996943473816e-01
8.262999999999999901e+00,-1.429709345102310181e-01
8.263999999999999346e+00,-1.667212992906570435e-01
8.265000000000000568e+00,-1.792214810848236084e-01
8.266000000000000014e+00,-1.254706680774688721e-01
8.266999999999999460e+00,-1.448459625244140625e-01
8.268000000000000682e+00,-1.770339459180831909e-01
8.269000000000000128e+00,-1.992217898368835449e-01
8.269999999999999574e+00,-2.223471403121948242e-01
8.271000000000000796e+00,-2.370348721742630005e-01
8.272000000000000242e+00,-2.517226040363311768e-01
8.272999999999999687e+00,-2.664103209972381592e-01
8.273999999999999133e+00,-2.739104330539703369e-01
8.275000000000000355e+00,-2.820355594158172607e-01
8.275999999999999801e+00,-2.139095067977905273e-01
8.276999999999999247e+00,-2.401599138975143433e-01
8.278000000000000469e+00,-2.732854187488555908e-01
8.278999999999999915e+00,-3.117235004901885986e-01
8.279999999999999361e+00,-3.414114713668823242e-01
8.281000000000000583e+00,-3.523491322994232178e-01
8.282000000000000028e+00,-3.876621723175048828e-01
8.282999999999999474e+00,-3.951622843742370605e-01
8.284000000000000696e+00,-3.870371580123901367e-01
8.285000000000000142e+00,-3.820370733737945557e-01
8.285999999999999588e+00,-3.060984313488006592e-01
8.287000000000000810e+00,-3.073484301567077637e-01
8.288000000000000256e+00,-3.257862329483032227e-01
8.288999999999999702e+00,-3.379738926887512207e-01
8.289999999999999147e+00,-3.432864844799041748e-01
8.291000000000000369e+00,-3.479740619659423828e-01
8.291999999999999815e+00,-3.507865965366363525e-01
8.292999999999999261e+00,-3.582867085933685303e-01
8.294000000000000483e+00,-3.592242300510406494e-01
8.294999999999999929e+00,-3.595367372035980225e-01
8.295999999999999375e+00,-2.854731082916259766e-01
8.297000000000000597e+00,-3.045358955860137939e-01
8.298000000000000043e+00,-3.301612734794616699e-01
8.298999999999999488e+00,-6.029779314994812012e-01
8.300000000000000711e+00,-9.551708102226257324e-01
8.301000000000000156e+00,-1.097673058509826660e+00
8.301999999999999602e+00,-1.167049050331115723e+00
8.303000000000000824e+00,-1.158298969268798828e+00
8.304000000000000270e+00,-1.127985954284667969e+00
8.304999999999999716e+00,-1.075797677040100098e+00
8.305999999999999162e+00,-9.551708102226257324e-01
8.307000000000000384e+00,-9.073575735092163086e-01
8.307999999999999829e+00,-8.857947587966918945e-01
8.308999999999999275e+00,-8.539192676544189453e-01
8.310000000000000497e+00,-8.257938623428344727e-01
8.310999999999999943e+00,-7.920433282852172852e-01
8.311999999999999389e+00,-7.651679515838623047e-01
8.313000000000000611e+00,-7.429800629615783691e-01
8.314000000000000057e+00,-7.161046862602233887e-01
8.314999999999999503e+00,-6.911042928695678711e-01
8.316000000000000725e+00,-5.917277932167053223e-01
8.317000000000000171e+00,-5.898527503013610840e-01
8.317999999999999616e+00,-5.986028909683227539e-01
8.319000000000000838e+00,-6.164156794548034668e-01
8.320000000000000284e+00,-6.270408034324645996e-01
8.320999999999999730e+00,-6.223532557487487793e-01
8.321999999999999176e+00,-6.414160132408142090e-01
8.323000000000000398e+00,-6.326659321784973145e-01
8.323999999999999844e+00,-6.170406937599182129e-01
8.324999999999999289e+00,-6.007904410362243652e-01
8.326000000000000512e+00,-5.129765868186950684e-01
8.326999999999999957e+00,-5.014138817787170410e-01
8.327999999999999403e+00,-5.132890939712524414e-01
8.329000000000000625e+00,-5.107890367507934570e-01
8.330000000000000071e+00,-5.129765868186950684e-01
8.330999999999999517e+00,-5.107890367507934570e-01
8.332000000000000739e+00,-5.089139938354492188e-01
8.333000000000000185e+00,-5.086014866828918457e-01
8.333999999999999631e+00,-5.020388960838317871e-01
8.335000000000000853e+00,-4.986013472080230713e-01
8.336000000000000298e+00,-4.195376634597778320e-01
8.336999999999999744e+00,-4.317253232002258301e-01
8.337999999999999190e+00,-4.567257165908813477e-01
8.339000000000000412e+00,-4.904762208461761475e-01
8.339999999999999858e+00,-5.095390081405639648e-01
8.340999999999999304e+00,-5.167266130447387695e-01
8.342000000000000526e+00,-5.482895970344543457e-01
8.342999999999999972e+00,-5.407894849777221680e-01
8.343999999999999417e+00,-5.379769802093505859e-01
8.345000000000000639e+00,-5.264142751693725586e-01
8.346000000000000085e+00,-4.445380270481109619e-01
8.346999999999999531e+00,-4.398504495620727539e-01
8.348000000000000753e+00,-4.539131820201873779e-01
8.349000000000000199e+00,-2.039093673229217529e-01
8.349999999999999645e+00,1.667212992906570435e-01
8.351000000000000867e+00,3.157860636711120605e-01
8.352000000000000313e+00,3.551616668701171875e-01
8.352999999999999758e+00,3.407864570617675781e-01
8.353999999999999204e+00,3.051609098911285400e-01
8.355000000000000426e+00,2.589102089405059814e-01
8.355999999999999872e+00,2.810980379581451416e-01
8.356999999999999318e+00,2.223471403121948242e-01
8.358000000000000540e+00,1.420334130525588989e-01
8.358999999999999986e+00,6.296971440315246582e-02
8.359999999999999432e+00,-4.687571490649133921e-04
8.361000000000000654e+00,-4.828198626637458801e-02
8.362000000000000099e+00,-1.110954433679580688e-01
8.362999999999999545e+00,-1.376583576202392578e-01
8.364000000000000767e+00,-1.632837355136871338e-01
8.365000000000000213e+00,-1.810965090990066528e-01
8.365999999999999659e+00,-1.251581609249114990e-01
8.367000000000000881e+00,-1.360958218574523926e-01
8.368000000000000327e+00,-1.735963970422744751e-01
8.368999999999999773e+00,-1.964092403650283813e-01
8.369999999999999218e+00,-2.160970419645309448e-01
8.371000000000000441e+00,-2.332848161458969116e-01
8.371999999999999886e+00,-2.454724907875061035e-01
8.372999999999999332e+00,-2.626602649688720703e-01
8.374000000000000554e+00,-2.742229402065277100e-01
8.375000000000000000e+00,-2.795355021953582764e-01
8.375999999999999446e+00,-2.095344513654708862e-01
8.377000000000000668e+00,-2.332848161458969116e-01
8.378000000000000114e+00,-2.707853913307189941e-01
8.378999999999999559e+00,-3.070359230041503906e-01
8.380000000000000782e+00,-3.357863724231719971e-01
8.381000000000000227e+00,-3.495365977287292480e-01
8.381999999999999673e+00,-3.826620876789093018e-01
8.382999999999999119e+00,-3.842246234416961670e-01
8.384000000000000341e+00,-3.889121711254119873e-01
8.384999999999999787e+00,-3.801620602607727051e-01
8.385999999999999233e+00,-3.045358955860137939e-01
8.387000000000000455e+00,-3.032858669757843018e-01
8.387999999999999901e+00,-3.229736685752868652e-01
8.388999999999999346e+00,-3.307862877845764160e-01
8.390000000000000568e+00,-3.385989069938659668e-01
8.391000000000000014e+00,-3.429739773273468018e-01
8.391999999999999460e+00,-3.501615822315216064e-01
8.393000000000000682e+00,-3.551616668701171875e-01
8.394000000000000128e+00,-3.551616668701171875e-01
8.394999999999999574e+00,-3.548491597175598145e-01
8.396000000000000796e+00,-2.820355594158172607e-01
8.397000000000000242e+00,-2.935982346534729004e-01
8.397999999999999687e+00,-3.273487389087677002e-01
8.398999999999999133e+00,-5.976653695106506348e-01
8.400000000000000355e+00,-9.576708674430847168e-01
8.400999999999999801e+00,-1.103298068046569824e+00
8.401999999999999247e+00,-1.168611526489257812e+00
8.403000000000000469e+00,-1.162986516952514648e+00
8.403999999999999915e+00,-1.132986068725585938e+00
8.404999999999999361e+00,-1.082360267639160156e+00
8.406000000000000583e+00,-9.601709246635437012e-01
8.407000000000000028e+00,-9.129827022552490234e-01
8.407999999999999474e+00,-8.895448446273803711e-01
8.409000000000000696e+00,-8.570443391799926758e-01
8.410000000000000142e+00,-8.236063122749328613e-01
8.410999999999999588e+00,-7.932933568954467773e-01
8.412000000000000810e+00,-7.670429348945617676e-01
8.413000000000000256e+00,-7.398550510406494141e-01
8.413999999999999702e+00,-7.126671075820922852e-01
8.414999999999999147e+00,-6.895417571067810059e-01
8.416000000000000369e+00,-5.939152836799621582e-01
8.416999999999999815e+00,-5.876652002334594727e-01
8.417999999999999261e+00,-5.989153981208801270e-01
8.419000000000000483e+00,-6.176656484603881836e-01
8.419999999999999929e+00,-6.286033391952514648e-01
8.420999999999999375e+00,-6.226657629013061523e-01
8.422000000000000597e+00,-6.423535346984863281e-01
8.423000000000000043e+00,-6.276658177375793457e-01
8.423999999999999488e+00,-6.195406913757324219e-01
8.425000000000000711e+00,-5.986028909683227539e-01
8.426000000000000156e+00,-5.189141631126403809e-01
8.426999999999999602e+00,-5.011013746261596680e-01
8.428000000000000824e+00,-5.092265009880065918e-01
8.429000000000000270e+00,-5.107890367507934570e-01
8.429999999999999716e+00,-5.107890367507934570e-01
8.430999999999999162e+00,-5.082889795303344727e-01
8.432000000000000384e+00,-5.067265033721923828e-01
8.432999999999999829e+00,-5.057889819145202637e-01
8.433999999999999275e+00,-5.020388960838317871e-01
8.435000000000000497e+00,-4.995388686656951904e-01
8.435999999999999943e+00,-4.182876348495483398e-01
8.436999999999999389e+00,-4.279752671718597412e-01
8.438000000000000611e+00,-4.564132094383239746e-01
8.439000000000000057e+00,-4.895387291908264160e-01
8.439999999999999503e+00,-5.070390105247497559e-01
8.441000000000000725e+00,-5.161015987396240234e-01
8.442000000000000171e+00,-5.439145565032958984e-01
8.442999999999999616e+00,-5.398519635200500488e-01
8.444000000000000838e+00,-5.404769778251647949e-01
8.445000000000000284e+00,-5.254767537117004395e-01
8.445999999999999730e+00,-4.448505342006683350e-01
8.446999999999999176e+00,-4.370379149913787842e-01
8.448000000000000398e+00,-4.542256891727447510e-01
8.448999999999999844e+00,-2.017218321561813354e-01
8.449999999999999289e+00,1.685963273048400879e-01
8.451000000000000512e+00,3.189111053943634033e-01
8.451999999999999957e+00,3.548491597175598145e-01
8.452999999999999403e+00,3.398489356040954590e-01
8.454000000000000625e+00,3.048484027385711670e-01
8.455000000000000071e+00,2.570351660251617432e-01
8.455999999999999517e+00,2.804730236530303955e-01
8.457000000000000739e+00,2.189095914363861084e-01
8.458000000000000185e+00,1.410959064960479736e-01
8.458999999999999631e+00,6.078217923641204834e-02
8.460000000000000853e+00,4.687571490649133921e-04
8.461000000000000298e+00,-4.578194767236709595e-02
8.461999999999999744e+00,-1.120329573750495911e-01
8.462999999999999190e+00,-1.385958641767501831e-01
8.464000000000000412e+00,-1.639087498188018799e-01
8.464999999999999858e+00,-1.779714673757553101e-01
8.465999999999999304e+00,-1.270331889390945435e-01
8.467000000000000526e+00,-1.354708224534988403e-01
8.467999999999999972e+00,-1.723463833332061768e-01
8.468999999999999417e+00,-1.995342969894409180e-01
8.470000000000000639e+00,-2.167220562696456909e-01
8.471000000000000085e+00,-2.317222803831100464e-01
8.471999999999999531e+00,-2.473475188016891479e-01
8.473000000000000753e+00,-2.601602077484130859e-01
8.474000000000000199e+00,-2.679728269577026367e-01
8.474999999999999645e+00,-2.773479819297790527e-01
8.476000000000000867e+00,-2.126594930887222290e-01
8.477000000000000313e+00,-2.276597172021865845e-01
8.477999999999999758e+00,-2.664103209972381592e-01
8.478999999999999204e+00,-3.054734170436859131e-01
8.480000000000000426e+00,-3.314113020896911621e-01
8.480999999999999872e+00,-3.460990190505981445e-01
8.481999999999999318e+00,-3.804745674133300781e-01
8.483000000000000540e+00,-3.798495531082153320e-01
8.483999999999999986e+00,-3.835996091365814209e-01
8.484999999999999432e+00,-3.792245388031005859e-01
8.486000000000000654e+00,-3.051609098911285400e-01
8.487000000000000099e+00,-2.982858121395111084e-01
8.487999999999999545e+00,-3.185985982418060303e-01
8.489000000000000767e+00,-3.289112746715545654e-01
8.490000000000000213e+00,-3.345363438129425049e-01
8.490999999999999659e+00,-3.407864570617675781e-01
8.492000000000000881e+00,-3.442240059375762939e-01
8.493000000000000327e+00,-3.523491322994232178e-01
8.493999999999999773e+00,-3.514116108417510986e-01
8.494999999999999218e+00,-3.529741466045379639e-01
8.496000000000000441e+00,-2.792230248451232910e-01
8.496999999999999886e+00,-2.895356714725494385e-01
8.497999999999999332e+00,-3.248487114906311035e-01
8.499000000000000554e+00,-5.936028361320495605e-01
8.500000000000000000e+00,-9.482957124710083008e-01
8.500999999999999446e+00,-1.086110353469848633e+00
8.502000000000000668e+00,-1.155798912048339844e+00
8.503000000000000114e+00,-1.145798683166503906e+00
8.503999999999999559e+00,-1.116735816001892090e+00
8.505000000000000782e+00,-1.069235086441040039e+00
8.506000000000000227e+00,-9.504832625389099121e-01
8.506999999999999673e+00,-8.979824781417846680e-01
8.507999999999999119e+00,-8.754820823669433594e-01
8.509000000000000341e+00,-8.439190983772277832e-01
8.509999999999999787e+00,-8.129811286926269531e-01
8.510999999999999233e+00,-7.811056971549987793e-01
8.512000000000000455e+00,-7.557927966117858887e-01
8.512999999999999901e+00,-7.332924604415893555e-01
8.513999999999999346e+00,-7.054795026779174805e-01
8.515000000000000568e+00,-6.820416450500488281e-01
8.516000000000000014e+00,-5.889152288436889648e-01
8.516999999999999460e+00,-5.792275667190551758e-01
8.518000000000000682e+00,-5.907902717590332031e-01
8.519000000000000128e+00,-6.104780435562133789e-01
8.519999999999999574e+00,-6.195406913757324219e-01
8.521000000000000796e+00,-6.192281842231750488e-01
8.522000000000000242e+00,-6.379784941673278809e-01
8.522999999999999687e+00,-6.214157342910766602e-01
8.523999999999999133e+00,-6.117280721664428711e-01
8.525000000000000355e+00,-6.001654267311096191e-01
8.525999999999999801e+00,-5.139141082763671875e-01
8.526999999999999247e+00,-4.945387840270996094e-01
8.528000000000000469e+00,-5.042264461517333984e-01
8.528999999999999915e+00,-5.070390105247497559e-01
8.529999999999999361e+00,-5.051639676094055176e-01
8.531000000000000583e+00,-5.020388960838317871e-01
8.532000000000000028e+00,-5.039139389991760254e-01
8.532999999999999474e+00,-5.023514032363891602e-01
8.534000000000000696e+00,-4.979763627052307129e-01
8.535000000000000142e+00,-4.973513484001159668e-01
8.535999999999999588e+00,-4.182876348495483398e-01
8.537000000000000810e+00,-4.239127039909362793e-01
8.538000000000000256e+00,-4.520381391048431396e-01
8.538999999999999702e+00,-4.848511517047882080e-01
8.539999999999999147e+00,-5.042264461517333984e-01
8.541000000000000369e+00,-5.111015439033508301e-01
8.541999999999999815e+00,-5.395394563674926758e-01
8.542999999999999261e+00,-5.357894301414489746e-01
8.544000000000000483e+00,-5.361019372940063477e-01
8.544999999999999929e+00,-5.270392894744873047e-01
8.545999999999999375e+00,-4.489130973815917969e-01
8.547000000000000597e+00,-4.323503375053405762e-01
8.548000000000000043e+00,-4.501631259918212891e-01
8.548999999999999488e+00,-1.976592689752578735e-01
8.550000000000000711e+00,1.692213267087936401e-01
8.551000000000000156e+00,3.164110779762268066e-01
8.551999999999999602e+00,3.557866811752319336e-01
8.553000000000000824e+00,3.401614427566528320e-01
8.554000000000000270e+00,3.051609098911285400e-01
8.554999999999999716e+00,2.589102089405059814e-01
8.555999999999999162e+00,2.807855308055877686e-01
8.557000000000000384e+00,2.229721546173095703e-01
8.557999999999999829e+00,1.451584696769714355e-01
8.558999999999999275e+00,6.796978414058685303e-02
8.560000000000000497e+00,2.968795364722609520e-03
8.560999999999999943e+00,-4.296940565109252930e-02
8.561999999999999389e+00,-1.082829013466835022e-01
8.563000000000000611e+00,-1.354708224534988403e-01
8.564000000000000057e+00,-1.620337218046188354e-01
8.564999999999999503e+00,-1.798464953899383545e-01
8.566000000000000725e+00,-1.295332312583923340e-01
8.567000000000000171e+00,-1.342207938432693481e-01
8.567999999999999616e+00,-1.689088344573974609e-01
8.569000000000000838e+00,-1.907841563224792480e-01
8.570000000000000284e+00,-2.110969722270965576e-01
8.570999999999999730e+00,-2.273472249507904053e-01
8.571999999999999176e+00,-2.423474490642547607e-01
8.573000000000000398e+00,-2.545351386070251465e-01
8.573999999999999844e+00,-2.635977864265441895e-01
8.574999999999999289e+00,-2.717228829860687256e-01
8.576000000000000512e+00,-2.064093947410583496e-01
8.576999999999999957e+00,-2.214096337556838989e-01
8.577999999999999403e+00,-2.589102089405059814e-01
8.579000000000000625e+00,-3.032858669757843018e-01
8.580000000000000071e+00,-3.285987675189971924e-01
8.580999999999999517e+00,-3.410989642143249512e-01
8.582000000000000739e+00,-3.754744827747344971e-01
8.583000000000000185e+00,-3.764120042324066162e-01
8.583999999999999631e+00,-3.842246234416961670e-01
8.585000000000000853e+00,-3.798495531082153320e-01
8.586000000000000298e+00,-3.039108812808990479e-01
8.586999999999999744e+00,-2.920356988906860352e-01
8.587999999999999190e+00,-3.120360076427459717e-01
8.589000000000000412e+00,-3.217236697673797607e-01
8.589999999999999858e+00,-3.345363438129425049e-01
8.590999999999999304e+00,-3.357863724231719971e-01
8.592000000000000526e+00,-3.385989069938659668e-01
8.592999999999999972e+00,-3.467240333557128906e-01
8.593999999999999417e+00,-3.454740345478057861e-01
8.595000000000000639e+00,-3.492240905761718750e-01
8.596000000000000085e+00,-2.764104604721069336e-01
8.596999999999999531e+00,-2.851606011390686035e-01
8.598000000000000753e+00,-3.182861208915710449e-01
8.599000000000000199e+00,-5.895402431488037109e-01
8.599999999999999645e+00,-9.511082768440246582e-01
8.601000000000000867e+00,-1.093922972679138184e+00
8.602000000000000313e+00,-1.157361388206481934e+00
8.602999999999999758e+00,-1.148923754692077637e+00
8.603999999999999204e+00,-1.117985844612121582e+00
8.605000000000000426e+00,-1.073297619819641113e+00
8.605999999999999872e+00,-9.573583602905273438e-01
8.606999999999999318e+00,-9.029825329780578613e-01
8.608000000000000540e+00,-8.726695775985717773e-01
8.608999999999999986e+00,-8.461066484451293945e-01
8.609999999999999432e+00,-8.132936358451843262e-01
8.611000000000000654e+00,-7.845432162284851074e-01
8.612000000000000099e+00,-7.579802870750427246e-01
8.612999999999999545e+00,-7.323549389839172363e-01
8.614000000000000767e+00,-7.039169669151306152e-01
8.615000000000000213e+00,-6.857917308807373047e-01
8.615999999999999659e+00,-5.895402431488037109e-01
8.617000000000000881e+00,-5.757900476455688477e-01
8.618000000000000327e+00,-5.889152288436889648e-01
8.618999999999999773e+00,-6.114155650138854980e-01
8.619999999999999218e+00,-6.192281842231750488e-01
8.621000000000000441e+00,-6.167281866073608398e-01
8.621999999999999886e+00,-6.345409154891967773e-01
8.622999999999999332e+00,-6.232907772064208984e-01
8.624000000000000554e+00,-6.136031150817871094e-01
8.625000000000000000e+00,-6.001654267311096191e-01
8.625999999999999446e+00,-5.136016011238098145e-01
8.627000000000000668e+00,-4.951637983322143555e-01
8.628000000000000114e+00,-5.029764175415039062e-01
8.628999999999999559e+00,-5.051639676094055176e-01
8.630000000000000782e+00,-5.054764747619628906e-01
8.631000000000000227e+00,-5.039139389991760254e-01
8.631999999999999673e+00,-5.007888674736022949e-01
8.632999999999999119e+00,-5.001638531684875488e-01
8.634000000000000341e+00,-4.961013197898864746e-01
8.634999999999999787e+00,-4.932887852191925049e-01
8.635999999999999233e+00,-4.173501133918762207e-01
8.637000000000000455e+00,-4.217251837253570557e-01
8.637999999999999901e+00,-4.507881402969360352e-01
8.638999999999999346e+00,-4.839136302471160889e-01
8.640000000000000568e+00,-5.011013746261596680e-01
8.641000000000000014e+00,-5.095390081405639648e-01
8.641999999999999460e+00,-5.426645278930664062e-01
8.643000000000000682e+00,-5.326643586158752441e-01
8.644000000000000128e+00,-5.373519659042358398e-01
8.644999999999999574e+00,-5.286018252372741699e-01
8.646000000000000796e+00,-4.504756331443786621e-01
8.647000000000000242e+00,-4.326628446578979492e-01
8.647999999999999687e+00,-4.492256045341491699e-01
8.648999999999999133e+00,-1.954717338085174561e-01
8.650000000000000355e+00,1.739089041948318481e-01
8.650999999999999801e+00,3.179736137390136719e-01
8.651999999999999247e+00,3.542241454124450684e-01
8.653000000000000469e+00,3.423489630222320557e-01
8.653999999999999915e+00,3.048484027385711670e-01
8.654999999999999361e+00,2.560976445674896240e-01
8.656000000000000583e+00,2.785980105400085449e-01
8.657000000000000028e+00,2.223471403121948242e-01
8.657999999999999474e+00,1.420334130525588989e-01
8.659000000000000696e+00,6.328221410512924194e-02
8.660000000000000142e+00,4.218814428895711899e-03
8.660999999999999588e+00,-4.421942308545112610e-02
8.662000000000000810e+00,-1.042203381657600403e-01
8.663000000000000256e+00,-1.357833147048950195e-01
8.663999999999999702e+00,-1.614087074995040894e-01
8.664999999999999147e+00,-1.798464953899383545e-01
8.666000000000000369e+00,-1.310957521200180054e-01
8.666999999999999815e+00,-1.323457658290863037e-01
8.667999999999999261e+00,-1.645337641239166260e-01
8.669000000000000483e+00,-1.914091706275939941e-01
8.669999999999999929e+00,-2.076594233512878418e-01
8.670999999999999375e+00,-2.223471403121948242e-01
8.672000000000000597e+00,-2.379723787307739258e-01
8.673000000000000043e+00,-2.539101243019104004e-01
8.673999999999999488e+00,-2.598477005958557129e-01
8.675000000000000711e+00,-2.710978984832763672e-01
8.676000000000000156e+00,-2.039093673229217529e-01
8.676999999999999602e+00,-2.179720699787139893e-01
8.678000000000000824e+00,-2.526600956916809082e-01
8.679000000000000270e+00,-2.976607978343963623e-01
8.679999999999999716e+00,-3.226611614227294922e-01
8.680999999999999162e+00,-3.370364010334014893e-01
8.682000000000000384e+00,-3.726619482040405273e-01
8.682999999999999829e+00,-3.720369338989257812e-01
8.683999999999999275e+00,-3.773494958877563477e-01
8.685000000000000497e+00,-3.782870173454284668e-01
8.685999999999999943e+00,-3.054734170436859131e-01
8.686999999999999389e+00,-2.907857000827789307e-01
8.688000000000000611e+00,-3.082859516143798828e-01
8.689000000000000057e+00,-3.217236697673797607e-01
8.689999999999999503e+00,-3.260987401008605957e-01
8.691000000000000725e+00,-3.314113020896911621e-01
8.692000000000000171e+00,-3.376614153385162354e-01
8.692999999999999616e+00,-3.407864570617675781e-01
8.694000000000000838e+00,-3.426614701747894287e-01
8.695000000000000284e+00,-3.482865691184997559e-01
8.695999999999999730e+00,-2.748479545116424561e-01
8.696999999999999176e+00,-2.839105725288391113e-01
8.698000000000000398e+00,-3.129735291004180908e-01
8.698999999999999844e+00,-5.836026668548583984e-01
8.699999999999999289e+00,-9.351705312728881836e-01
8.701000000000000512e+00,-1.077672719955444336e+00
8.701999999999999957e+00,-1.140798687934875488e+00
8.702999999999999403e+00,-1.132361054420471191e+00
8.704000000000000625e+00,-1.105485677719116211e+00
8.705000000000000071e+00,-1.064547538757324219e+00
8.705999999999999517e+00,-9.476706981658935547e-01
8.707000000000000739e+00,-8.867322802543640137e-01
8.708000000000000185e+00,-8.632944226264953613e-01
8.708999999999999631e+00,-8.339189887046813965e-01
8.710000000000000853e+00,-8.026685118675231934e-01
8.711000000000000298e+00,-7.745430469512939453e-01
8.711999999999999744e+00,-7.498552203178405762e-01
8.712999999999999190e+00,-7.232922911643981934e-01
8.714000000000000412e+00,-6.954793334007263184e-01
8.714999999999999858e+00,-6.782916188240051270e-01
8.715999999999999304e+00,-5.836026668548583984e-01
8.717000000000000526e+00,-5.701649785041809082e-01
8.717999999999999972e+00,-5.817276239395141602e-01
8.718999999999999417e+00,-6.064155101776123047e-01
8.720000000000000639e+00,-6.123530864715576172e-01
8.721000000000000085e+00,-6.123530864715576172e-01
8.721999999999999531e+00,-6.289158463478088379e-01
8.723000000000000753e+00,-6.173531413078308105e-01
8.724000000000000199e+00,-6.098530292510986328e-01
8.724999999999999645e+00,-6.001654267311096191e-01
8.726000000000000867e+00,-5.182891488075256348e-01
8.727000000000000313e+00,-4.901637434959411621e-01
8.727999999999999758e+00,-4.973513484001159668e-01
8.728999999999999204e+00,-5.026639103889465332e-01
8.730000000000000426e+00,-5.001638531684875488e-01
8.730999999999999872e+00,-5.011013746261596680e-01
8.731999999999999318e+00,-4.970388412475585938e-01
8.733000000000000540e+00,-4.995388686656951904e-01
8.733999999999999986e+00,-4.923512637615203857e-01
8.734999999999999432e+00,-4.914137423038482666e-01
8.736000000000000654e+00,-4.145375788211822510e-01
8.737000000000000099e+00,-4.195376634597778320e-01
8.737999999999999545e+00,-4.411004781723022461e-01
8.739000000000000767e+00,-4.798510670661926270e-01
8.740000000000000213e+00,-4.976638555526733398e-01
8.740999999999999659e+00,-5.064139962196350098e-01
8.742000000000000881e+00,-5.354769229888916016e-01
8.743000000000000327e+00,-5.332893729209899902e-01
8.743999999999999773e+00,-5.248517394065856934e-01
8.744999999999999218e+00,-5.273517966270446777e-01
8.746000000000000441e+00,-4.517256319522857666e-01
8.746999999999999886e+00,-4.270377755165100098e-01
8.747999999999999332e+00,-4.426630139350891113e-01
8.749000000000000554e+00,-1.932841986417770386e-01
8.750000000000000000e+00,1.723463833332061768e-01
8.750999999999999446e+00,3.220361769199371338e-01
8.752000000000000668e+00,3.564116954803466797e-01
8.753000000000000114e+00,3.379738926887512207e-01
8.753999999999999559e+00,3.051609098911285400e-01
8.755000000000000782e+00,2.529726028442382812e-01
8.756000000000000227e+00,2.773479819297790527e-01
8.756999999999999673e+00,2.242221683263778687e-01
8.757999999999999119e+00,1.476584970951080322e-01
8.759000000000000341e+00,6.765728443861007690e-02
8.759999999999999787e+00,6.093842908740043640e-03
8.760999999999999233e+00,-4.078187048435211182e-02
8.762000000000000455e+00,-1.057828664779663086e-01
8.762999999999999901e+00,-1.295332312583923340e-01
8.763999999999999346e+00,-1.592211723327636719e-01
8.765000000000000568e+00,-1.804715096950531006e-01
8.766000000000000014e+00,-1.320332586765289307e-01
8.766999999999999460e+00,-1.295332312583923340e-01
8.768000000000000682e+00,-1.570336520671844482e-01
8.769000000000000128e+00,-1.860965937376022339e-01
8.769999999999999574e+00,-2.026593387126922607e-01
8.771000000000000796e+00,-2.154720425605773926e-01
8.772000000000000242e+00,-2.320347875356674194e-01
8.772999999999999687e+00,-2.489100545644760132e-01
8.773999999999999133e+00,-2.548476457595825195e-01
8.775000000000000355e+00,-2.651602923870086670e-01
8.775999999999999801e+00,-2.054718881845474243e-01
8.776999999999999247e+00,-2.167220562696456909e-01
8.778000000000000469e+00,-2.448474913835525513e-01
8.778999999999999915e+00,-2.929732203483581543e-01
8.779999999999999361e+00,-3.151610493659973145e-01
8.781000000000000583e+00,-3.335988521575927734e-01
8.782000000000000028e+00,-3.670368492603302002e-01
8.782999999999999474e+00,-3.701618909835815430e-01
8.784000000000000696e+00,-3.714119195938110352e-01
8.785000000000000142e+00,-3.745369613170623779e-01
8.785999999999999588e+00,-3.082859516143798828e-01
8.787000000000000810e+00,-2.848480939865112305e-01
8.788000000000000256e+00,-3.054734170436859131e-01
8.788999999999999702e+00,-3.123485147953033447e-01
8.789999999999999147e+00,-3.185985982418060303e-01
8.791000000000000369e+00,-3.276612460613250732e-01
8.791999999999999815e+00,-3.304737806320190430e-01
8.792999999999999261e+00,-3.379738926887512207e-01
8.794000000000000483e+00,-3.382863998413085938e-01
8.794999999999999929e+00,-3.435989916324615479e-01
8.795999999999999375e+00,-2.726604044437408447e-01
8.797000000000000597e+00,-2.760979533195495605e-01
8.798000000000000043e+00,-3.045358955860137939e-01
8.798999999999999488e+00,-5.782900452613830566e-01
8.800000000000000711e+00,-9.289204478263854980e-01
8.801000000000000156e+00,-1.068610072135925293e+00
8.801999999999999602e+00,-1.135798573493957520e+00
8.803000000000000824e+00,-1.122985839843750000e+00
8.804000000000000270e+00,-1.098922967910766602e+00
8.804999999999999716e+00,-1.056734919548034668e+00
8.805999999999999162e+00,-9.464206695556640625e-01
8.807000000000000384e+00,-8.779821395874023438e-01
8.807999999999999829e+00,-8.564193248748779297e-01
8.808999999999999275e+00,-8.279814124107360840e-01
8.810000000000000497e+00,-7.964184284210205078e-01
8.810999999999999943e+00,-7.695429921150207520e-01
8.811999999999999389e+00,-7.442300915718078613e-01
8.813000000000000611e+00,-7.204797267913818359e-01
8.814000000000000057e+00,-6.932918429374694824e-01
8.814999999999999503e+00,-6.748540401458740234e-01
8.816000000000000725e+00,-5.829776525497436523e-01
8.817000000000000171e+00,-5.698524713516235352e-01
8.817999999999999616e+00,-5.767275691032409668e-01
8.819000000000000838e+00,-6.051654815673828125e-01
8.820000000000000284e+00,-6.061030030250549316e-01
8.820999999999999730e+00,-6.082905530929565430e-01
8.821999999999999176e+00,-6.279783248901367188e-01
8.823000000000000398e+00,-6.145406365394592285e-01
8.823999999999999844e+00,-6.082905530929565430e-01
8.824999999999999289e+00,-6.007904410362243652e-01
8.826000000000000512e+00,-5.186016559600830078e-01
8.826999999999999957e+00,-4.861011803150177002e-01
8.827999999999999403e+00,-4.979763627052307129e-01
8.829000000000000625e+00,-4.986013472080230713e-01
8.830000000000000071e+00,-4.951637983322143555e-01
8.830999999999999517e+00,-4.976638555526733398e-01
8.832000000000000739e+00,-4.936012923717498779e-01
8.833000000000000185e+00,-4.970388412475585938e-01
8.833999999999999631e+00,-4.886012077331542969e-01
8.835000000000000853e+00,-4.907887279987335205e-01
8.836000000000000298e+00,-4.170376062393188477e-01
8.836999999999999744e+00,-4.157876074314117432e-01
8.837999999999999190e+00,-4.348503947257995605e-01
8.839000000000000412e+00,-4.792260527610778809e-01
8.839999999999999858e+00,-4.967263340950012207e-01
8.840999999999999304e+00,-5.026639103889465332e-01
8.842000000000000526e+00,-5.311018824577331543e-01
8.842999999999999972e+00,-5.292268395423889160e-01
8.843999999999999417e+00,-5.314143300056457520e-01
8.845000000000000639e+00,-5.282893180847167969e-01
8.846000000000000085e+00,-4.542256891727447510e-01
8.846999999999999531e+00,-4.267252683639526367e-01
8.848000000000000753e+00,-4.404754638671875000e-01
8.849000000000000199e+00,-1.923466920852661133e-01
8.849999999999999645e+00,1.695338338613510132e-01
8.851000000000000867e+00,3.120360076427459717e-01
8.852000000000000313e+00,3.479740619659423828e-01
8.852999999999999758e+00,3.304737806320190430e-01
8.853999999999999204e+00,2.957857549190521240e-01
8.855000000000000426e+00,2.417224347591400146e-01
8.855999999999999872e+00,2.670353353023529053e-01
8.856999999999999318e+00,2.170345634222030640e-01
8.858000000000000540e+00,1.485960185527801514e-01
8.858999999999999986e+00,5.828214064240455627e-02
8.859999999999999432e+00,3.906309604644775391e-03
8.861000000000000654e+00,-3.984435647726058960e-02
8.862000000000000099e+00,-1.054703593254089355e-01
8.862999999999999545e+00,-1.339082866907119751e-01
8.864000000000000767e+00,-1.614087074995040894e-01
8.865000000000000213e+00,-1.845340728759765625e-01
8.865999999999999659e+00,-1.364083290100097656e-01
8.867000000000000881e+00,-1.270331889390945435e-01
8.868000000000000327e+00,-1.604712009429931641e-01
8.868999999999999773e+00,-1.829715371131896973e-01
8.869999999999999218e+00,-2.020343393087387085e-01
8.871000000000000441e+00,-2.176595777273178101e-01
8.871999999999999886e+00,-2.301597595214843750e-01
8.872999999999999332e+00,-2.454724907875061035e-01
8.874000000000000554e+00,-2.523475885391235352e-01
8.875000000000000000e+00,-2.667228281497955322e-01
8.875999999999999446e+00,-2.032843530178070068e-01
8.877000000000000668e+00,-2.114094793796539307e-01
8.878000000000000114e+00,-2.392224073410034180e-01
8.878999999999999559e+00,-2.923482060432434082e-01
8.880000000000000782e+00,-3.142235577106475830e-01
8.881000000000000227e+00,-3.273487389087677002e-01
8.881999999999999673e+00,-3.614117503166198730e-01
8.882999999999999119e+00,-3.623492717742919922e-01
8.884000000000000341e+00,-3.726619482040405273e-01
8.884999999999999787e+00,-3.714119195938110352e-01
8.885999999999999233e+00,-3.120360076427459717e-01
8.887000000000000455e+00,-2.792230248451232910e-01
8.887999999999999901e+00,-2.976607978343963623e-01
8.888999999999999346e+00,-3.129735291004180908e-01
8.890000000000000568e+00,-3.198486268520355225e-01
8.891000000000000014e+00,-3.248487114906311035e-01
8.891999999999999460e+00,-3.273487389087677002e-01
8.893000000000000682e+00,-3.335988521575927734e-01
8.894000000000000128e+00,-3.332863450050354004e-01
8.894999999999999574e+00,-3.398489356040954590e-01
8.896000000000000796e+00,-2.735979259014129639e-01
8.897000000000000242e+00,-2.717228829860687256e-01
8.897999999999999687e+00,-2.992233037948608398e-01
8.898999999999999133e+00,-5.779775977134704590e-01
8.900000000000000355e+00,-9.207953214645385742e-01
8.900999999999999801e+00,-1.062984943389892578e+00
8.901999999999999247e+00,-1.130173444747924805e+00
8.903000000000000469e+00,-1.119548320770263672e+00
8.903999999999999915e+00,-1.091422915458679199e+00
8.904999999999999361e+00,-1.056734919548034668e+00
8.906000000000000583e+00,-9.498582482337951660e-01
8.907000000000000028e+00,-8.764196038246154785e-01
8.907999999999999474e+00,-8.514192700386047363e-01
8.909000000000000696e+00,-8.239188194274902344e-01
8.910000000000000142e+00,-7.904807925224304199e-01
8.910999999999999588e+00,-7.657929062843322754e-01
8.912000000000000810e+00,-7.401675581932067871e-01
8.913000000000000256e+00,-7.176672220230102539e-01
8.913999999999999702e+00,-6.892292499542236328e-01
8.914999999999999147e+00,-6.736040115356445312e-01
8.916000000000000369e+00,-5.854777097702026367e-01
8.916999999999999815e+00,-5.654773712158203125e-01
8.917999999999999261e+00,-5.689149498939514160e-01
8.919000000000000483e+00,-6.029779314994812012e-01
8.919999999999999929e+00,-6.048529744148254395e-01
8.920999999999999375e+00,-6.045404672622680664e-01
8.922000000000000597e+00,-6.242282986640930176e-01
8.923000000000000043e+00,-6.092280745506286621e-01
8.923999999999999488e+00,-6.032904386520385742e-01
8.925000000000000711e+00,-5.989153981208801270e-01
8.926000000000000156e+00,-5.267267823219299316e-01
8.926999999999999602e+00,-4.823511242866516113e-01
8.928000000000000824e+00,-4.942262768745422363e-01
8.929000000000000270e+00,-4.976638555526733398e-01
8.929999999999999716e+00,-4.957888126373291016e-01
8.930999999999999162e+00,-4.951637983322143555e-01
8.932000000000000384e+00,-4.932887852191925049e-01
8.932999999999999829e+00,-4.932887852191925049e-01
8.933999999999999275e+00,-4.886012077331542969e-01
8.935000000000000497e+00,-4.914137423038482666e-01
8.935999999999999943e+00,-4.195376634597778320e-01
8.936999999999999389e+00,-4.095374941825866699e-01
8.938000000000000611e+00,-4.323503375053405762e-01
8.939000000000000057e+00,-4.795385599136352539e-01
8.939999999999999503e+00,-4.904762208461761475e-01
8.941000000000000725e+00,-5.011013746261596680e-01
8.942000000000000171e+00,-5.292268395423889160e-01
8.942999999999999616e+00,-5.257892608642578125e-01
8.944000000000000838e+00,-5.251642465591430664e-01
8.945000000000000284e+00,-5.270392894744873047e-01
8.945999999999999730e+00,-4.598507583141326904e-01
8.946999999999999176e+00,-4.242252111434936523e-01
8.948000000000000398e+00,-4.373504221439361572e-01
8.948999999999999844e+00,-1.904716491699218750e-01
8.949999999999999289e+00,1.804715096950531006e-01
8.951000000000000512e+00,3.204736411571502686e-01
8.951999999999999957e+00,3.542241454124450684e-01
8.952999999999999403e+00,3.382863998413085938e-01
8.954000000000000625e+00,3.032858669757843018e-01
8.955000000000000071e+00,2.539101243019104004e-01
8.955999999999999517e+00,2.676603198051452637e-01
8.957000000000000739e+00,2.229721546173095703e-01
8.958000000000000185e+00,1.573461443185806274e-01
8.958999999999999631e+00,6.359472125768661499e-02
8.960000000000000853e+00,1.046890951693058014e-02
8.961000000000000298e+00,-3.765682503581047058e-02
8.961999999999999744e+00,-9.984527528285980225e-02
8.962999999999999190e+00,-1.239081397652626038e-01
8.964000000000000412e+00,-1.520335674285888672e-01
8.964999999999999858e+00,-1.798464953899383545e-01
8.965999999999999304e+00,-1.373458504676818848e-01
8.967000000000000526e+00,-1.217206045985221863e-01
8.967999999999999972e+00,-1.542211025953292847e-01
8.968999999999999417e+00,-1.757839322090148926e-01
8.970000000000000639e+00,-1.942217200994491577e-01
8.971000000000000085e+00,-2.110969722270965576e-01
8.971999999999999531e+00,-2.314097881317138672e-01
8.973000000000000753e+00,-2.420349419116973877e-01
8.974000000000000199e+00,-2.476600259542465210e-01
8.974999999999999645e+00,-2.626602649688720703e-01
8.976000000000000867e+00,-2.004718035459518433e-01
8.977000000000000313e+00,-2.064093947410583496e-01
8.977999999999999758e+00,-2.342223227024078369e-01
8.978999999999999204e+00,-2.901606857776641846e-01
8.980000000000000426e+00,-3.060984313488006592e-01
8.980999999999999872e+00,-3.239111900329589844e-01
8.981999999999999318e+00,-3.557866811752319336e-01
8.983000000000000540e+00,-3.576616942882537842e-01
8.983999999999999986e+00,-3.626617789268493652e-01
8.984999999999999432e+00,-3.676618635654449463e-01
8.986000000000000654e+00,-3.085984587669372559e-01
8.987000000000000099e+00,-2.720353901386260986e-01
8.987999999999999545e+00,-2.929732203483581543e-01
8.989000000000000767e+00,-3.042233884334564209e-01
8.990000000000000213e+00,-3.126610219478607178e-01
8.990999999999999659e+00,-3.182861208915710449e-01
8.992000000000000881e+00,-3.264112174510955811e-01
8.993000000000000327e+00,-3.295362889766693115e-01
8.993999999999999773e+00,-3.282862603664398193e-01
8.994999999999999218e+00,-3.357863724231719971e-01
8.996000000000000441e+00,-2.704728841781616211e-01
8.996999999999999886e+00,-2.676603198051452637e-01
8.997999999999999332e+00,-2.882856428623199463e-01
8.999000000000000554e+00,-5.748525261878967285e-01
9.000000000000000000e+00,-9.120451807975769043e-01
9.000999999999999446e+00,-1.054859876632690430e+00
9.002000000000000668e+00,-1.124235868453979492e+00
9.003000000000000114e+00,-1.108923196792602539e+00
9.003999999999999559e+00,-1.082360267639160156e+00
9.005000000000000782e+00,-1.050172328948974609e+00
9.006000000000000227e+00,-9.461081624031066895e-01
9.006999999999999673e+00,-8.689194917678833008e-01
9.007999999999999119e+00,-8.439190983772277832e-01
9.009000000000000341e+00,-8.204812407493591309e-01
9.009999999999999787e+00,-7.864182591438293457e-01
9.010999999999999233e+00,-7.617303729057312012e-01
9.012000000000000455e+00,-7.345424294471740723e-01
9.012999999999999901e+00,-7.126671075820922852e-01
9.013999999999999346e+00,-6.832916736602783203e-01
9.015000000000000568e+00,-6.689164638519287109e-01
9.016000000000000014e+00,-5.854777097702026367e-01
9.016999999999999460e+00,-5.586022734642028809e-01
9.018000000000000682e+00,-5.607898235321044922e-01
9.019000000000000128e+00,-6.011029481887817383e-01
9.019999999999999574e+00,-6.004779338836669922e-01
9.021000000000000796e+00,-5.995404124259948730e-01
9.022000000000000242e+00,-6.220407485961914062e-01
9.022999999999999687e+00,-6.067280173301696777e-01
9.023999999999999133e+00,-6.004779338836669922e-01
9.025000000000000355e+00,-5.967278480529785156e-01
9.025999999999999801e+00,-5.279768109321594238e-01
9.026999999999999247e+00,-4.814136028289794922e-01
9.028000000000000469e+00,-4.870386719703674316e-01
9.028999999999999915e+00,-4.932887852191925049e-01
9.029999999999999361e+00,-4.945387840270996094e-01
9.031000000000000583e+00,-4.911012351512908936e-01
9.032000000000000028e+00,-4.911012351512908936e-01
9.032999999999999474e+00,-4.936012923717498779e-01
9.034000000000000696e+00,-4.826636016368865967e-01
9.035000000000000142e+00,-4.870386719703674316e-01
9.035999999999999588e+00,-4.164125919342041016e-01
9.037000000000000810e+00,-4.089124798774719238e-01
9.038000000000000256e+00,-4.242252111434936523e-01
9.038999999999999702e+00,-4.786010384559631348e-01
9.039999999999999147e+00,-4.857886731624603271e-01
9.041000000000000369e+00,-4.979763627052307129e-01
9.041999999999999815e+00,-5.307893753051757812e-01
9.042999999999999261e+00,-5.251642465591430664e-01
9.044000000000000483e+00,-5.220392346382141113e-01
9.044999999999999929e+00,-5.273517966270446777e-01
9.045999999999999375e+00,-4.576632380485534668e-01
9.047000000000000597e+00,-4.195376634597778320e-01
9.048000000000000043e+00,-4.332878589630126953e-01
9.048999999999999488e+00,-1.864091008901596069e-01
9.050000000000000711e+00,1.807840019464492798e-01
9.051000000000000156e+00,3.220361769199371338e-01
9.051999999999999602e+00,3.542241454124450684e-01
9.053000000000000824e+00,3.382863998413085938e-01
9.054000000000000270e+00,3.067234158515930176e-01
9.054999999999999716e+00,2.517226040363311768e-01
9.055999999999999162e+00,2.689103484153747559e-01
9.057000000000000384e+00,2.264097034931182861e-01
9.057999999999999829e+00,1.610962152481079102e-01
9.058999999999999275e+00,6.234470009803771973e-02
9.060000000000000497e+00,1.328145246952772141e-02
9.060999999999999943e+00,-3.265674784779548645e-02
9.061999999999999389e+00,-9.953276813030242920e-02
9.063000000000000611e+00,-1.207830905914306641e-01
9.064000000000000057e+00,-1.473460048437118530e-01
9.064999999999999503e+00,-1.770339459180831909e-01
9.066000000000000725e+00,-1.326582729816436768e-01
9.067000000000000171e+00,-1.148454993963241577e-01
9.067999999999999616e+00,-1.485960185527801514e-01
9.069000000000000838e+00,-1.745339184999465942e-01
9.070000000000000284e+00,-1.901591569185256958e-01
9.070999999999999730e+00,-2.042218595743179321e-01
9.071999999999999176e+00,-2.204721122980117798e-01
9.073000000000000398e+00,-2.339098155498504639e-01
9.073999999999999844e+00,-2.404724210500717163e-01
9.074999999999999289e+00,-2.545351386070251465e-01
9.076000000000000512e+00,-1.970342546701431274e-01
9.076999999999999957e+00,-1.970342546701431274e-01
9.077999999999999403e+00,-2.226596474647521973e-01
9.079000000000000625e+00,-2.829730808734893799e-01
9.080000000000000071e+00,-3.010983467102050781e-01
9.080999999999999517e+00,-3.151610493659973145e-01
9.082000000000000739e+00,-3.529741466045379639e-01
9.083000000000000185e+00,-3.545366525650024414e-01
9.083999999999999631e+00,-3.564116954803466797e-01
9.085000000000000853e+00,-3.614117503166198730e-01
9.086000000000000298e+00,-3.014108538627624512e-01
9.086999999999999744e+00,-2.698478698730468750e-01
9.087999999999999190e+00,-2.879731357097625732e-01
9.089000000000000412e+00,-3.004733324050903320e-01
9.089999999999999858e+00,-3.045358955860137939e-01
9.090999999999999304e+00,-3.098484873771667480e-01
9.092000000000000526e+00,-3.192236125469207764e-01
9.092999999999999972e+00,-3.229736685752868652e-01
9.093999999999999417e+00,-3.201611340045928955e-01
9.095000000000000639e+00,-3.304737806320190430e-01
9.096000000000000085e+00,-2.623477578163146973e-01
9.096999999999999531e+00,-2.620352506637573242e-01
9.098000000000000753e+00,-2.798480093479156494e-01
9.099000000000000199e+00,-5.698524713516235352e-01
9.099999999999999645e+00,-9.151701927185058594e-01
9.101000000000000867e+00,-1.057984948158264160e+00
9.102000000000000313e+00,-1.127673506736755371e+00
9.102999999999999758e+00,-1.112985730171203613e+00
9.103999999999999204e+00,-1.083922743797302246e+00
9.105000000000000426e+00,-1.051109790802001953e+00
9.105999999999999872e+00,-9.501707553863525391e-01
9.106999999999999318e+00,-8.711070418357849121e-01
9.108000000000000540e+00,-8.448566198348999023e-01
9.108999999999999986e+00,-8.204812407493591309e-01
9.109999999999999432e+00,-7.889183163642883301e-01
9.111000000000000654e+00,-7.645429372787475586e-01
9.112000000000000099e+00,-7.382925152778625488e-01
9.112999999999999545e+00,-7.157921791076660156e-01
9.114000000000000767e+00,-6.848542094230651855e-01
9.115000000000000213e+00,-6.736040115356445312e-01
9.115999999999999659e+00,-5.836026668548583984e-01
9.117000000000000881e+00,-5.592272877693176270e-01
9.118000000000000327e+00,-5.579772591590881348e-01
9.118999999999999773e+00,-6.023529171943664551e-01
9.119999999999999218e+00,-5.995404124259948730e-01
9.121000000000000441e+00,-6.020404100418090820e-01
9.121999999999999886e+00,-6.217282414436340332e-01
9.122999999999999332e+00,-6.095405220985412598e-01
9.124000000000000554e+00,-5.979778766632080078e-01
9.125000000000000000e+00,-5.976653695106506348e-01
9.125999999999999446e+00,-5.232892632484436035e-01
9.127000000000000668e+00,-4.795385599136352539e-01
9.128000000000000114e+00,-4.876636862754821777e-01
9.128999999999999559e+00,-4.911012351512908936e-01
9.130000000000000782e+00,-4.895387291908264160e-01
9.131000000000000227e+00,-4.920387566089630127e-01
9.131999999999999673e+00,-4.907887279987335205e-01
9.132999999999999119e+00,-4.942262768745422363e-01
9.134000000000000341e+00,-4.836011230945587158e-01
9.134999999999999787e+00,-4.864136576652526855e-01
9.135999999999999233e+00,-4.198501706123352051e-01
9.137000000000000455e+00,-4.067249596118927002e-01
9.137999999999999901e+00,-4.220376908779144287e-01
9.138999999999999346e+00,-4.782885611057281494e-01
9.140000000000000568e+00,-4.851636588573455811e-01
9.141000000000000014e+00,-4.957888126373291016e-01
9.141999999999999460e+00,-5.286018252372741699e-01
9.143000000000000682e+00,-5.242267251014709473e-01
9.144000000000000128e+00,-5.226642489433288574e-01
9.144999999999999574e+00,-5.223517417907714844e-01
9.146000000000000796e+00,-4.567257165908813477e-01
9.147000000000000242e+00,-4.198501706123352051e-01
9.147999999999999687e+00,-4.348503947257995605e-01
9.148999999999999133e+00,-1.876591145992279053e-01
9.150000000000000355e+00,1.807840019464492798e-01
9.150999999999999801e+00,3.223486542701721191e-01
9.151999999999999247e+00,3.517241179943084717e-01
9.153000000000000469e+00,3.379738926887512207e-01
9.153999999999999915e+00,3.020358681678771973e-01
9.154999999999999361e+00,2.492225468158721924e-01
9.156000000000000583e+00,2.645352780818939209e-01
9.157000000000000028e+00,2.292222529649734497e-01
9.157999999999999474e+00,1.664087921380996704e-01
9.159000000000000696e+00,6.640726327896118164e-02
9.160000000000000142e+00,1.421896740794181824e-02
9.160999999999999588e+00,-3.359426185488700867e-02
9.162000000000000810e+00,-9.953276813030242920e-02
9.163000000000000256e+00,-1.204705908894538879e-01
9.163999999999999702e+00,-1.482835114002227783e-01
9.164999999999999147e+00,-1.757839322090148926e-01
9.166000000000000369e+00,-1.298457384109497070e-01
9.166999999999999815e+00,-1.107829436659812927e-01
9.167999999999999261e+00,-1.445334553718566895e-01
9.169000000000000483e+00,-1.689088344573974609e-01
9.169999999999999929e+00,-1.870341002941131592e-01
9.170999999999999375e+00,-1.998468041419982910e-01
9.172000000000000597e+00,-2.179720699787139893e-01
9.173000000000000043e+00,-2.339098155498504639e-01
9.173999999999999488e+00,-2.360973507165908813e-01
9.175000000000000711e+00,-2.520350813865661621e-01
9.176000000000000156e+00,-1.929716914892196655e-01
9.176999999999999602e+00,-1.942217200994491577e-01
9.178000000000000824e+00,-2.157845497131347656e-01
9.179000000000000270e+00,-2.798480093479156494e-01
9.179999999999999716e+00,-2.942232489585876465e-01
9.180999999999999162e+00,-3.129735291004180908e-01
9.182000000000000384e+00,-3.510991036891937256e-01
9.182999999999999829e+00,-3.473490476608276367e-01
9.183999999999999275e+00,-3.489115834236145020e-01
9.185000000000000497e+00,-3.570367097854614258e-01
9.185999999999999943e+00,-2.985983192920684814e-01
9.186999999999999389e+00,-2.645352780818939209e-01
9.188000000000000611e+00,-2.842230796813964844e-01
9.189000000000000057e+00,-2.957857549190521240e-01
9.189999999999999503e+00,-3.054734170436859131e-01
9.191000000000000725e+00,-3.079734444618225098e-01
9.192000000000000171e+00,-3.167235851287841797e-01
9.192999999999999616e+00,-3.160985708236694336e-01
9.194000000000000838e+00,-3.148485422134399414e-01
9.195000000000000284e+00,-3.257862329483032227e-01
9.195999999999999730e+00,-2.614102363586425781e-01
9.196999999999999176e+00,-2.551601529121398926e-01
9.198000000000000398e+00,-2.704728841781616211e-01
9.198999999999999844e+00,-5.611023306846618652e-01
9.199999999999999289e+00,-9.039200544357299805e-01
9.201000000000000512e+00,-1.043922185897827148e+00
9.201999999999999957e+00,-1.112048268318176270e+00
9.202999999999999403e+00,-1.099860548973083496e+00
9.204000000000000625e+00,-1.072672605514526367e+00
9.205000000000000071e+00,-1.038609623908996582e+00
9.205999999999999517e+00,-9.357955455780029297e-01
9.207000000000000739e+00,-8.601693511009216309e-01
9.208000000000000185e+00,-8.364189863204956055e-01
9.208999999999999631e+00,-8.086060881614685059e-01
9.210000000000000853e+00,-7.832931876182556152e-01
9.211000000000000298e+00,-7.554802894592285156e-01
9.211999999999999744e+00,-7.279798388481140137e-01
9.212999999999999190e+00,-7.061045169830322266e-01
9.214000000000000412e+00,-6.792291402816772461e-01
9.214999999999999858e+00,-6.664164066314697266e-01
9.215999999999999304e+00,-5.811026096343994141e-01
9.217000000000000526e+00,-5.529772043228149414e-01
9.217999999999999972e+00,-5.504771471023559570e-01
9.218999999999999417e+00,-5.989153981208801270e-01
9.220000000000000639e+00,-5.932903289794921875e-01
9.221000000000000085e+00,-5.951653122901916504e-01
9.221999999999999531e+00,-6.198531985282897949e-01
9.223000000000000753e+00,-6.054779887199401855e-01
9.224000000000000199e+00,-5.914152860641479492e-01
9.224999999999999645e+00,-5.939152836799621582e-01
9.226000000000000867e+00,-5.223517417907714844e-01
9.227000000000000313e+00,-4.761010110378265381e-01
9.227999999999999758e+00,-4.864136576652526855e-01
9.228999999999999204e+00,-4.901637434959411621e-01
9.230000000000000426e+00,-4.876636862754821777e-01
9.230999999999999872e+00,-4.907887279987335205e-01
9.231999999999999318e+00,-4.879761934280395508e-01
9.233000000000000540e+00,-4.879761934280395508e-01
9.233999999999999986e+00,-4.754759967327117920e-01
9.234999999999999432e+00,-4.845386445522308350e-01
9.236000000000000654e+00,-4.198501706123352051e-01
9.237000000000000099e+00,-4.079749882221221924e-01
9.237999999999999545e+00,-4.151625931262969971e-01
9.239000000000000767e+00,-4.782885611057281494e-01
9.240000000000000213e+00,-4.839136302471160889e-01
9.240999999999999659e+00,-4.964138269424438477e-01
9.242000000000000881e+00,-5.264142751693725586e-01
9.243000000000000327e+00,-5.217267274856567383e-01
9.243999999999999773e+00,-5.198516845703125000e-01
9.244999999999999218e+00,-5.242267251014709473e-01
9.246000000000000441e+00,-4.564132094383239746e-01
9.246999999999999886e+00,-4.161000847816467285e-01
9.247999999999999332e+00,-4.326628446578979492e-01
9.249000000000000554e+00,-1.873466074466705322e-01
9.250000000000000000e+00,1.801590025424957275e-01
9.250999999999999446e+00,3.223486542701721191e-01
9.252000000000000668e+00,3.535991311073303223e-01
9.253000000000000114e+00,3.354738652706146240e-01
9.253999999999999559e+00,3.010983467102050781e-01
9.255000000000000782e+00,2.492225468158721924e-01
9.256000000000000227e+00,2.648477852344512939e-01
9.256999999999999673e+00,2.276597172021865845e-01
9.257999999999999119e+00,1.673462986946105957e-01
9.259000000000000341e+00,6.328221410512924194e-02
9.259999999999999787e+00,1.765652000904083252e-02
9.260999999999999233e+00,-2.890669181942939758e-02
9.262000000000000455e+00,-9.547020494937896729e-02
9.262999999999999901e+00,-1.157830134034156799e-01
9.263999999999999346e+00,-1.435959339141845703e-01
9.265000000000000568e+00,-1.701588481664657593e-01
9.266000000000000014e+00,-1.273456960916519165e-01
9.266999999999999460e+00,-1.098454296588897705e-01
9.268000000000000682e+00,-1.429709345102310181e-01
9.269000000000000128e+00,-1.657837778329849243e-01
9.269999999999999574e+00,-1.795339882373809814e-01
9.271000000000000796e+00,-1.989092826843261719e-01
9.272000000000000242e+00,-2.157845497131347656e-01
9.272999999999999687e+00,-2.260971963405609131e-01
9.273999999999999133e+00,-2.307847738265991211e-01
9.275000000000000355e+00,-2.485975474119186401e-01
9.275999999999999801e+00,-1.907841563224792480e-01
9.276999999999999247e+00,-1.898466497659683228e-01
9.278000000000000469e+00,-2.045343667268753052e-01
9.278999999999999915e+00,-2.742229402065277100e-01
9.279999999999999361e+00,-2.876606285572052002e-01
9.281000000000000583e+00,-3.073484301567077637e-01
9.282000000000000028e+00,-3.426614701747894287e-01
9.282999999999999474e+00,-3.398489356040954590e-01
9.284000000000000696e+00,-3.439114987850189209e-01
9.285000000000000142e+00,-3.542241454124450684e-01
9.285999999999999588e+00,-2.926607131958007812e-01
9.287000000000000810e+00,-2.560976445674896240e-01
9.288000000000000256e+00,-2.770354747772216797e-01
9.288999999999999702e+00,-2.929732203483581543e-01
9.289999999999999147e+00,-2.957857549190521240e-01
9.291000000000000369e+00,-2.998483180999755859e-01
9.291999999999999815e+00,-3.098484873771667480e-01
9.292999999999999261e+00,-3.095359802246093750e-01
9.294000000000000483e+00,-3.089109659194946289e-01
9.294999999999999929e+00,-3.201611340045928955e-01
9.295999999999999375e+00,-2.604727149009704590e-01
9.297000000000000597e+00,-2.476600259542465210e-01
9.298000000000000043e+00,-2.635977864265441895e-01
9.298999999999999488e+00,-5.604773163795471191e-01
9.300000000000000711e+00,-9.014199972152709961e-01
9.301000000000000156e+00,-1.042047142982482910e+00
9.301999999999999602e+00,-1.113923192024230957e+00
9.303000000000000824e+00,-1.101423025131225586e+00
9.304000000000000270e+00,-1.070172548294067383e+00
9.304999999999999716e+00,-1.041109681129455566e+00
9.305999999999999162e+00,-9.364205598831176758e-01
9.307000000000000384e+00,-8.601693511009216309e-01
9.307999999999999829e+00,-8.364189863204956055e-01
9.308999999999999275e+00,-8.126686215400695801e-01
9.310000000000000497e+00,-7.811056971549987793e-01
9.310999999999999943e+00,-7.573553323745727539e-01
9.311999999999999389e+00,-7.311049103736877441e-01
9.313000000000000611e+00,-7.067295312881469727e-01
9.314000000000000057e+00,-6.798540949821472168e-01
9.314999999999999503e+00,-6.667289137840270996e-01
9.316000000000000725e+00,-5.848526954650878906e-01
9.317000000000000171e+00,-5.529772043228149414e-01
9.317999999999999616e+00,-5.498521327972412109e-01
9.319000000000000838e+00,-5.970403552055358887e-01
9.320000000000000284e+00,-5.945402979850769043e-01
9.320999999999999730e+00,-5.926653146743774414e-01
9.321999999999999176e+00,-6.214157342910766602e-01
9.323000000000000398e+00,-6.098530292510986328e-01
9.323999999999999844e+00,-5.961028337478637695e-01
9.324999999999999289e+00,-5.945402979850769043e-01
9.326000000000000512e+00,-5.217267274856567383e-01
9.326999999999999957e+00,-4.773510396480560303e-01
9.327999999999999403e+00,-4.842261373996734619e-01
9.329000000000000625e+00,-4.923512637615203857e-01
9.330000000000000071e+00,-4.898512363433837891e-01
9.330999999999999517e+00,-4.901637434959411621e-01
9.332000000000000739e+00,-4.911012351512908936e-01
9.333000000000000185e+00,-4.892262220382690430e-01
9.333999999999999631e+00,-4.795385599136352539e-01
9.335000000000000853e+00,-4.820386171340942383e-01
9.336000000000000298e+00,-4.232877194881439209e-01
9.336999999999999744e+00,-4.032874107360839844e-01
9.337999999999999190e+00,-4.173501133918762207e-01
9.339000000000000412e+00,-4.751634895801544189e-01
9.339999999999999858e+00,-4.820386171340942383e-01
9.340999999999999304e+00,-4.914137423038482666e-01
9.342000000000000526e+00,-5.286018252372741699e-01
9.342999999999999972e+00,-5.192266702651977539e-01
9.343999999999999417e+00,-5.173516273498535156e-01
9.345000000000000639e+00,-5.236017107963562012e-01
9.346000000000000085e+00,-4.542256891727447510e-01
9.346999999999999531e+00,-4.167250990867614746e-01
9.348000000000000753e+00,-4.298503100872039795e-01
9.349000000000000199e+00,-1.851590722799301147e-01
9.349999999999999645e+00,1.792214810848236084e-01
9.351000000000000867e+00,3.182861208915710449e-01
9.352000000000000313e+00,3.529741466045379639e-01
9.352999999999999758e+00,3.329738378524780273e-01
9.353999999999999204e+00,3.029733598232269287e-01
9.355000000000000426e+00,2.482850402593612671e-01
9.355999999999999872e+00,2.595352232456207275e-01
9.356999999999999318e+00,2.267222106456756592e-01
9.358000000000000540e+00,1.685963273048400879e-01
9.358999999999999986e+00,6.546974927186965942e-02
9.359999999999999432e+00,2.046906203031539917e-02
9.361000000000000654e+00,-2.921919524669647217e-02
9.362000000000000099e+00,-9.390768408775329590e-02
9.362999999999999545e+00,-1.185955628752708435e-01
9.364000000000000767e+00,-1.389083713293075562e-01
9.365000000000000213e+00,-1.692213267087936401e-01
9.365999999999999659e+00,-1.267206817865371704e-01
9.367000000000000881e+00,-1.039078384637832642e-01
9.368000000000000327e+00,-1.373458504676818848e-01
9.368999999999999773e+00,-1.626587361097335815e-01
9.369999999999999218e+00,-1.767214536666870117e-01
9.371000000000000441e+00,-1.960967481136322021e-01
9.371999999999999886e+00,-2.076594233512878418e-01
9.372999999999999332e+00,-2.229721546173095703e-01
9.374000000000000554e+00,-2.267222106456756592e-01
9.375000000000000000e+00,-2.435974627733230591e-01
9.375999999999999446e+00,-1.885966211557388306e-01
9.377000000000000668e+00,-1.823465377092361450e-01
9.378000000000000114e+00,-2.017218321561813354e-01
9.378999999999999559e+00,-2.670353353023529053e-01
9.380000000000000782e+00,-2.820355594158172607e-01
9.381000000000000227e+00,-2.995358109474182129e-01
9.381999999999999673e+00,-3.407864570617675781e-01
9.382999999999999119e+00,-3.351613581180572510e-01
9.384000000000000341e+00,-3.417239785194396973e-01
9.384999999999999787e+00,-3.492240905761718750e-01
9.385999999999999233e+00,-2.873481214046478271e-01
9.387000000000000455e+00,-2.507850825786590576e-01
9.387999999999999901e+00,-2.698478698730468750e-01
9.388999999999999346e+00,-2.867231369018554688e-01
9.390000000000000568e+00,-2.907857000827789307e-01
9.391000000000000014e+00,-3.010983467102050781e-01
9.391999999999999460e+00,-3.020358681678771973e-01
9.393000000000000682e+00,-3.070359230041503906e-01
9.394000000000000128e+00,-3.057859241962432861e-01
9.394999999999999574e+00,-3.167235851287841797e-01
9.396000000000000796e+00,-2.554726600646972656e-01
9.397000000000000242e+00,-2.429724633693695068e-01
9.397999999999999687e+00,-2.582851946353912354e-01
9.398999999999999133e+00,-5.551646947860717773e-01
9.400000000000000355e+00,-8.857947587966918945e-01
9.400999999999999801e+00,-1.027359485626220703e+00
9.401999999999999247e+00,-1.099860548973083496e+00
9.403000000000000469e+00,-1.086110353469848633e+00
9.403999999999999915e+00,-1.053297281265258789e+00
9.404999999999999361e+00,-1.031109452247619629e+00
9.406000000000000583e+00,-9.248578548431396484e-01
9.407000000000000028e+00,-8.498567342758178711e-01
9.407999999999999474e+00,-8.254813551902770996e-01
9.409000000000000696e+00,-7.989184260368347168e-01
9.410000000000000142e+00,-7.714180350303649902e-01
9.410999999999999588e+00,-7.457926273345947266e-01
9.412000000000000810e+00,-7.232922911643981934e-01
9.413000000000000256e+00,-6.995419263839721680e-01
9.413999999999999702e+00,-6.739165186882019043e-01
9.414999999999999147e+00,-6.601663231849670410e-01
9.416000000000000369e+00,-5.817276239395141602e-01
9.416999999999999815e+00,-5.492271184921264648e-01
9.417999999999999261e+00,-5.442270636558532715e-01
9.419000000000000483e+00,-5.951653122901916504e-01
9.419999999999999929e+00,-5.889152288436889648e-01
9.420999999999999375e+00,-5.920403003692626953e-01
9.422000000000000597e+00,-6.192281842231750488e-01
9.423000000000000043e+00,-6.011029481887817383e-01
9.423999999999999488e+00,-5.907902717590332031e-01
9.425000000000000711e+00,-5.914152860641479492e-01
9.426000000000000156e+00,-5.189141631126403809e-01
9.426999999999999602e+00,-4.717259407043457031e-01
9.428000000000000824e+00,-4.823511242866516113e-01
9.429000000000000270e+00,-4.879761934280395508e-01
9.429999999999999716e+00,-4.848511517047882080e-01
9.430999999999999162e+00,-4.879761934280395508e-01
9.432000000000000384e+00,-4.870386719703674316e-01
9.432999999999999829e+00,-4.854761660099029541e-01
9.433999999999999275e+00,-4.757885038852691650e-01
9.435000000000000497e+00,-4.817261099815368652e-01
9.435999999999999943e+00,-4.214126765727996826e-01
9.436999999999999389e+00,-4.017248749732971191e-01
9.438000000000000611e+00,-4.132875502109527588e-01
9.439000000000000057e+00,-4.745385050773620605e-01
9.439999999999999503e+00,-4.811010956764221191e-01
9.441000000000000725e+00,-4.889137148857116699e-01
9.442000000000000171e+00,-5.245392322540283203e-01
9.442999999999999616e+00,-5.195391774177551270e-01
9.444000000000000838e+00,-5.142266154289245605e-01
9.445000000000000284e+00,-5.198516845703125000e-01
9.445999999999999730e+00,-4.542256891727447510e-01
9.446999999999999176e+00,-4.117250442504882812e-01
9.448000000000000398e+00,-4.279752671718597412e-01
9.448999999999999844e+00,-1.804715096950531006e-01
9.449999999999999289e+00,1.845340728759765625e-01
9.451000000000000512e+00,3.192236125469207764e-01
9.451999999999999957e+00,3.507865965366363525e-01
9.452999999999999403e+00,3.351613581180572510e-01
9.454000000000000625e+00,3.039108812808990479e-01
9.455000000000000071e+00,2.473475188016891479e-01
9.455999999999999517e+00,2.592227160930633545e-01
9.457000000000000739e+00,2.295347452163696289e-01
9.458000000000000185e+00,1.701588481664657593e-01
9.458999999999999631e+00,6.484474241733551025e-02
9.460000000000000853e+00,2.453162521123886108e-02
9.461000000000000298e+00,-2.328160591423511505e-02
9.461999999999999744e+00,-9.265766292810440063e-02
9.462999999999999190e+00,-1.107829436659812927e-01
9.464000000000000412e+00,-1.335957944393157959e-01
9.464999999999999858e+00,-1.629712432622909546e-01
9.465999999999999304e+00,-1.198455765843391418e-01
9.467000000000000526e+00,-9.453269094228744507e-02
9.467999999999999972e+00,-1.292207241058349609e-01
9.468999999999999417e+00,-1.570336520671844482e-01
9.470000000000000639e+00,-1.726588904857635498e-01
9.471000000000000085e+00,-1.914091706275939941e-01
9.471999999999999531e+00,-2.007843106985092163e-01
9.473000000000000753e+00,-2.157845497131347656e-01
9.474000000000000199e+00,-2.195346057415008545e-01
9.474999999999999645e+00,-2.351598441600799561e-01
9.476000000000000867e+00,-1.879716217517852783e-01
9.477000000000000313e+00,-1.742214113473892212e-01
9.477999999999999758e+00,-1.926591843366622925e-01
9.478999999999999204e+00,-2.614102363586425781e-01
9.480000000000000426e+00,-2.732854187488555908e-01
9.480999999999999872e+00,-2.914106845855712891e-01
9.481999999999999318e+00,-3.345363438129425049e-01
9.483000000000000540e+00,-3.289112746715545654e-01
9.483999999999999986e+00,-3.329738378524780273e-01
9.484999999999999432e+00,-3.432864844799041748e-01
9.486000000000000654e+00,-2.820355594158172607e-01
9.487000000000000099e+00,-2.454724907875061035e-01
9.487999999999999545e+00,-2.635977864265441895e-01
9.489000000000000767e+00,-2.789105176925659180e-01
9.490000000000000213e+00,-2.792230248451232910e-01
9.490999999999999659e+00,-2.901606857776641846e-01
9.492000000000000881e+00,-2.929732203483581543e-01
9.493000000000000327e+00,-2.992233037948608398e-01
9.493999999999999773e+00,-2.954732477664947510e-01
9.494999999999999218e+00,-3.057859241962432861e-01
9.496000000000000441e+00,-2.514100968837738037e-01
9.496999999999999886e+00,-2.348473370075225830e-01
9.497999999999999332e+00,-2.539101243019104004e-01
9.499000000000000554e+00,-5.504771471023559570e-01
9.500000000000000000e+00,-8.867322802543640137e-01
9.500999999999999446e+00,-1.027359485626220703e+00
9.502000000000000668e+00,-1.102360606193542480e+00
9.503000000000000114e+00,-1.085797786712646484e+00
9.503999999999999559e+00,-1.058297395706176758e+00
9.505000000000000782e+00,-1.027046918869018555e+00
9.506000000000000227e+00,-9.261078834533691406e-01
9.506999999999999673e+00,-8.482941985130310059e-01
9.507999999999999119e+00,-8.229812979698181152e-01
9.509000000000000341e+00,-8.042310476303100586e-01
9.509999999999999787e+00,-7.729805707931518555e-01
9.510999999999999233e+00,-7.473551630973815918e-01
9.512000000000000455e+00,-7.254798412322998047e-01
9.512999999999999901e+00,-7.007919549942016602e-01
9.513999999999999346e+00,-6.723539829254150391e-01
9.515000000000000568e+00,-6.573537588119506836e-01
9.516000000000000014e+00,-5.867276787757873535e-01
9.516999999999999460e+00,-5.467271208763122559e-01
9.518000000000000682e+00,-5.454770922660827637e-01
9.519000000000000128e+00,-5.964153409004211426e-01
9.519999999999999574e+00,-5.914152860641479492e-01
9.521000000000000796e+00,-5.911027789115905762e-01
9.522000000000000242e+00,-6.189156770706176758e-01
9.522999999999999687e+00,-6.023529171943664551e-01
9.523999999999999133e+00,-5.923528075218200684e-01
9.525000000000000355e+00,-5.895402431488037109e-01
9.525999999999999801e+00,-5.186016559600830078e-01
9.526999999999999247e+00,-4.729759693145751953e-01
9.528000000000000469e+00,-4.801635742187500000e-01
9.528999999999999915e+00,-4.873511791229248047e-01
9.529999999999999361e+00,-4.842261373996734619e-01
9.531000000000000583e+00,-4.864136576652526855e-01
9.532000000000000028e+00,-4.864136576652526855e-01
9.532999999999999474e+00,-4.839136302471160889e-01
9.534000000000000696e+00,-4.739134907722473145e-01
9.535000000000000142e+00,-4.801635742187500000e-01
9.535999999999999588e+00,-4.217251837253570557e-01
9.537000000000000810e+00,-3.995373547077178955e-01
9.538000000000000256e+00,-4.126625359058380127e-01
9.538999999999999702e+00,-4.751634895801544189e-01
9.539999999999999147e+00,-4.770385324954986572e-01
9.541000000000000369e+00,-4.907887279987335205e-01
9.541999999999999815e+00,-5.254767537117004395e-01
9.542999999999999261e+00,-5.167266130447387695e-01
9.544000000000000483e+00,-5.098515152931213379e-01
9.544999999999999929e+00,-5.179766416549682617e-01
9.545999999999999375e+00,-4.507881402969360352e-01
9.547000000000000597e+00,-4.070374667644500732e-01
9.548000000000000043e+00,-4.245377182960510254e-01
9.548999999999999488e+00,-1.792214810848236084e-01
9.550000000000000711e+00,1.842215657234191895e-01
9.551000000000000156e+00,3.182861208915710449e-01
9.551999999999999602e+00,3.523491322994232178e-01
9.553000000000000824e+00,3.323488235473632812e-01
9.554000000000000270e+00,3.039108812808990479e-01
9.554999999999999716e+00,2.492225468158721924e-01
9.555999999999999162e+00,2.551601529121398926e-01
9.557000000000000384e+00,2.320347875356674194e-01
9.557999999999999829e+00,1.701588481664657593e-01
9.558999999999999275e+00,6.671977043151855469e-02
9.560000000000000497e+00,2.734416723251342773e-02
9.560999999999999943e+00,-2.234409004449844360e-02
9.561999999999999389e+00,-8.140749484300613403e-02
9.563000000000000611e+00,-1.098454296588897705e-01
9.564000000000000057e+00,-1.295332312583923340e-01
9.564999999999999503e+00,-1.579711586236953735e-01
9.566000000000000725e+00,-1.132829785346984863e-01
9.567000000000000171e+00,-9.265766292810440063e-02
9.567999999999999616e+00,-1.235956326127052307e-01
9.569000000000000838e+00,-1.510960608720779419e-01
9.570000000000000284e+00,-1.629712432622909546e-01
9.570999999999999730e+00,-1.832840442657470703e-01
9.571999999999999176e+00,-1.982842683792114258e-01
9.573000000000000398e+00,-2.092219442129135132e-01
9.573999999999999844e+00,-2.123469859361648560e-01
9.574999999999999289e+00,-2.260971963405609131e-01
9.576000000000000512e+00,-1.795339882373809814e-01
9.576999999999999957e+00,-1.657837778329849243e-01
9.577999999999999403e+00,-1.907841563224792480e-01
9.579000000000000625e+00,-2.564101517200469971e-01
9.580000000000000071e+00,-2.682853341102600098e-01
9.580999999999999517e+00,-2.829730808734893799e-01
9.582000000000000739e+00,-3.226611614227294922e-01
9.583000000000000185e+00,-3.260987401008605957e-01
9.583999999999999631e+00,-3.204736411571502686e-01
9.585000000000000853e+00,-3.314113020896911621e-01
9.586000000000000298e+00,-2.726604044437408447e-01
9.586999999999999744e+00,-2.367223650217056274e-01
9.587999999999999190e+00,-2.570351660251617432e-01
9.589000000000000412e+00,-2.720353901386260986e-01
9.589999999999999858e+00,-2.729729115962982178e-01
9.590999999999999304e+00,-2.845355868339538574e-01
9.592000000000000526e+00,-2.879731357097625732e-01
9.592999999999999972e+00,-2.923482060432434082e-01
9.593999999999999417e+00,-2.923482060432434082e-01
9.595000000000000639e+00,-2.970357835292816162e-01
9.596000000000000085e+00,-2.451599836349487305e-01
9.596999999999999531e+00,-2.257846891880035400e-01
9.598000000000000753e+00,-2.442224770784378052e-01
9.599000000000000199e+00,-5.420395135879516602e-01
9.599999999999999645e+00,-8.714195489883422852e-01
9.601000000000000867e+00,-1.010796666145324707e+00
9.602000000000000313e+00,-1.078297734260559082e+00
9.602999999999999758e+00,-1.072047591209411621e+00
9.603999999999999204e+00,-1.040172100067138672e+00
9.605000000000000426e+00,-1.012671709060668945e+00
9.605999999999999872e+00,-9.120451807975769043e-01
9.606999999999999318e+00,-8.348565101623535156e-01
9.608000000000000540e+00,-8.198562860488891602e-01
9.608999999999999986e+00,-7.936058640480041504e-01
9.609999999999999432e+00,-7.636054158210754395e-01
9.611000000000000654e+00,-7.376675009727478027e-01
9.612000000000000099e+00,-7.126671075820922852e-01
9.612999999999999545e+00,-6.939168572425842285e-01
9.614000000000000767e+00,-6.664164066314697266e-01
9.615000000000000213e+00,-6.526662111282348633e-01
9.615999999999999659e+00,-5.795400738716125488e-01
9.617000000000000881e+00,-5.379769802093505859e-01
9.618000000000000327e+00,-5.436020493507385254e-01
9.618999999999999773e+00,-5.932903289794921875e-01
9.619999999999999218e+00,-5.842276811599731445e-01
9.621000000000000441e+00,-5.864151716232299805e-01
9.621999999999999886e+00,-6.117280721664428711e-01
9.622999999999999332e+00,-6.004779338836669922e-01
9.624000000000000554e+00,-5.867276787757873535e-01
9.625000000000000000e+00,-5.811026096343994141e-01
9.625999999999999446e+00,-5.136016011238098145e-01
9.627000000000000668e+00,-4.670383632183074951e-01
9.628000000000000114e+00,-4.770385324954986572e-01
9.628999999999999559e+00,-4.832886159420013428e-01
9.630000000000000782e+00,-4.820386171340942383e-01
9.631000000000000227e+00,-4.829761087894439697e-01
9.631999999999999673e+00,-4.829761087894439697e-01
9.632999999999999119e+00,-4.811010956764221191e-01
9.634000000000000341e+00,-4.726634621620178223e-01
9.634999999999999787e+00,-4.776635468006134033e-01
9.635999999999999233e+00,-4.220376908779144287e-01
9.637000000000000455e+00,-3.939122557640075684e-01
9.637999999999999901e+00,-4.120375514030456543e-01
9.638999999999999346e+00,-4.711009263992309570e-01
9.640000000000000568e+00,-4.745385050773620605e-01
9.641000000000000014e+00,-4.876636862754821777e-01
9.641999999999999460e+00,-5.179766416549682617e-01
9.643000000000000682e+00,-5.139141082763671875e-01
9.644000000000000128e+00,-5.114140510559082031e-01
9.644999999999999574e+00,-5.154766440391540527e-01
9.646000000000000796e+00,-4.501631259918212891e-01
9.647000000000000242e+00,-4.085999727249145508e-01
9.647999999999999687e+00,-4.217251837253570557e-01
9.648999999999999133e+00,-1.807840019464492798e-01
9.650000000000000355e+00,1.842215657234191895e-01
9.650999999999999801e+00,3.195361196994781494e-01
9.651999999999999247e+00,3.532866537570953369e-01
9.653000000000000469e+00,3.354738652706146240e-01
9.653999999999999915e+00,2.976607978343963623e-01
9.654999999999999361e+00,2.507850825786590576e-01
9.656000000000000583e+00,2.570351660251617432e-01
9.657000000000000028e+00,2.345348298549652100e-01
9.657999999999999474e+00,1.698463410139083862e-01
9.659000000000000696e+00,6.640726327896118164e-02
9.660000000000000142e+00,3.015670925378799438e-02
9.660999999999999588e+00,-1.609399542212486267e-02
9.662000000000000810e+00,-7.484488934278488159e-02
9.663000000000000256e+00,-1.039078384637832642e-01
9.663999999999999702e+00,-1.254706680774688721e-01
9.664999999999999147e+00,-1.489085257053375244e-01
9.666000000000000369e+00,-1.070328801870346069e-01
9.666999999999999815e+00,-8.422003686428070068e-02
9.667999999999999261e+00,-1.170330345630645752e-01
9.669000000000000483e+00,-1.451584696769714355e-01
9.669999999999999929e+00,-1.529710888862609863e-01
9.670999999999999375e+00,-1.726588904857635498e-01
9.672000000000000597e+00,-1.857840865850448608e-01
9.673000000000000043e+00,-1.995342969894409180e-01
9.673999999999999488e+00,-2.017218321561813354e-01
9.675000000000000711e+00,-2.142220139503479004e-01
9.676000000000000156e+00,-1.717213690280914307e-01
9.676999999999999602e+00,-1.535960882902145386e-01
9.678000000000000824e+00,-1.845340728759765625e-01
9.679000000000000270e+00,-2.498475611209869385e-01
9.679999999999999716e+00,-2.542226314544677734e-01
9.680999999999999162e+00,-2.748479545116424561e-01
9.682000000000000384e+00,-3.123485147953033447e-01
9.682999999999999829e+00,-3.185985982418060303e-01
9.683999999999999275e+00,-3.139110505580902100e-01
9.685000000000000497e+00,-3.207861483097076416e-01
9.685999999999999943e+00,-2.651602923870086670e-01
9.686999999999999389e+00,-2.282847315073013306e-01
9.688000000000000611e+00,-2.485975474119186401e-01
9.689000000000000057e+00,-2.620352506637573242e-01
9.689999999999999503e+00,-2.648477852344512939e-01
9.691000000000000725e+00,-2.745354473590850830e-01
9.692000000000000171e+00,-2.764104604721069336e-01
9.692999999999999616e+00,-2.820355594158172607e-01
9.694000000000000838e+00,-2.785980105400085449e-01
9.695000000000000284e+00,-2.920356988906860352e-01
9.695999999999999730e+00,-2.357848435640335083e-01
9.696999999999999176e+00,-2.151595354080200195e-01
9.698000000000000398e+00,-2.404724210500717163e-01
9.698999999999999844e+00,-5.364144444465637207e-01
9.699999999999999289e+00,-8.682944774627685547e-01
9.701000000000000512e+00,-1.007984161376953125e+00
9.701999999999999957e+00,-1.076110124588012695e+00
9.702999999999999403e+00,-1.072672605514526367e+00
9.704000000000000625e+00,-1.038609623908996582e+00
9.705000000000000071e+00,-1.012046694755554199e+00
9.705999999999999517e+00,-9.107951521873474121e-01
9.707000000000000739e+00,-8.351690173149108887e-01
9.708000000000000185e+00,-8.154811859130859375e-01
9.708999999999999631e+00,-7.920433282852172852e-01
9.710000000000000853e+00,-7.636054158210754395e-01
9.711000000000000298e+00,-7.411050796508789062e-01
9.711999999999999744e+00,-7.167297005653381348e-01
9.712999999999999190e+00,-6.942293643951416016e-01
9.714000000000000412e+00,-6.664164066314697266e-01
9.714999999999999858e+00,-6.532912254333496094e-01
9.715999999999999304e+00,-5.789150595664978027e-01
9.717000000000000526e+00,-5.411019921302795410e-01
9.717999999999999972e+00,-5.495396256446838379e-01
9.718999999999999417e+00,-5.939152836799621582e-01
9.720000000000000639e+00,-5.826651453971862793e-01
9.721000000000000085e+00,-5.895402431488037109e-01
9.721999999999999531e+00,-6.086030602455139160e-01
9.723000000000000753e+00,-6.011029481887817383e-01
9.724000000000000199e+00,-5.870401859283447266e-01
9.724999999999999645e+00,-5.820401310920715332e-01
9.726000000000000867e+00,-5.157890915870666504e-01
9.727000000000000313e+00,-4.695384204387664795e-01
9.727999999999999758e+00,-4.773510396480560303e-01
9.728999999999999204e+00,-4.851636588573455811e-01
9.730000000000000426e+00,-4.801635742187500000e-01
9.730999999999999872e+00,-4.832886159420013428e-01
9.731999999999999318e+00,-4.804760813713073730e-01
9.733000000000000540e+00,-4.782885611057281494e-01
9.733999999999999986e+00,-4.742259979248046875e-01
9.734999999999999432e+00,-4.757885038852691650e-01
9.736000000000000654e+00,-4.232877194881439209e-01
9.737000000000000099e+00,-3.973498046398162842e-01
9.737999999999999545e+00,-4.154751002788543701e-01
9.739000000000000767e+00,-4.729759693145751953e-01
9.740000000000000213e+00,-4.732884764671325684e-01
9.740999999999999659e+00,-4.867261648178100586e-01
9.742000000000000881e+00,-5.145391225814819336e-01
9.743000000000000327e+00,-5.173516273498535156e-01
9.743999999999999773e+00,-5.086014866828918457e-01
9.744999999999999218e+00,-5.139141082763671875e-01
9.746000000000000441e+00,-4.489130973815917969e-01
9.746999999999999886e+00,-4.085999727249145508e-01
9.747999999999999332e+00,-4.239127039909362793e-01
9.749000000000000554e+00,-1.798464953899383545e-01
9.750000000000000000e+00,1.860965937376022339e-01
9.750999999999999446e+00,3.173485994338989258e-01
9.752000000000000668e+00,3.539116382598876953e-01
9.753000000000000114e+00,3.357863724231719971e-01
9.753999999999999559e+00,2.998483180999755859e-01
9.755000000000000782e+00,2.510975897312164307e-01
9.756000000000000227e+00,2.579726874828338623e-01
9.756999999999999673e+00,2.367223650217056274e-01
9.757999999999999119e+00,1.670337915420532227e-01
9.759000000000000341e+00,6.828229129314422607e-02
9.759999999999999787e+00,3.515678644180297852e-02
9.760999999999999233e+00,-9.531395509839057922e-03
9.762000000000000455e+00,-6.890729814767837524e-02
9.762999999999999901e+00,-9.609521925449371338e-02
9.763999999999999346e+00,-1.210955977439880371e-01
9.765000000000000568e+00,-1.407833993434906006e-01
9.766000000000000014e+00,-1.007827892899513245e-01
9.766999999999999460e+00,-7.640741765499114990e-02
9.768000000000000682e+00,-1.123454645276069641e-01
9.769000000000000128e+00,-1.357833147048950195e-01
9.769999999999999574e+00,-1.501585394144058228e-01
9.771000000000000796e+00,-1.664087921380996704e-01
9.772000000000000242e+00,-1.792214810848236084e-01
9.772999999999999687e+00,-1.895341426134109497e-01
9.773999999999999133e+00,-1.970342546701431274e-01
9.775000000000000355e+00,-2.095344513654708862e-01
9.775999999999999801e+00,-1.645337641239166260e-01
9.776999999999999247e+00,-1.473460048437118530e-01
9.778000000000000469e+00,-1.785964816808700562e-01
9.778999999999999915e+00,-2.432849556207656860e-01
9.779999999999999361e+00,-2.467225193977355957e-01
9.781000000000000583e+00,-2.695353627204895020e-01
9.782000000000000028e+00,-2.982858121395111084e-01
9.782999999999999474e+00,-3.064109385013580322e-01
9.784000000000000696e+00,-3.042233884334564209e-01
9.785000000000000142e+00,-3.132860362529754639e-01
9.785999999999999588e+00,-2.589102089405059814e-01
9.787000000000000810e+00,-2.189095914363861084e-01
9.788000000000000256e+00,-2.389099001884460449e-01
9.788999999999999702e+00,-2.554726600646972656e-01
9.789999999999999147e+00,-2.570351660251617432e-01
9.791000000000000369e+00,-2.667228281497955322e-01
9.791999999999999815e+00,-2.670353353023529053e-01
9.792999999999999261e+00,-2.782855033874511719e-01
9.794000000000000483e+00,-2.735979259014129639e-01
9.794999999999999929e+00,-2.829730808734893799e-01
9.795999999999999375e+00,-2.301597595214843750e-01
9.797000000000000597e+00,-2.082844227552413940e-01
9.798000000000000043e+00,-2.342223227024078369e-01
9.798999999999999488e+00,-5.267267823219299316e-01
9.800000000000000711e+00,-8.520442247390747070e-01
9.801000000000000156e+00,-9.920464158058166504e-01
9.801999999999999602e+00,-1.053609848022460938e+00
9.803000000000000824e+00,-1.057047367095947266e+00
9.804000000000000270e+00,-1.023609399795532227e+00
9.804999999999999716e+00,-9.973589777946472168e-01
9.805999999999999162e+00,-8.970449566841125488e-01
9.807000000000000384e+00,-8.223562836647033691e-01
9.807999999999999829e+00,-8.082935810089111328e-01
9.808999999999999275e+00,-7.889183163642883301e-01
9.810000000000000497e+00,-7.529802322387695312e-01
9.810999999999999943e+00,-7.332924604415893555e-01
9.811999999999999389e+00,-7.082920670509338379e-01
9.813000000000000611e+00,-6.892292499542236328e-01
9.814000000000000057e+00,-6.557912826538085938e-01
9.814999999999999503e+00,-6.457911133766174316e-01
9.816000000000000725e+00,-5.776650905609130859e-01
9.817000000000000171e+00,-5.311018824577331543e-01
9.817999999999999616e+00,-5.476645827293395996e-01
9.819000000000000838e+00,-5.945402979850769043e-01
9.820000000000000284e+00,-5.814151167869567871e-01
9.820999999999999730e+00,-5.817276239395141602e-01
9.821999999999999176e+00,-6.007904410362243652e-01
9.823000000000000398e+00,-5.986028909683227539e-01
9.823999999999999844e+00,-5.820401310920715332e-01
9.824999999999999289e+00,-5.789150595664978027e-01
9.826000000000000512e+00,-5.107890367507934570e-01
9.826999999999999957e+00,-4.667258858680725098e-01
9.827999999999999403e+00,-4.751634895801544189e-01
9.829000000000000625e+00,-4.820386171340942383e-01
9.830000000000000071e+00,-4.770385324954986572e-01
9.830999999999999517e+00,-4.829761087894439697e-01
9.832000000000000739e+00,-4.757885038852691650e-01
9.833000000000000185e+00,-4.782885611057281494e-01
9.833999999999999631e+00,-4.682883918285369873e-01
9.835000000000000853e+00,-4.726634621620178223e-01
9.836000000000000298e+00,-4.207876622676849365e-01
9.836999999999999744e+00,-3.920372426509857178e-01
9.837999999999999190e+00,-4.161000847816467285e-01
9.839000000000000412e+00,-4.717259407043457031e-01
9.839999999999999858e+00,-4.704759418964385986e-01
9.840999999999999304e+00,-4.836011230945587158e-01
9.842000000000000526e+00,-5.076640248298645020e-01
9.842999999999999972e+00,-5.139141082763671875e-01
9.843999999999999417e+00,-5.101640224456787109e-01
9.845000000000000639e+00,-5.061014890670776367e-01
9.846000000000000085e+00,-4.464130699634552002e-01
9.846999999999999531e+00,-4.067249596118927002e-01
9.848000000000000753e+00,-4.198501706123352051e-01
9.849000000000000199e+00,-1.785964816808700562e-01
9.849999999999999645e+00,1.901591569185256958e-01
9.851000000000000867e+00,3.204736411571502686e-01
9.852000000000000313e+00,3.545366525650024414e-01
9.852999999999999758e+00,3.367238938808441162e-01
9.853999999999999204e+00,3.017233610153198242e-01
9.855000000000000426e+00,2.514100968837738037e-01
9.855999999999999872e+00,2.585977017879486084e-01
9.856999999999999318e+00,2.401599138975143433e-01
9.858000000000000540e+00,1.682838201522827148e-01
9.858999999999999986e+00,7.234485447406768799e-02
9.859999999999999432e+00,3.953185304999351501e-02
9.861000000000000654e+00,-3.906309604644775391e-03
9.862000000000000099e+00,-5.859464406967163086e-02
9.862999999999999545e+00,-9.203265607357025146e-02
9.864000000000000767e+00,-1.092204153537750244e-01
9.865000000000000213e+00,-1.307832449674606323e-01
9.865999999999999659e+00,-8.984512090682983398e-02
9.867000000000000881e+00,-7.046982645988464355e-02
9.868000000000000327e+00,-1.042203381657600403e-01
9.868999999999999773e+00,-1.276582032442092896e-01
9.869999999999999218e+00,-1.395333856344223022e-01
9.871000000000000441e+00,-1.576586514711380005e-01
9.871999999999999886e+00,-1.692213267087936401e-01
9.872999999999999332e+00,-1.804715096950531006e-01
9.874000000000000554e+00,-1.857840865850448608e-01
9.875000000000000000e+00,-2.001593112945556641e-01
9.875999999999999446e+00,-1.582836657762527466e-01
9.877000000000000668e+00,-1.357833147048950195e-01
9.878000000000000114e+00,-1.714088618755340576e-01
9.878999999999999559e+00,-2.329723089933395386e-01
9.880000000000000782e+00,-2.376598715782165527e-01
9.881000000000000227e+00,-2.570351660251617432e-01
9.881999999999999673e+00,-2.817230522632598877e-01
9.882999999999999119e+00,-2.982858121395111084e-01
9.884000000000000341e+00,-2.935982346534729004e-01
9.884999999999999787e+00,-3.020358681678771973e-01
9.885999999999999233e+00,-2.460975050926208496e-01
9.887000000000000455e+00,-2.095344513654708862e-01
9.887999999999999901e+00,-2.329723089933395386e-01
9.888999999999999346e+00,-2.457849979400634766e-01
9.890000000000000568e+00,-2.476600259542465210e-01
9.891000000000000014e+00,-2.548476457595825195e-01
9.891999999999999460e+00,-2.564101517200469971e-01
9.893000000000000682e+00,-2.642227709293365479e-01
9.894000000000000128e+00,-2.614102363586425781e-01
9.894999999999999574e+00,-2.707853913307189941e-01
9.896000000000000796e+00,-2.223471403121948242e-01
9.897000000000000242e+00,-1.935967057943344116e-01
9.897999999999999687e+00,-2.304722666740417480e-01
9.898999999999999133e+00,-5.145391225814819336e-01
9.900000000000000355e+00,-8.423566222190856934e-01
9.900999999999999801e+00,-9.789211750030517578e-01
9.901999999999999247e+00,-1.039859652519226074e+00
9.903000000000000469e+00,-1.048297286033630371e+00
9.903999999999999915e+00,-1.016734242439270020e+00
9.904999999999999361e+00,-9.870463013648986816e-01
9.906000000000000583e+00,-8.942323923110961914e-01
9.907000000000000028e+00,-8.182937502861022949e-01
9.907999999999999474e+00,-7.989184260368347168e-01
9.909000000000000696e+00,-7.776681184768676758e-01
9.910000000000000142e+00,-7.479801774024963379e-01
9.910999999999999588e+00,-7.311049103736877441e-01
9.912000000000000810e+00,-7.026669979095458984e-01
9.913000000000000256e+00,-6.836041808128356934e-01
9.913999999999999702e+00,-6.567287445068359375e-01
9.914999999999999147e+00,-6.445410847663879395e-01
9.916000000000000369e+00,-5.767275691032409668e-01
9.916999999999999815e+00,-5.329768657684326172e-01
9.917999999999999261e+00,-5.489146113395690918e-01
9.919000000000000483e+00,-5.898527503013610840e-01
9.919999999999999929e+00,-5.807901024818420410e-01
9.920999999999999375e+00,-5.839151740074157715e-01
9.922000000000000597e+00,-5.926653146743774414e-01
9.923000000000000043e+00,-5.976653695106506348e-01
9.923999999999999488e+00,-5.826651453971862793e-01
9.925000000000000711e+00,-5.817276239395141602e-01
9.926000000000000156e+00,-5.092265009880065918e-01
9.926999999999999602e+00,-4.629758000373840332e-01
9.928000000000000824e+00,-4.701634347438812256e-01
9.929000000000000270e+00,-4.795385599136352539e-01
9.929999999999999716e+00,-4.817261099815368652e-01
9.930999999999999162e+00,-4.801635742187500000e-01
9.932000000000000384e+00,-4.739134907722473145e-01
9.932999999999999829e+00,-4.736009836196899414e-01
9.933999999999999275e+00,-4.661008715629577637e-01
9.935000000000000497e+00,-4.761010110378265381e-01
9.935999999999999943e+00,-4.204751551151275635e-01
9.936999999999999389e+00,-3.889121711254119873e-01
9.938000000000000611e+00,-4.164125919342041016e-01
9.939000000000000057e+00,-4.726634621620178223e-01
9.939999999999999503e+00,-4.707884192466735840e-01
9.941000000000000725e+00,-4.795385599136352539e-01
9.942000000000000171e+00,-5.017263889312744141e-01
9.942999999999999616e+00,-5.139141082763671875e-01
9.944000000000000838e+00,-5.076640248298645020e-01
9.945000000000000284e+00,-5.039139389991760254e-01
9.945999999999999730e+00,-4.420379996299743652e-01
9.946999999999999176e+00,-4.020373821258544922e-01
9.948000000000000398e+00,-4.151625931262969971e-01
9.948999999999999844e+00,-1.729713827371597290e-01
9.949999999999999289e+00,1.882841289043426514e-01
9.951000000000000512e+00,3.195361196994781494e-01
9.951999999999999957e+00,3.520366251468658447e-01
9.952999999999999403e+00,3.339113593101501465e-01
9.954000000000000625e+00,3.001608252525329590e-01
9.955000000000000071e+00,2.526600956916809082e-01
9.955999999999999517e+00,2.557851672172546387e-01
9.957000000000000739e+00,2.423474490642547607e-01
9.958000000000000185e+00,1.679713129997253418e-01
9.958999999999999631e+00,7.734493166208267212e-02
9.960000000000000853e+00,4.546944424510002136e-02
9.961000000000000298e+00,1.406271476298570633e-03
9.961999999999999744e+00,-5.078202486038208008e-02
9.962999999999999190e+00,-8.640757203102111816e-02
9.964000000000000412e+00,-1.004702821373939514e-01
9.964999999999999858e+00,-1.239081397652626038e-01
9.965999999999999304e+00,-8.234500885009765625e-02
9.967000000000000526e+00,-6.328221410512924194e-02
9.967999999999999972e+00,-9.140764176845550537e-02
9.968999999999999417e+00,-1.164080277085304260e-01
9.970000000000000639e+00,-1.264081746339797974e-01
9.971000000000000085e+00,-1.492210328578948975e-01
9.971999999999999531e+00,-1.526585817337036133e-01
9.973000000000000753e+00,-1.701588481664657593e-01
9.974000000000000199e+00,-1.757839322090148926e-01
9.974999999999999645e+00,-1.879716217517852783e-01
9.976000000000000867e+00,-1.498460322618484497e-01
9.977000000000000313e+00,-1.210955977439880371e-01
9.977999999999999758e+00,-1.607837080955505371e-01
9.978999999999999204e+00,-2.214096337556838989e-01
9.980000000000000426e+00,-2.245346754789352417e-01
9.980999999999999872e+00,-2.448474913835525513e-01
9.981999999999999318e+00,-2.676603198051452637e-01
9.983000000000000540e+00,-2.848480939865112305e-01
9.983999999999999986e+00,-2.842230796813964844e-01
9.984999999999999432e+00,-2.901606857776641846e-01
9.986000000000000654e+00,-2.314097881317138672e-01
9.987000000000000099e+00,-1.989092826843261719e-01
9.987999999999999545e+00,-2.154720425605773926e-01
9.989000000000000767e+00,-2.342223227024078369e-01
9.990000000000000213e+00,-2.357848435640335083e-01
9.990999999999999659e+00,-2.439099699258804321e-01
9.992000000000000881e+00,-2.429724633693695068e-01
9.993000000000000327e+00,-2.520350813865661621e-01
9.993999999999999773e+00,-2.529726028442382812e-01
9.994999999999999218e+00,-2.607852220535278320e-01
9.996000000000000441e+00,-2.117219865322113037e-01
9.996999999999999886e+00,-1.817215234041213989e-01
9.997999999999999332e+00,-2.204721122980117798e-01
9.999000000000000554e+00,-5.082889795303344727e-01
1.000000000000000000e+01,-8.326689600944519043e-01
1.000099999999999945e+01,-9.751711487770080566e-01
1.000200000000000067e+01,-1.033609509468078613e+00
1.000300000000000011e+01,-1.045484662055969238e+00
1.000399999999999956e+01,-1.013921737670898438e+00
1.000500000000000078e+01,-9.854837656021118164e-01
1.000600000000000023e+01,-8.911073207855224609e-01
1.000699999999999967e+01,-8.179812431335449219e-01
1.000799999999999912e+01,-7.989184260368347168e-01
1.000900000000000034e+01,-7.836056947708129883e-01
1.000999999999999979e+01,-7.504801750183105469e-01
1.001099999999999923e+01,-7.342299818992614746e-01
1.001200000000000045e+01,-7.032919526100158691e-01
1.001299999999999990e+01,-6.842291951179504395e-01
1.001399999999999935e+01,-6.604788303375244141e-01
1.001500000000000057e+01,-6.498536467552185059e-01
1.001600000000000001e+01,-5.811026096343994141e-01
1.001699999999999946e+01,-5.326643586158752441e-01
1.001800000000000068e+01,-5.557897090911865234e-01
1.001900000000000013e+01,-5.917277932167053223e-01
1.001999999999999957e+01,-5.773525834083557129e-01
1.002100000000000080e+01,-5.842276811599731445e-01
1.002200000000000024e+01,-5.936028361320495605e-01
1.002299999999999969e+01,-5.957903265953063965e-01
1.002399999999999913e+01,-5.811026096343994141e-01
1.002500000000000036e+01,-5.767275691032409668e-01
1.002599999999999980e+01,-5.095390081405639648e-01
1.002699999999999925e+01,-4.626633226871490479e-01
1.002800000000000047e+01,-4.707884192466735840e-01
1.002899999999999991e+01,-4.807885885238647461e-01
1.002999999999999936e+01,-4.770385324954986572e-01
1.003100000000000058e+01,-4.804760813713073730e-01
1.003200000000000003e+01,-4.723509550094604492e-01
1.003299999999999947e+01,-4.761010110378265381e-01
1.003400000000000070e+01,-4.711009263992309570e-01
1.003500000000000014e+01,-4.764135181903839111e-01
1.003599999999999959e+01,-4.223501980304718018e-01
1.003700000000000081e+01,-3.864121437072753906e-01
1.003800000000000026e+01,-4.204751551151275635e-01
1.003899999999999970e+01,-4.729759693145751953e-01
1.003999999999999915e+01,-4.711009263992309570e-01
1.004100000000000037e+01,-4.811010956764221191e-01
1.004199999999999982e+01,-4.992263615131378174e-01
1.004299999999999926e+01,-5.139141082763671875e-01
1.004400000000000048e+01,-5.061014890670776367e-01
1.004499999999999993e+01,-5.089139938354492188e-01
1.004599999999999937e+01,-4.445380270481109619e-01
1.004700000000000060e+01,-4.007873535156250000e-01
1.004800000000000004e+01,-4.157876074314117432e-01
1.004899999999999949e+01,-1.751589179039001465e-01
1.005000000000000071e+01,1.873466074466705322e-01
1.005100000000000016e+01,3.167235851287841797e-01
1.005199999999999960e+01,3.520366251468658447e-01
1.005300000000000082e+01,3.335988521575927734e-01
1.005400000000000027e+01,3.010983467102050781e-01
1.005499999999999972e+01,2.539101243019104004e-01
1.005599999999999916e+01,2.576601803302764893e-01
1.005700000000000038e+01,2.457849979400634766e-01
1.005799999999999983e+01,1.698463410139083862e-01
1.005899999999999928e+01,8.015747368335723877e-02
1.006000000000000050e+01,4.984451085329055786e-02
1.006099999999999994e+01,4.531319253146648407e-03
1.006199999999999939e+01,-3.828183561563491821e-02
1.006300000000000061e+01,-7.890745252370834351e-02
1.006400000000000006e+01,-9.422019124031066895e-02
1.006499999999999950e+01,-1.173455417156219482e-01
1.006600000000000072e+01,-7.703242450952529907e-02
1.006700000000000017e+01,-5.203204229474067688e-02
1.006799999999999962e+01,-8.171999454498291016e-02
1.006900000000000084e+01,-1.114079505205154419e-01
1.007000000000000028e+01,-1.235956326127052307e-01
1.007099999999999973e+01,-1.414084136486053467e-01
1.007199999999999918e+01,-1.457834690809249878e-01
1.007300000000000040e+01,-1.589086800813674927e-01
1.007399999999999984e+01,-1.648462712764739990e-01
1.007499999999999929e+01,-1.785964816808700562e-01
1.007600000000000051e+01,-1.417209059000015259e-01
1.007699999999999996e+01,-1.110954433679580688e-01
1.007799999999999940e+01,-1.567211449146270752e-01
1.007900000000000063e+01,-2.123469859361648560e-01
1.008000000000000007e+01,-2.145345211029052734e-01
1.008099999999999952e+01,-2.304722666740417480e-01
1.008200000000000074e+01,-2.532851099967956543e-01
1.008300000000000018e+01,-2.767229676246643066e-01
1.008399999999999963e+01,-2.729729115962982178e-01
1.008500000000000085e+01,-2.779729962348937988e-01
1.008600000000000030e+01,-2.223471403121948242e-01
1.008699999999999974e+01,-1.860965937376022339e-01
1.008799999999999919e+01,-2.042218595743179321e-01
1.008900000000000041e+01,-2.251596897840499878e-01
1.008999999999999986e+01,-2.229721546173095703e-01
1.009099999999999930e+01,-2.357848435640335083e-01
1.009200000000000053e+01,-2.348473370075225830e-01
1.009299999999999997e+01,-2.385973930358886719e-01
1.009399999999999942e+01,-2.442224770784378052e-01
1.009500000000000064e+01,-2.485975474119186401e-01
1.009600000000000009e+01,-2.032843530178070068e-01
1.009699999999999953e+01,-1.720338761806488037e-01
1.009800000000000075e+01,-2.085969299077987671e-01
1.009900000000000020e+01,-4.945387840270996094e-01
1.009999999999999964e+01,-8.151686787605285645e-01
1.010100000000000087e+01,-9.582958817481994629e-01
1.010200000000000031e+01,-1.014234185218811035e+00
1.010299999999999976e+01,-1.029234409332275391e+00
1.010399999999999920e+01,-9.992340207099914551e-01
1.010500000000000043e+01,-9.726710915565490723e-01
1.010599999999999987e+01,-8.801696896553039551e-01
1.010699999999999932e+01,-8.036060333251953125e-01
1.010800000000000054e+01,-7.892307639122009277e-01
1.010899999999999999e+01,-7.779806256294250488e-01
1.010999999999999943e+01,-7.439175844192504883e-01
1.011100000000000065e+01,-7.232922911643981934e-01
1.011200000000000010e+01,-6.964168548583984375e-01
1.011299999999999955e+01,-6.801666021347045898e-01
1.011400000000000077e+01,-6.548537611961364746e-01
1.011500000000000021e+01,-6.404785513877868652e-01
1.011599999999999966e+01,-5.776650905609130859e-01
1.011700000000000088e+01,-5.292268395423889160e-01
1.011800000000000033e+01,-5.486021041870117188e-01
1.011899999999999977e+01,-5.904777646064758301e-01
1.011999999999999922e+01,-5.764150619506835938e-01
1.012100000000000044e+01,-5.789150595664978027e-01
1.012199999999999989e+01,-5.864151716232299805e-01
1.012299999999999933e+01,-5.945402979850769043e-01
1.012400000000000055e+01,-5.829776525497436523e-01
1.012500000000000000e+01,-5.782900452613830566e-01
1.012599999999999945e+01,-5.092265009880065918e-01
1.012700000000000067e+01,-4.623508155345916748e-01
1.012800000000000011e+01,-4.704759418964385986e-01
1.012899999999999956e+01,-4.814136028289794922e-01
1.013000000000000078e+01,-4.764135181903839111e-01
1.013100000000000023e+01,-4.801635742187500000e-01
1.013199999999999967e+01,-4.726634621620178223e-01
1.013299999999999912e+01,-4.729759693145751953e-01
1.013400000000000034e+01,-4.698509275913238525e-01
1.013499999999999979e+01,-4.707884192466735840e-01
1.013599999999999923e+01,-4.226627051830291748e-01
1.013700000000000045e+01,-3.835996091365814209e-01
1.013799999999999990e+01,-4.195376634597778320e-01
1.013899999999999935e+01,-4.729759693145751953e-01
1.014000000000000057e+01,-4.692259132862091064e-01
1.014100000000000001e+01,-4.804760813713073730e-01
1.014199999999999946e+01,-4.954763054847717285e-01
1.014300000000000068e+01,-5.151641368865966797e-01
1.014400000000000013e+01,-5.029764175415039062e-01
1.014499999999999957e+01,-5.039139389991760254e-01
1.014600000000000080e+01,-4.411004781723022461e-01
1.014700000000000024e+01,-4.004748463630676270e-01
1.014799999999999969e+01,-4.139125645160675049e-01
1.014899999999999913e+01,-1.785964816808700562e-01
1.015000000000000036e+01,1.873466074466705322e-01
1.015099999999999980e+01,3.167235851287841797e-01
1.015199999999999925e+01,3.545366525650024414e-01
1.015300000000000047e+01,3.320363163948059082e-01
1.015399999999999991e+01,3.045358955860137939e-01
1.015499999999999936e+01,2.564101517200469971e-01
1.015600000000000058e+01,2.589102089405059814e-01
1.015700000000000003e+01,2.520350813865661621e-01
1.015799999999999947e+01,1.770339459180831909e-01
1.015900000000000070e+01,8.609506487846374512e-02
1.016000000000000014e+01,5.796963348984718323e-02
1.016099999999999959e+01,1.453147176653146744e-02
1.016200000000000081e+01,-2.984420582652091980e-02
1.016300000000000026e+01,-7.140734046697616577e-02
1.016399999999999970e+01,-8.328252285718917847e-02
1.016499999999999915e+01,-1.073453873395919800e-01
1.016600000000000037e+01,-6.140718609094619751e-02
1.016699999999999982e+01,-3.828183561563491821e-02
1.016799999999999926e+01,-7.078233361244201660e-02
1.016900000000000048e+01,-9.609521925449371338e-02
1.016999999999999993e+01,-1.092204153537750244e-01
1.017099999999999937e+01,-1.282832026481628418e-01
1.017200000000000060e+01,-1.301582306623458862e-01
1.017300000000000004e+01,-1.457834690809249878e-01
1.017399999999999949e+01,-1.514085531234741211e-01
1.017500000000000071e+01,-1.654712706804275513e-01
1.017600000000000016e+01,-1.310957521200180054e-01
1.017699999999999960e+01,-9.578271210193634033e-02
1.017800000000000082e+01,-1.435959339141845703e-01
1.017900000000000027e+01,-1.973467618227005005e-01
1.017999999999999972e+01,-2.026593387126922607e-01
1.018099999999999916e+01,-2.182845771312713623e-01
1.018200000000000038e+01,-2.401599138975143433e-01
1.018299999999999983e+01,-2.620352506637573242e-01
1.018399999999999928e+01,-2.585977017879486084e-01
1.018500000000000050e+01,-2.685978412628173828e-01
1.018599999999999994e+01,-2.098469585180282593e-01
1.018699999999999939e+01,-1.729713827371597290e-01
1.018800000000000061e+01,-1.932841986417770386e-01
1.018900000000000006e+01,-2.110969722270965576e-01
1.018999999999999950e+01,-2.120344787836074829e-01
1.019100000000000072e+01,-2.207846194505691528e-01
1.019200000000000017e+01,-2.182845771312713623e-01
1.019299999999999962e+01,-2.295347452163696289e-01
1.019400000000000084e+01,-2.279722243547439575e-01
1.019500000000000028e+01,-2.364098578691482544e-01
1.019599999999999973e+01,-1.951592266559600830e-01
1.019699999999999918e+01,-1.557836234569549561e-01
1.019800000000000040e+01,-1.995342969894409180e-01
1.019899999999999984e+01,-4.842261373996734619e-01
1.019999999999999929e+01,-8.107936382293701172e-01
1.020100000000000051e+01,-9.517332911491394043e-01
1.020199999999999996e+01,-1.009546637535095215e+00
1.020299999999999940e+01,-1.026734471321105957e+00
1.020400000000000063e+01,-1.000171542167663574e+00
1.020500000000000007e+01,-9.767336249351501465e-01
1.020599999999999952e+01,-8.795446753501892090e-01
1.020700000000000074e+01,-8.070435523986816406e-01
1.020800000000000018e+01,-7.929808497428894043e-01
1.020899999999999963e+01,-7.764180898666381836e-01
1.021000000000000085e+01,-7.470426559448242188e-01
1.021100000000000030e+01,-7.279798388481140137e-01
1.021199999999999974e+01,-6.973543763160705566e-01
1.021299999999999919e+01,-6.820416450500488281e-01
1.021400000000000041e+01,-6.595413088798522949e-01
1.021499999999999986e+01,-6.439160704612731934e-01
1.021599999999999930e+01,-5.845401883125305176e-01
1.021700000000000053e+01,-5.301643610000610352e-01
1.021799999999999997e+01,-5.545397400856018066e-01
1.021899999999999942e+01,-5.951653122901916504e-01
1.022000000000000064e+01,-5.773525834083557129e-01
1.022100000000000009e+01,-5.848526954650878906e-01
1.022199999999999953e+01,-5.882902145385742188e-01
1.022300000000000075e+01,-5.989153981208801270e-01
1.022400000000000020e+01,-5.842276811599731445e-01
1.022499999999999964e+01,-5.829776525497436523e-01
1.022600000000000087e+01,-5.117265582084655762e-01
1.022700000000000031e+01,-4.639133214950561523e-01
1.022799999999999976e+01,-4.739134907722473145e-01
1.022899999999999920e+01,-4.820386171340942383e-01
1.023000000000000043e+01,-4.773510396480560303e-01
1.023099999999999987e+01,-4.814136028289794922e-01
1.023199999999999932e+01,-4.723509550094604492e-01
1.023300000000000054e+01,-4.779760539531707764e-01
1.023399999999999999e+01,-4.707884192466735840e-01
1.023499999999999943e+01,-4.739134907722473145e-01
1.023600000000000065e+01,-4.267252683639526367e-01
1.023700000000000010e+01,-3.892246782779693604e-01
1.023799999999999955e+01,-4.232877194881439209e-01
1.023900000000000077e+01,-4.732884764671325684e-01
1.024000000000000021e+01,-4.692259132862091064e-01
1.024099999999999966e+01,-4.820386171340942383e-01
1.024200000000000088e+01,-4.961013197898864746e-01
1.024300000000000033e+01,-5.145391225814819336e-01
1.024399999999999977e+01,-5.054764747619628906e-01
1.024499999999999922e+01,-5.089139938354492188e-01
1.024600000000000044e+01,-4.442255198955535889e-01
1.024699999999999989e+01,-4.017248749732971191e-01
1.024799999999999933e+01,-4.161000847816467285e-01
1.024900000000000055e+01,-1.770339459180831909e-01
1.025000000000000000e+01,1.839090585708618164e-01
1.025099999999999945e+01,3.129735291004180908e-01
1.025200000000000067e+01,3.523491322994232178e-01
1.025300000000000011e+01,3.304737806320190430e-01
1.025399999999999956e+01,3.020358681678771973e-01
1.025500000000000078e+01,2.554726600646972656e-01
1.025600000000000023e+01,2.576601803302764893e-01
1.025699999999999967e+01,2.548476457595825195e-01
1.025799999999999912e+01,1.795339882373809814e-01
1.025900000000000034e+01,9.234515577554702759e-02
1.025999999999999979e+01,6.203219667077064514e-02
1.026099999999999923e+01,2.265659533441066742e-02
1.026200000000000045e+01,-1.984405331313610077e-02
1.026299999999999990e+01,-6.296971440315246582e-02
1.026399999999999935e+01,-7.609491050243377686e-02
1.026500000000000057e+01,-9.890776127576828003e-02
1.026600000000000001e+01,-5.296956002712249756e-02
1.026699999999999946e+01,-3.140673041343688965e-02
1.026800000000000068e+01,-5.890714749693870544e-02
1.026900000000000013e+01,-8.703257888555526733e-02
1.026999999999999957e+01,-9.984527528285980225e-02
1.027100000000000080e+01,-1.148454993963241577e-01
1.027200000000000024e+01,-1.220331117510795593e-01
1.027299999999999969e+01,-1.382833570241928101e-01
1.027399999999999913e+01,-1.385958641767501831e-01
1.027500000000000036e+01,-1.554711163043975830e-01
1.027599999999999980e+01,-1.185955628752708435e-01
1.027699999999999925e+01,-8.359502255916595459e-02
1.027800000000000047e+01,-1.285957098007202148e-01
1.027899999999999991e+01,-1.845340728759765625e-01
1.027999999999999936e+01,-1.892216354608535767e-01
1.028100000000000058e+01,-2.070344090461730957e-01
1.028200000000000003e+01,-2.239096611738204956e-01
1.028299999999999947e+01,-2.495350539684295654e-01
1.028400000000000070e+01,-2.451599836349487305e-01
1.028500000000000014e+01,-2.567226588726043701e-01
1.028599999999999959e+01,-1.995342969894409180e-01
1.028700000000000081e+01,-1.614087074995040894e-01
1.028800000000000026e+01,-1.779714673757553101e-01
1.028899999999999970e+01,-1.960967481136322021e-01
1.028999999999999915e+01,-2.010968178510665894e-01
1.029100000000000037e+01,-2.073469161987304688e-01
1.029199999999999982e+01,-2.073469161987304688e-01
1.029299999999999926e+01,-2.132845073938369751e-01
1.029400000000000048e+01,-2.170345634222030640e-01
1.029499999999999993e+01,-2.251596897840499878e-01
1.029599999999999937e+01,-1.832840442657470703e-01
1.029700000000000060e+01,-1.439084410667419434e-01
1.029800000000000004e+01,-1.820340305566787720e-01
1.029899999999999949e+01,-4.689134061336517334e-01
1.030000000000000071e+01,-7.901682853698730469e-01
1.030100000000000016e+01,-9.326704740524291992e-01
1.030199999999999960e+01,-9.832962751388549805e-01
1.030300000000000082e+01,-1.005484104156494141e+00
1.030400000000000027e+01,-9.832962751388549805e-01
1.030499999999999972e+01,-9.611083865165710449e-01
1.030599999999999916e+01,-8.664194941520690918e-01
1.030700000000000038e+01,-7.936058640480041504e-01
1.030799999999999983e+01,-7.792306542396545410e-01
1.030899999999999928e+01,-7.670429348945617676e-01
1.031000000000000050e+01,-7.367299795150756836e-01
1.031099999999999994e+01,-7.186047434806823730e-01
1.031199999999999939e+01,-6.917293071746826172e-01
1.031300000000000061e+01,-6.729789972305297852e-01
1.031400000000000006e+01,-6.548537611961364746e-01
1.031499999999999950e+01,-6.414160132408142090e-01
1.031600000000000072e+01,-5.789150595664978027e-01
1.031700000000000017e+01,-5.248517394065856934e-01
1.031799999999999962e+01,-5.492271184921264648e-01
1.031900000000000084e+01,-5.886027216911315918e-01
1.032000000000000028e+01,-5.726649761199951172e-01
1.032099999999999973e+01,-5.782900452613830566e-01
1.032199999999999918e+01,-5.811026096343994141e-01
1.032300000000000040e+01,-5.932903289794921875e-01
1.032399999999999984e+01,-5.798525810241699219e-01
1.032499999999999929e+01,-5.811026096343994141e-01
1.032600000000000051e+01,-5.086014866828918457e-01
1.032699999999999996e+01,-4.604757726192474365e-01
1.032799999999999940e+01,-4.698509275913238525e-01
1.032900000000000063e+01,-4.804760813713073730e-01
1.033000000000000007e+01,-4.757885038852691650e-01
1.033099999999999952e+01,-4.773510396480560303e-01
1.033200000000000074e+01,-4.682883918285369873e-01
1.033300000000000018e+01,-4.739134907722473145e-01
1.033399999999999963e+01,-4.657883644104003906e-01
1.033500000000000085e+01,-4.720384478569030762e-01
1.033600000000000030e+01,-4.264127612113952637e-01
1.033699999999999974e+01,-3.839121162891387939e-01
1.033799999999999919e+01,-4.204751551151275635e-01
1.033900000000000041e+01,-4.698509275913238525e-01
1.033999999999999986e+01,-4.639133214950561523e-01
1.034099999999999930e+01,-4.779760539531707764e-01
1.034200000000000053e+01,-4.898512363433837891e-01
1.034299999999999997e+01,-5.148516297340393066e-01
1.034399999999999942e+01,-5.032889246940612793e-01
1.034500000000000064e+01,-5.079764723777770996e-01
1.034600000000000009e+01,-4.420379996299743652e-01
1.034699999999999953e+01,-3.998498618602752686e-01
1.034800000000000075e+01,-4.129750430583953857e-01
1.034900000000000020e+01,-1.742214113473892212e-01
1.034999999999999964e+01,1.882841289043426514e-01
1.035100000000000087e+01,3.164110779762268066e-01
1.035200000000000031e+01,3.535991311073303223e-01
1.035299999999999976e+01,3.354738652706146240e-01
1.035399999999999920e+01,3.051609098911285400e-01
1.035500000000000043e+01,2.595352232456207275e-01
1.035599999999999987e+01,2.598477005958557129e-01
1.035699999999999932e+01,2.610977292060852051e-01
1.035800000000000054e+01,1.889091283082962036e-01
1.035899999999999999e+01,1.023453101515769958e-01
1.035999999999999943e+01,7.484488934278488159e-02
1.036100000000000065e+01,3.546928986907005310e-02
1.036200000000000010e+01,-4.218814428895711899e-03
1.036299999999999955e+01,-5.109452828764915466e-02
1.036400000000000077e+01,-6.328221410512924194e-02
1.036500000000000021e+01,-8.703257888555526733e-02
1.036599999999999966e+01,-4.234439507126808167e-02
1.036700000000000088e+01,-1.453147176653146744e-02
1.036800000000000033e+01,-4.484443366527557373e-02
1.036899999999999977e+01,-7.203234732151031494e-02
1.036999999999999922e+01,-8.328252285718917847e-02
1.037100000000000044e+01,-9.922026097774505615e-02
1.037199999999999989e+01,-1.045328453183174133e-01
1.037299999999999933e+01,-1.195330768823623657e-01
1.037400000000000055e+01,-1.254706680774688721e-01
1.037500000000000000e+01,-1.379708498716354370e-01
1.037599999999999945e+01,-1.017203032970428467e-01
1.037700000000000067e+01,-6.453223526477813721e-02
1.037800000000000011e+01,-1.082829013466835022e-01
1.037899999999999956e+01,-1.670337915420532227e-01
1.038000000000000078e+01,-1.664087921380996704e-01
1.038100000000000023e+01,-1.867215931415557861e-01
1.038199999999999967e+01,-2.051593810319900513e-01
1.038299999999999912e+01,-2.339098155498504639e-01
1.038400000000000034e+01,-2.285972386598587036e-01
1.038499999999999979e+01,-2.407849282026290894e-01
1.038599999999999923e+01,-1.795339882373809814e-01
1.038700000000000045e+01,-1.442209482192993164e-01
1.038799999999999990e+01,-1.614087074995040894e-01
1.038899999999999935e+01,-1.785964816808700562e-01
1.039000000000000057e+01,-1.804715096950531006e-01
1.039100000000000001e+01,-1.895341426134109497e-01
1.039199999999999946e+01,-1.901591569185256958e-01
1.039300000000000068e+01,-1.973467618227005005e-01
1.039400000000000013e+01,-1.967217475175857544e-01
1.039499999999999957e+01,-2.051593810319900513e-01
1.039600000000000080e+01,-1.676588058471679688e-01
1.039700000000000024e+01,-1.270331889390945435e-01
1.039799999999999969e+01,-1.651587635278701782e-01
1.039899999999999913e+01,-4.523506462574005127e-01
1.040000000000000036e+01,-7.773556113243103027e-01
1.040099999999999980e+01,-9.242328405380249023e-01
1.040199999999999925e+01,-9.782961606979370117e-01
1.040300000000000047e+01,-1.004859089851379395e+00
1.040399999999999991e+01,-9.776711463928222656e-01
1.040499999999999936e+01,-9.604834318161010742e-01
1.040600000000000058e+01,-8.689194917678833008e-01
1.040700000000000003e+01,-7.932933568954467773e-01
1.040799999999999947e+01,-7.789181470870971680e-01
1.040900000000000070e+01,-7.682929635047912598e-01
1.041000000000000014e+01,-7.407925724983215332e-01
1.041099999999999959e+01,-7.211047410964965820e-01
1.041200000000000081e+01,-6.907917857170104980e-01
1.041300000000000026e+01,-6.779791116714477539e-01
1.041399999999999970e+01,-6.526662111282348633e-01
1.041499999999999915e+01,-6.432910561561584473e-01
1.041600000000000037e+01,-5.857902169227600098e-01
1.041699999999999982e+01,-5.229767560958862305e-01
1.041799999999999926e+01,-5.507896542549133301e-01
1.041900000000000048e+01,-5.895402431488037109e-01
1.041999999999999993e+01,-5.757900476455688477e-01
1.042099999999999937e+01,-5.839151740074157715e-01
1.042200000000000060e+01,-5.870401859283447266e-01
1.042300000000000004e+01,-5.976653695106506348e-01
1.042399999999999949e+01,-5.832901597023010254e-01
1.042500000000000071e+01,-5.832901597023010254e-01
1.042600000000000016e+01,-5.114140510559082031e-01
1.042699999999999960e+01,-4.617258012294769287e-01
1.042800000000000082e+01,-4.732884764671325684e-01
1.042900000000000027e+01,-4.842261373996734619e-01
1.042999999999999972e+01,-4.792260527610778809e-01
1.043099999999999916e+01,-4.811010956764221191e-01
1.043200000000000038e+01,-4.732884764671325684e-01
1.043299999999999983e+01,-4.782885611057281494e-01
1.043399999999999928e+01,-4.714134335517883301e-01
1.043500000000000050e+01,-4.707884192466735840e-01
1.043599999999999994e+01,-4.282877743244171143e-01
1.043699999999999939e+01,-3.832871019840240479e-01
1.043800000000000061e+01,-4.164125919342041016e-01
1.043900000000000006e+01,-4.689134061336517334e-01
1.043999999999999950e+01,-4.676633775234222412e-01
1.044100000000000072e+01,-4.807885885238647461e-01
1.044200000000000017e+01,-4.936012923717498779e-01
1.044299999999999962e+01,-5.154766440391540527e-01
1.044400000000000084e+01,-5.020388960838317871e-01
1.044500000000000028e+01,-5.076640248298645020e-01
1.044599999999999973e+01,-4.439130127429962158e-01
1.044699999999999918e+01,-3.992248475551605225e-01
1.044800000000000040e+01,-4.117250442504882812e-01
1.044899999999999984e+01,-1.726588904857635498e-01
1.044999999999999929e+01,1.873466074466705322e-01
1.045100000000000051e+01,3.142235577106475830e-01
1.045199999999999996e+01,3.548491597175598145e-01
1.045299999999999940e+01,3.367238938808441162e-01
1.045400000000000063e+01,3.060984313488006592e-01
1.045500000000000007e+01,2.610977292060852051e-01
1.045599999999999952e+01,2.604727149009704590e-01
1.045700000000000074e+01,2.673478424549102783e-01
1.045800000000000018e+01,1.954717338085174561e-01
1.045899999999999963e+01,1.135954856872558594e-01
1.046000000000000085e+01,8.109498769044876099e-02
1.046100000000000030e+01,4.421942308545112610e-02
1.046199999999999974e+01,4.843824077397584915e-03
1.046299999999999919e+01,-4.203189164400100708e-02
1.046400000000000041e+01,-5.234454944729804993e-02
1.046499999999999986e+01,-7.859495282173156738e-02
1.046599999999999930e+01,-3.015670925378799438e-02
1.046700000000000053e+01,-7.812619442120194435e-04
1.046799999999999997e+01,-2.859418652951717377e-02
1.046899999999999942e+01,-5.828214064240455627e-02
1.047000000000000064e+01,-6.828229129314422607e-02
1.047100000000000009e+01,-8.422003686428070068e-02
1.047199999999999953e+01,-8.859509974718093872e-02
1.047300000000000075e+01,-1.014077961444854736e-01
1.047400000000000020e+01,-1.089079082012176514e-01
1.047499999999999964e+01,-1.239081397652626038e-01
1.047600000000000087e+01,-8.390752971172332764e-02
1.047700000000000031e+01,-4.671946167945861816e-02
1.047799999999999976e+01,-9.265766292810440063e-02
1.047899999999999920e+01,-1.507835537195205688e-01
1.048000000000000043e+01,-1.542211025953292847e-01
1.048099999999999987e+01,-1.685963273048400879e-01
1.048199999999999932e+01,-1.889091283082962036e-01
1.048300000000000054e+01,-2.185970842838287354e-01
1.048399999999999999e+01,-2.142220139503479004e-01
1.048499999999999943e+01,-2.260971963405609131e-01
1.048600000000000065e+01,-1.660962849855422974e-01
1.048700000000000010e+01,-1.276582032442092896e-01
1.048799999999999955e+01,-1.442209482192993164e-01
1.048900000000000077e+01,-1.595336794853210449e-01
1.049000000000000021e+01,-1.689088344573974609e-01
1.049099999999999966e+01,-1.729713827371597290e-01
1.049200000000000088e+01,-1.732838898897171021e-01
1.049300000000000033e+01,-1.826590299606323242e-01
1.049399999999999977e+01,-1.820340305566787720e-01
1.049499999999999922e+01,-1.898466497659683228e-01
1.049600000000000044e+01,-1.545336097478866577e-01
1.049699999999999989e+01,-1.101579293608665466e-01
1.049799999999999933e+01,-1.460959762334823608e-01
1.049900000000000055e+01,-4.304753243923187256e-01
1.050000000000000000e+01,-7.548552751541137695e-01
1.050099999999999945e+01,-8.976699709892272949e-01
1.050200000000000067e+01,-9.539207816123962402e-01
1.050300000000000011e+01,-9.823587536811828613e-01
1.050399999999999956e+01,-9.620459079742431641e-01
1.050500000000000078e+01,-9.451707005500793457e-01
1.050600000000000023e+01,-8.557943105697631836e-01
1.050699999999999967e+01,-7.814181447029113770e-01
1.050799999999999912e+01,-7.689179778099060059e-01
1.050900000000000034e+01,-7.539177536964416504e-01
1.050999999999999979e+01,-7.326674461364746094e-01
1.051099999999999923e+01,-7.126671075820922852e-01
1.051200000000000045e+01,-6.854792237281799316e-01
1.051299999999999990e+01,-6.729789972305297852e-01
1.051399999999999935e+01,-6.504786610603332520e-01
1.051500000000000057e+01,-6.351659297943115234e-01
1.051600000000000001e+01,-5.829776525497436523e-01
1.051699999999999946e+01,-5.182891488075256348e-01
1.051800000000000068e+01,-5.407894849777221680e-01
1.051900000000000013e+01,-5.861026644706726074e-01
1.051999999999999957e+01,-5.754775404930114746e-01
1.052100000000000080e+01,-5.754775404930114746e-01
1.052200000000000024e+01,-5.814151167869567871e-01
1.052299999999999969e+01,-6.001654267311096191e-01
1.052399999999999913e+01,-5.795400738716125488e-01
1.052500000000000036e+01,-5.801650881767272949e-01
1.052599999999999980e+01,-5.089139938354492188e-01
1.052699999999999925e+01,-4.589132666587829590e-01
1.052800000000000047e+01,-4.720384478569030762e-01
1.052899999999999991e+01,-4.789135456085205078e-01
1.052999999999999936e+01,-4.761010110378265381e-01
1.053100000000000058e+01,-4.792260527610778809e-01
1.053200000000000003e+01,-4.695384204387664795e-01
1.053299999999999947e+01,-4.757885038852691650e-01
1.053400000000000070e+01,-4.704759418964385986e-01
1.053500000000000014e+01,-4.695384204387664795e-01
1.053599999999999959e+01,-4.307878315448760986e-01
1.053700000000000081e+01,-3.814120590686798096e-01
1.053800000000000026e+01,-4.139125645160675049e-01
1.053899999999999970e+01,-4.667258858680725098e-01
1.053999999999999915e+01,-4.632883071899414062e-01
1.054100000000000037e+01,-4.761010110378265381e-01
1.054199999999999982e+01,-4.886012077331542969e-01
1.054299999999999926e+01,-5.123515725135803223e-01
1.054400000000000048e+01,-5.032889246940612793e-01
1.054499999999999993e+01,-5.104765295982360840e-01
1.054599999999999937e+01,-4.473505616188049316e-01
1.054700000000000060e+01,-3.957872986793518066e-01
1.054800000000000004e+01,-4.107875227928161621e-01
1.054899999999999949e+01,-1.692213267087936401e-01
1.055000000000000071e+01,1.864091008901596069e-01
1.055100000000000016e+01,3.139110505580902100e-01
1.055199999999999960e+01,3.529741466045379639e-01
1.055300000000000082e+01,3.376614153385162354e-01
1.055400000000000027e+01,3.089109659194946289e-01
1.055499999999999972e+01,2.629727721214294434e-01
1.055599999999999916e+01,2.670353353023529053e-01
1.055700000000000038e+01,2.773479819297790527e-01
1.055799999999999983e+01,2.089094370603561401e-01
1.055899999999999928e+01,1.242206469178199768e-01
1.056000000000000050e+01,9.515770524740219116e-02
1.056099999999999994e+01,5.640710890293121338e-02
1.056199999999999939e+01,2.140657603740692139e-02
1.056300000000000061e+01,-2.671915851533412933e-02
1.056400000000000006e+01,-3.734432160854339600e-02
1.056499999999999950e+01,-6.234470009803771973e-02
1.056600000000000072e+01,-1.390646211802959442e-02
1.056700000000000017e+01,1.859403401613235474e-02
1.056799999999999962e+01,-1.171892881393432617e-02
1.056900000000000084e+01,-3.796932846307754517e-02
1.057000000000000028e+01,-4.796948283910751343e-02
1.057099999999999973e+01,-6.421972811222076416e-02
1.057199999999999918e+01,-6.765728443861007690e-02
1.057300000000000040e+01,-8.515755087137222290e-02
1.057399999999999984e+01,-8.765758574008941650e-02
1.057499999999999929e+01,-1.029703244566917419e-01
1.057600000000000051e+01,-6.859479844570159912e-02
1.057699999999999996e+01,-2.703166194260120392e-02
1.057799999999999940e+01,-6.984481215476989746e-02
1.057900000000000063e+01,-1.242206469178199768e-01
1.058000000000000007e+01,-1.289082169532775879e-01
1.058099999999999952e+01,-1.470334976911544800e-01
1.058200000000000074e+01,-1.660962849855422974e-01
1.058300000000000018e+01,-1.985967755317687988e-01
1.058399999999999963e+01,-1.957842409610748291e-01
1.058500000000000085e+01,-2.064093947410583496e-01
1.058600000000000030e+01,-1.479710042476654053e-01
1.058699999999999974e+01,-1.057828664779663086e-01
1.058799999999999919e+01,-1.285957098007202148e-01
1.058900000000000041e+01,-1.401583850383758545e-01
1.058999999999999986e+01,-1.435959339141845703e-01
1.059099999999999930e+01,-1.554711163043975830e-01
1.059200000000000053e+01,-1.520335674285888672e-01
1.059299999999999997e+01,-1.632837355136871338e-01
1.059399999999999942e+01,-1.645337641239166260e-01
1.059500000000000064e+01,-1.695338338613510132e-01
1.059600000000000009e+01,-1.357833147048950195e-01
1.059699999999999953e+01,-8.797009289264678955e-02
1.059800000000000075e+01,-1.260956674814224243e-01
1.059900000000000020e+01,-4.136000573635101318e-01
1.059999999999999964e+01,-7.414175868034362793e-01
1.060100000000000087e+01,-8.870447874069213867e-01
1.060200000000000031e+01,-9.470456838607788086e-01
1.060299999999999976e+01,-9.811087250709533691e-01
1.060399999999999920e+01,-9.545457959175109863e-01
1.060500000000000043e+01,-9.436081647872924805e-01
1.060599999999999987e+01,-8.570443391799926758e-01
1.060699999999999932e+01,-7.826681733131408691e-01
1.060800000000000054e+01,-7.711055278778076172e-01
1.060899999999999999e+01,-7.576678395271301270e-01
1.060999999999999943e+01,-7.345424294471740723e-01
1.061100000000000065e+01,-7.154796719551086426e-01
1.061200000000000010e+01,-6.876667141914367676e-01
1.061299999999999955e+01,-6.764165759086608887e-01
1.061400000000000077e+01,-6.545412540435791016e-01
1.061500000000000021e+01,-6.398535370826721191e-01
1.061599999999999966e+01,-5.898527503013610840e-01
1.061700000000000088e+01,-5.292268395423889160e-01
1.061800000000000033e+01,-5.454770922660827637e-01
1.061899999999999977e+01,-5.876652002334594727e-01
1.061999999999999922e+01,-5.779775977134704590e-01
1.062100000000000044e+01,-5.807901024818420410e-01
1.062199999999999989e+01,-5.839151740074157715e-01
1.062299999999999933e+01,-6.032904386520385742e-01
1.062400000000000055e+01,-5.829776525497436523e-01
1.062500000000000000e+01,-5.842276811599731445e-01
1.062599999999999945e+01,-5.151641368865966797e-01
1.062700000000000067e+01,-4.632883071899414062e-01
1.062800000000000011e+01,-4.711009263992309570e-01
1.062899999999999956e+01,-4.826636016368865967e-01
1.063000000000000078e+01,-4.776635468006134033e-01
1.063100000000000023e+01,-4.798510670661926270e-01
1.063199999999999967e+01,-4.748509824275970459e-01
1.063299999999999912e+01,-4.754759967327117920e-01
1.063400000000000034e+01,-4.723509550094604492e-01
1.063499999999999979e+01,-4.720384478569030762e-01
1.063599999999999923e+01,-4.361003935337066650e-01
1.063700000000000045e+01,-3.810995519161224365e-01
1.063799999999999990e+01,-4.157876074314117432e-01
1.063899999999999935e+01,-4.648508429527282715e-01
1.064000000000000057e+01,-4.661008715629577637e-01
1.064100000000000001e+01,-4.776635468006134033e-01
1.064199999999999946e+01,-4.914137423038482666e-01
1.064300000000000068e+01,-5.186016559600830078e-01
1.064400000000000013e+01,-5.042264461517333984e-01
1.064499999999999957e+01,-5.117265582084655762e-01
1.064600000000000080e+01,-4.473505616188049316e-01
1.064700000000000024e+01,-3.985998332500457764e-01
1.064799999999999969e+01,-4.117250442504882812e-01
1.064899999999999913e+01,-1.732838898897171021e-01
1.065000000000000036e+01,1.842215657234191895e-01
1.065099999999999980e+01,3.154735565185546875e-01
1.065199999999999925e+01,3.520366251468658447e-01
1.065300000000000047e+01,3.379738926887512207e-01
1.065399999999999991e+01,3.114109933376312256e-01
1.065499999999999936e+01,2.667228281497955322e-01
1.065600000000000058e+01,2.685978412628173828e-01
1.065700000000000003e+01,2.832855582237243652e-01
1.065799999999999947e+01,2.173470705747604370e-01
1.065900000000000070e+01,1.364083290100097656e-01
1.066000000000000014e+01,1.045328453183174133e-01
1.066099999999999959e+01,6.890729814767837524e-02
1.066200000000000081e+01,3.359426185488700867e-02
1.066300000000000026e+01,-1.453147176653146744e-02
1.066399999999999970e+01,-2.265659533441066742e-02
1.066499999999999915e+01,-4.515694081783294678e-02
1.066600000000000037e+01,-2.343785716220736504e-03
1.066699999999999982e+01,3.515678644180297852e-02
1.066799999999999926e+01,4.218814428895711899e-03
1.066900000000000048e+01,-2.078156732022762299e-02
1.066999999999999993e+01,-3.265674784779548645e-02
1.067099999999999937e+01,-4.546944424510002136e-02
1.067200000000000060e+01,-4.953200742602348328e-02
1.067300000000000004e+01,-6.578225642442703247e-02
1.067399999999999949e+01,-7.109483331441879272e-02
1.067500000000000071e+01,-8.422003686428070068e-02
1.067600000000000016e+01,-5.578210204839706421e-02
1.067699999999999960e+01,-9.531395509839057922e-03
1.067800000000000082e+01,-4.984451085329055786e-02
1.067900000000000027e+01,-1.051578521728515625e-01
1.067999999999999972e+01,-1.129704713821411133e-01
1.068099999999999916e+01,-1.307832449674606323e-01
1.068200000000000038e+01,-1.464084833860397339e-01
1.068299999999999983e+01,-1.810965090990066528e-01
1.068399999999999928e+01,-1.742214113473892212e-01
1.068500000000000050e+01,-1.885966211557388306e-01
1.068599999999999994e+01,-1.329707801342010498e-01
1.068699999999999939e+01,-8.953261375427246094e-02
1.068800000000000061e+01,-1.057828664779663086e-01
1.068900000000000006e+01,-1.229706257581710815e-01
1.068999999999999950e+01,-1.289082169532775879e-01
1.069100000000000072e+01,-1.351583153009414673e-01
1.069200000000000017e+01,-1.314082592725753784e-01
1.069299999999999962e+01,-1.432834416627883911e-01
1.069400000000000084e+01,-1.445334553718566895e-01
1.069500000000000028e+01,-1.507835537195205688e-01
1.069599999999999973e+01,-1.217206045985221863e-01
1.069699999999999918e+01,-6.828229129314422607e-02
1.069800000000000040e+01,-1.039078384637832642e-01
1.069899999999999984e+01,-3.904747068881988525e-01
1.069999999999999929e+01,-7.157921791076660156e-01
1.070100000000000051e+01,-8.598568439483642578e-01
1.070199999999999996e+01,-9.226703047752380371e-01
1.070299999999999940e+01,-9.567333459854125977e-01
1.070400000000000063e+01,-9.357955455780029297e-01
1.070500000000000007e+01,-9.248578548431396484e-01
1.070599999999999952e+01,-8.417316079139709473e-01
1.070700000000000074e+01,-7.689179778099060059e-01
1.070800000000000018e+01,-7.582927942276000977e-01
1.070899999999999963e+01,-7.448551058769226074e-01
1.071000000000000085e+01,-7.245423197746276855e-01
1.071100000000000030e+01,-7.054795026779174805e-01
1.071199999999999974e+01,-6.826666593551635742e-01
1.071299999999999919e+01,-6.673539280891418457e-01
1.071400000000000041e+01,-6.498536467552185059e-01
1.071499999999999986e+01,-6.367284655570983887e-01
1.071599999999999930e+01,-5.892277359962463379e-01
1.071700000000000053e+01,-5.201641917228698730e-01
1.071799999999999997e+01,-5.414144992828369141e-01
1.071899999999999942e+01,-5.798525810241699219e-01
1.072000000000000064e+01,-5.754775404930114746e-01
1.072100000000000009e+01,-5.764150619506835938e-01
1.072199999999999953e+01,-5.832901597023010254e-01
1.072300000000000075e+01,-6.032904386520385742e-01
1.072400000000000020e+01,-5.826651453971862793e-01
1.072499999999999964e+01,-5.848526954650878906e-01
1.072600000000000087e+01,-5.179766416549682617e-01
1.072700000000000031e+01,-4.614132940769195557e-01
1.072799999999999976e+01,-4.742259979248046875e-01
1.072899999999999920e+01,-4.792260527610778809e-01
1.073000000000000043e+01,-4.792260527610778809e-01
1.073099999999999987e+01,-4.801635742187500000e-01
1.073199999999999932e+01,-4.720384478569030762e-01
1.073300000000000054e+01,-4.742259979248046875e-01
1.073399999999999999e+01,-4.720384478569030762e-01
1.073499999999999943e+01,-4.732884764671325684e-01
1.073600000000000065e+01,-4.379754364490509033e-01
1.073700000000000010e+01,-3.835996091365814209e-01
1.073799999999999955e+01,-4.126625359058380127e-01
1.073900000000000077e+01,-4.592257440090179443e-01
1.074000000000000021e+01,-4.648508429527282715e-01
1.074099999999999966e+01,-4.764135181903839111e-01
1.074200000000000088e+01,-4.864136576652526855e-01
1.074300000000000033e+01,-5.157890915870666504e-01
1.074399999999999977e+01,-5.029764175415039062e-01
1.074499999999999922e+01,-5.089139938354492188e-01
1.074600000000000044e+01,-4.457880556583404541e-01
1.074699999999999989e+01,-3.973498046398162842e-01
1.074799999999999933e+01,-4.123500287532806396e-01
1.074900000000000055e+01,-1.698463410139083862e-01
1.075000000000000000e+01,1.870341002941131592e-01
1.075099999999999945e+01,3.145360350608825684e-01
1.075200000000000067e+01,3.542241454124450684e-01
1.075300000000000011e+01,3.404739499092102051e-01
1.075399999999999956e+01,3.117235004901885986e-01
1.075500000000000078e+01,2.748479545116424561e-01
1.075600000000000023e+01,2.723478972911834717e-01
1.075699999999999967e+01,2.932857275009155273e-01
1.075799999999999912e+01,2.301597595214843750e-01
1.075900000000000034e+01,1.539085954427719116e-01
1.075999999999999979e+01,1.204705908894538879e-01
1.076099999999999923e+01,8.609506487846374512e-02
1.076200000000000045e+01,5.328206345438957214e-02
1.076299999999999990e+01,3.281299956142902374e-03
1.076399999999999935e+01,-3.906309604644775391e-03
1.076500000000000057e+01,-2.515663392841815948e-02
1.076600000000000001e+01,1.578149013221263885e-02
1.076699999999999946e+01,5.546959489583969116e-02
1.076800000000000068e+01,2.203158661723136902e-02
1.076900000000000013e+01,4.218814428895711899e-03
1.076999999999999957e+01,-6.406347732990980148e-03
1.077100000000000080e+01,-2.453162521123886108e-02
1.077200000000000024e+01,-2.828168123960494995e-02
1.077299999999999969e+01,-3.984435647726058960e-02
1.077399999999999913e+01,-4.921950027346611023e-02
1.077500000000000036e+01,-5.859464406967163086e-02
1.077599999999999980e+01,-3.171923384070396423e-02
1.077699999999999925e+01,1.390646211802959442e-02
1.077800000000000047e+01,-2.171908132731914520e-02
1.077899999999999991e+01,-7.453238964080810547e-02
1.077999999999999936e+01,-8.672007173299789429e-02
1.078100000000000058e+01,-1.048453524708747864e-01
1.078200000000000003e+01,-1.192205697298049927e-01
1.078299999999999947e+01,-1.557836234569549561e-01
1.078400000000000070e+01,-1.504710465669631958e-01
1.078500000000000014e+01,-1.576586514711380005e-01
1.078599999999999959e+01,-1.095329225063323975e-01
1.078700000000000081e+01,-6.296971440315246582e-02
1.078800000000000026e+01,-8.390752971172332764e-02
1.078899999999999970e+01,-9.672022610902786255e-02
1.078999999999999915e+01,-1.054703593254089355e-01
1.079100000000000037e+01,-1.110954433679580688e-01
1.079199999999999982e+01,-1.082829013466835022e-01
1.079299999999999926e+01,-1.160955205559730530e-01
1.079400000000000048e+01,-1.192205697298049927e-01
1.079499999999999993e+01,-1.260956674814224243e-01
1.079599999999999937e+01,-9.797024726867675781e-02
1.079700000000000060e+01,-4.484443366527557373e-02
1.079800000000000004e+01,-8.171999454498291016e-02
1.079899999999999949e+01,-3.582867085933685303e-01
1.080000000000000071e+01,-6.920418143272399902e-01
1.080100000000000016e+01,-8.357940316200256348e-01
1.080199999999999960e+01,-8.992324471473693848e-01
1.080300000000000082e+01,-9.420456290245056152e-01
1.080400000000000027e+01,-9.217328429222106934e-01
1.080499999999999972e+01,-9.120451807975769043e-01
1.080599999999999916e+01,-8.329814672470092773e-01
1.080700000000000038e+01,-7.620428800582885742e-01
1.080799999999999983e+01,-7.545427680015563965e-01
1.080899999999999928e+01,-7.439175844192504883e-01
1.081000000000000050e+01,-7.176672220230102539e-01
1.081099999999999994e+01,-7.045419812202453613e-01
1.081199999999999939e+01,-6.795416474342346191e-01
1.081300000000000061e+01,-6.661038994789123535e-01
1.081400000000000006e+01,-6.492286324501037598e-01
1.081499999999999950e+01,-6.370409727096557617e-01
1.081600000000000072e+01,-5.917277932167053223e-01
1.081700000000000017e+01,-5.195391774177551270e-01
1.081799999999999962e+01,-5.407894849777221680e-01
1.081900000000000084e+01,-5.726649761199951172e-01
1.082000000000000028e+01,-5.751650333404541016e-01
1.082099999999999973e+01,-5.764150619506835938e-01
1.082199999999999918e+01,-5.836026668548583984e-01
1.082300000000000040e+01,-6.036029458045959473e-01
1.082399999999999984e+01,-5.826651453971862793e-01
1.082499999999999929e+01,-5.820401310920715332e-01
1.082600000000000051e+01,-5.214142203330993652e-01
1.082699999999999996e+01,-4.642258286476135254e-01
1.082799999999999940e+01,-4.748509824275970459e-01
1.082900000000000063e+01,-4.817261099815368652e-01
1.083000000000000007e+01,-4.770385324954986572e-01
1.083099999999999952e+01,-4.817261099815368652e-01
1.083200000000000074e+01,-4.736009836196899414e-01
1.083300000000000018e+01,-4.742259979248046875e-01
1.083399999999999963e+01,-4.692259132862091064e-01
1.083500000000000085e+01,-4.736009836196899414e-01
1.083600000000000030e+01,-4.404754638671875000e-01
1.083699999999999974e+01,-3.789120316505432129e-01
1.083799999999999919e+01,-4.098500013351440430e-01
1.083900000000000041e+01,-4.561007022857666016e-01
1.083999999999999986e+01,-4.654758572578430176e-01
1.084099999999999930e+01,-4.761010110378265381e-01
1.084200000000000053e+01,-4.864136576652526855e-01
1.084299999999999997e+01,-5.170391201972961426e-01
1.084399999999999942e+01,-5.067265033721923828e-01
1.084500000000000064e+01,-5.061014890670776367e-01
1.084600000000000009e+01,-4.498506188392639160e-01
1.084699999999999953e+01,-3.970372974872589111e-01
1.084800000000000075e+01,-4.132875502109527588e-01
1.084900000000000020e+01,-1.735963970422744751e-01
1.084999999999999964e+01,1.760964393615722656e-01
1.085100000000000087e+01,3.051609098911285400e-01
1.085200000000000031e+01,3.448490202426910400e-01
1.085299999999999976e+01,3.326613306999206543e-01
1.085399999999999920e+01,3.054734170436859131e-01
1.085500000000000043e+01,2.745354473590850830e-01
1.085599999999999987e+01,2.707853913307189941e-01
1.085699999999999932e+01,2.929732203483581543e-01
1.085800000000000054e+01,2.348473370075225830e-01
1.085899999999999999e+01,1.632837355136871338e-01
1.085999999999999943e+01,1.285957098007202148e-01
1.086100000000000065e+01,9.797024726867675781e-02
1.086200000000000010e+01,6.484474241733551025e-02
1.086299999999999955e+01,1.140642445534467697e-02
1.086400000000000077e+01,1.015640515834093094e-02
1.086500000000000021e+01,-7.031357381492853165e-03
1.086599999999999966e+01,3.265674784779548645e-02
1.086700000000000088e+01,6.671977043151855469e-02
1.086800000000000033e+01,4.453193023800849915e-02
1.086899999999999977e+01,2.265659533441066742e-02
1.086999999999999922e+01,1.328145246952772141e-02
1.087100000000000044e+01,-3.593804780393838882e-03
1.087199999999999989e+01,-6.406347732990980148e-03
1.087299999999999933e+01,-2.078156732022762299e-02
1.087400000000000055e+01,-2.734416723251342773e-02
1.087500000000000000e+01,-3.828183561563491821e-02
1.087599999999999945e+01,-1.453147176653146744e-02
1.087700000000000067e+01,3.859433904290199280e-02
1.087800000000000011e+01,-1.093766652047634125e-03
1.087899999999999956e+01,-4.796948283910751343e-02
1.088000000000000078e+01,-6.546974927186965942e-02
1.088100000000000023e+01,-8.234500885009765625e-02
1.088199999999999967e+01,-9.797024726867675781e-02
1.088299999999999912e+01,-1.357833147048950195e-01
1.088400000000000034e+01,-1.295332312583923340e-01
1.088499999999999979e+01,-1.348458081483840942e-01
1.088599999999999923e+01,-9.109514206647872925e-02
1.088700000000000045e+01,-4.140688106417655945e-02
1.088799999999999990e+01,-6.234470009803771973e-02
1.088899999999999935e+01,-7.828244566917419434e-02
1.089000000000000057e+01,-8.422003686428070068e-02
1.089100000000000001e+01,-9.328266978263854980e-02
1.089199999999999946e+01,-9.078263491392135620e-02
1.089300000000000068e+01,-9.484519809484481812e-02
1.089400000000000013e+01,-1.001577749848365784e-01
1.089499999999999957e+01,-1.076578944921493530e-01
1.089600000000000080e+01,-8.109498769044876099e-02
1.089700000000000024e+01,-2.109407261013984680e-02
1.089799999999999969e+01,-5.609460547566413879e-02
1.089899999999999913e+01,-3.301612734794616699e-01
1.090000000000000036e+01,-6.701664924621582031e-01
1.090099999999999980e+01,-8.161062002182006836e-01
1.090199999999999925e+01,-8.798571825027465820e-01
1.090300000000000047e+01,-9.317329525947570801e-01
1.090399999999999991e+01,-9.123576879501342773e-01
1.090499999999999936e+01,-8.995449542999267578e-01
1.090600000000000058e+01,-8.307939171791076660e-01
1.090700000000000003e+01,-7.561053037643432617e-01
1.090799999999999947e+01,-7.470426559448242188e-01
1.090900000000000070e+01,-7.357924580574035645e-01
1.091000000000000014e+01,-7.170422077178955078e-01
1.091099999999999959e+01,-7.026669979095458984e-01
1.091200000000000081e+01,-6.801666021347045898e-01
1.091300000000000026e+01,-6.661038994789123535e-01
1.091399999999999970e+01,-6.511036753654479980e-01
1.091499999999999915e+01,-6.382910013198852539e-01
1.091600000000000037e+01,-5.961028337478637695e-01
1.091699999999999982e+01,-5.201641917228698730e-01
1.091799999999999926e+01,-5.420395135879516602e-01
1.091900000000000048e+01,-5.742275118827819824e-01
1.091999999999999993e+01,-5.757900476455688477e-01
1.092099999999999937e+01,-5.801650881767272949e-01
1.092200000000000060e+01,-5.807901024818420410e-01
1.092300000000000004e+01,-6.042279601097106934e-01
1.092399999999999949e+01,-5.876652002334594727e-01
1.092500000000000071e+01,-5.851652026176452637e-01
1.092600000000000016e+01,-5.242267251014709473e-01
1.092699999999999960e+01,-4.689134061336517334e-01
1.092800000000000082e+01,-4.748509824275970459e-01
1.092900000000000027e+01,-4.832886159420013428e-01
1.092999999999999972e+01,-4.823511242866516113e-01
1.093099999999999916e+01,-4.857886731624603271e-01
1.093200000000000038e+01,-4.742259979248046875e-01
1.093299999999999983e+01,-4.770385324954986572e-01
1.093399999999999928e+01,-4.757885038852691650e-01
1.093500000000000050e+01,-4.739134907722473145e-01
1.093599999999999994e+01,-4.448505342006683350e-01
1.093699999999999939e+01,-3.801620602607727051e-01
1.093800000000000061e+01,-4.120375514030456543e-01
1.093900000000000006e+01,-4.526631534099578857e-01
1.093999999999999950e+01,-4.657883644104003906e-01
1.094100000000000072e+01,-4.770385324954986572e-01
1.094200000000000017e+01,-4.836011230945587158e-01
1.094299999999999962e+01,-5.179766416549682617e-01
1.094400000000000084e+01,-5.070390105247497559e-01
1.094500000000000028e+01,-5.067265033721923828e-01
1.094599999999999973e+01,-4.517256319522857666e-01
1.094699999999999918e+01,-3.995373547077178955e-01
1.094800000000000040e+01,-4.129750430583953857e-01
1.094899999999999984e+01,-1.707838624715805054e-01
1.094999999999999929e+01,1.839090585708618164e-01
1.095100000000000051e+01,3.129735291004180908e-01
1.095199999999999996e+01,3.548491597175598145e-01
1.095299999999999940e+01,3.410989642143249512e-01
1.095400000000000063e+01,3.201611340045928955e-01
1.095500000000000007e+01,2.864106297492980957e-01
1.095599999999999952e+01,2.820355594158172607e-01
1.095700000000000074e+01,3.157860636711120605e-01
1.095800000000000018e+01,2.585977017879486084e-01
1.095899999999999963e+01,1.923466920852661133e-01
1.096000000000000085e+01,1.507835537195205688e-01
1.096100000000000030e+01,1.185955628752708435e-01
1.096199999999999974e+01,9.203265607357025146e-02
1.096299999999999919e+01,3.921934962272644043e-02
1.096400000000000041e+01,3.765682503581047058e-02
1.096499999999999986e+01,2.421911992132663727e-02
1.096599999999999930e+01,5.890714749693870544e-02
1.096700000000000053e+01,9.734523296356201172e-02
1.096799999999999997e+01,7.109483331441879272e-02
1.096899999999999942e+01,5.171953886747360229e-02
1.097000000000000064e+01,3.984435647726058960e-02
1.097100000000000009e+01,2.765667252242565155e-02
1.097199999999999953e+01,2.171908132731914520e-02
1.097300000000000075e+01,9.843899868428707123e-03
1.097400000000000020e+01,4.843824077397584915e-03
1.097499999999999964e+01,-7.968871854245662689e-03
1.097600000000000087e+01,1.140642445534467697e-02
1.097700000000000031e+01,6.953231245279312134e-02
1.097799999999999976e+01,3.390676900744438171e-02
1.097899999999999920e+01,-1.078141480684280396e-02
1.098000000000000043e+01,-3.390676900744438171e-02
1.098099999999999987e+01,-5.046952143311500549e-02
1.098199999999999932e+01,-6.203219667077064514e-02
1.098300000000000054e+01,-1.023453101515769958e-01
1.098399999999999999e+01,-9.797024726867675781e-02
1.098499999999999943e+01,-1.045328453183174133e-01
1.098600000000000065e+01,-6.203219667077064514e-02
1.098700000000000010e+01,-1.453147176653146744e-02
1.098799999999999955e+01,-3.234424442052841187e-02
1.098900000000000077e+01,-4.328190907835960388e-02
1.099000000000000021e+01,-5.328206345438957214e-02
1.099099999999999966e+01,-6.171969324350357056e-02
1.099200000000000088e+01,-5.984466150403022766e-02
1.099300000000000033e+01,-6.828229129314422607e-02
1.099399999999999977e+01,-7.140734046697616577e-02
1.099499999999999922e+01,-7.453238964080810547e-02
1.099600000000000044e+01,-5.640710890293121338e-02
1.099699999999999989e+01,1.140642445534467697e-02
1.099799999999999933e+01,-2.640665322542190552e-02
1.099900000000000055e+01,-2.957857549190521240e-01
1.100000000000000000e+01,-6.398535370826721191e-01
1.100099999999999945e+01,-7.914183139801025391e-01
1.100200000000000067e+01,-8.532942533493041992e-01
1.100300000000000011e+01,-9.057950973510742188e-01
1.100399999999999956e+01,-8.948574066162109375e-01
1.100500000000000078e+01,-8.804821968078613281e-01
1.100600000000000023e+01,-8.198562860488891602e-01
1.100699999999999967e+01,-7.457926273345947266e-01
1.100799999999999912e+01,-7.417300939559936523e-01
1.100900000000000034e+01,-7.298548817634582520e-01
1.100999999999999979e+01,-7.126671075820922852e-01
1.101099999999999923e+01,-6.998544335365295410e-01
1.101200000000000045e+01,-6.748540401458740234e-01
1.101299999999999990e+01,-6.654788851737976074e-01
1.101399999999999935e+01,-6.504786610603332520e-01
1.101500000000000057e+01,-6.351659297943115234e-01
1.101600000000000001e+01,-5.998529195785522461e-01
1.101699999999999946e+01,-5.189141631126403809e-01
1.101800000000000068e+01,-5.386019945144653320e-01
1.101900000000000013e+01,-5.673524141311645508e-01
1.101999999999999957e+01,-5.764150619506835938e-01
1.102100000000000080e+01,-5.807901024818420410e-01
1.102200000000000024e+01,-5.761025547981262207e-01
1.102299999999999969e+01,-6.079780459403991699e-01
1.102399999999999913e+01,-5.898527503013610840e-01
1.102500000000000036e+01,-5.804775953292846680e-01
1.102599999999999980e+01,-5.301643610000610352e-01
1.102699999999999925e+01,-4.673508703708648682e-01
1.102800000000000047e+01,-4.745385050773620605e-01
1.102899999999999991e+01,-4.823511242866516113e-01
1.102999999999999936e+01,-4.829761087894439697e-01
1.103100000000000058e+01,-4.845386445522308350e-01
1.103200000000000003e+01,-4.767260253429412842e-01
1.103299999999999947e+01,-4.839136302471160889e-01
1.103400000000000070e+01,-4.776635468006134033e-01
1.103500000000000014e+01,-4.745385050773620605e-01
1.103599999999999959e+01,-4.532881677150726318e-01
1.103700000000000081e+01,-3.817245662212371826e-01
1.103800000000000026e+01,-4.095374941825866699e-01
1.103899999999999970e+01,-4.470380842685699463e-01
1.103999999999999915e+01,-4.664133787155151367e-01
1.104100000000000037e+01,-4.786010384559631348e-01
1.104199999999999982e+01,-4.829761087894439697e-01
1.104299999999999926e+01,-5.207892060279846191e-01
1.104400000000000048e+01,-5.045389533042907715e-01
1.104499999999999993e+01,-5.032889246940612793e-01
1.104599999999999937e+01,-4.561007022857666016e-01
1.104700000000000060e+01,-4.001623690128326416e-01
1.104800000000000004e+01,-4.107875227928161621e-01
1.104899999999999949e+01,-1.704713553190231323e-01
1.105000000000000071e+01,1.823465377092361450e-01
1.105100000000000016e+01,3.110984861850738525e-01
1.105199999999999960e+01,3.542241454124450684e-01
1.105300000000000082e+01,3.470365405082702637e-01
1.105400000000000027e+01,3.257862329483032227e-01
1.105499999999999972e+01,2.951607406139373779e-01
1.105599999999999916e+01,2.889106571674346924e-01
1.105700000000000038e+01,3.292237818241119385e-01
1.105799999999999983e+01,2.773479819297790527e-01
1.105899999999999928e+01,2.135970145463943481e-01
1.106000000000000050e+01,1.751589179039001465e-01
1.106099999999999994e+01,1.426584273576736450e-01
1.106199999999999939e+01,1.195330768823623657e-01
1.106300000000000061e+01,6.828229129314422607e-02
1.106400000000000006e+01,6.078217923641204834e-02
1.106499999999999950e+01,4.953200742602348328e-02
1.106600000000000072e+01,8.203250169754028320e-02
1.106700000000000017e+01,1.251581609249114990e-01
1.106799999999999962e+01,1.014077961444854736e-01
1.106900000000000084e+01,8.359502255916595459e-02
1.107000000000000028e+01,6.796978414058685303e-02
1.107099999999999973e+01,5.296956002712249756e-02
1.107199999999999918e+01,5.109452828764915466e-02
1.107300000000000040e+01,3.890684247016906738e-02
1.107399999999999984e+01,3.328175842761993408e-02
1.107499999999999929e+01,2.296910062432289124e-02
1.107600000000000051e+01,3.921934962272644043e-02
1.107699999999999996e+01,1.023453101515769958e-01
1.107799999999999940e+01,6.765728443861007690e-02
1.107900000000000063e+01,2.796917594969272614e-02
1.108000000000000007e+01,7.812619442120194435e-04
1.108099999999999952e+01,-1.796902343630790710e-02
1.108200000000000074e+01,-2.921919524669647217e-02
1.108300000000000018e+01,-7.015731930732727051e-02
1.108399999999999963e+01,-6.765728443861007690e-02
1.108500000000000085e+01,-6.578225642442703247e-02
1.108600000000000030e+01,-3.390676900744438171e-02
1.108699999999999974e+01,1.796902343630790710e-02
1.108799999999999919e+01,-1.406271476298570633e-03
1.108900000000000041e+01,-1.359395775943994522e-02
1.108999999999999986e+01,-2.171908132731914520e-02
1.109099999999999930e+01,-2.890669181942939758e-02
1.109200000000000053e+01,-2.703166194260120392e-02
1.109299999999999997e+01,-3.265674784779548645e-02
1.109399999999999942e+01,-3.890684247016906738e-02
1.109500000000000064e+01,-4.296940565109252930e-02
1.109600000000000009e+01,-2.421911992132663727e-02
1.109699999999999953e+01,4.046936705708503723e-02
1.109800000000000075e+01,1.171892881393432617e-02
1.109900000000000020e+01,-2.595352232456207275e-01
1.109999999999999964e+01,-6.123530864715576172e-01
1.110100000000000087e+01,-7.711055278778076172e-01
1.110200000000000031e+01,-8.342314958572387695e-01
1.110299999999999976e+01,-8.942323923110961914e-01
1.110399999999999920e+01,-8.870447874069213867e-01
1.110500000000000043e+01,-8.729820847511291504e-01
1.110599999999999987e+01,-8.189187645912170410e-01
1.110699999999999932e+01,-7.457926273345947266e-01
1.110800000000000054e+01,-7.404800653457641602e-01
1.110899999999999999e+01,-7.314174175262451172e-01
1.110999999999999943e+01,-7.167297005653381348e-01
1.111100000000000065e+01,-7.048544883728027344e-01
1.111200000000000010e+01,-6.801666021347045898e-01
1.111299999999999955e+01,-6.676664352416992188e-01
1.111400000000000077e+01,-6.526662111282348633e-01
1.111500000000000021e+01,-6.423535346984863281e-01
1.111599999999999966e+01,-6.089155673980712891e-01
1.111700000000000088e+01,-5.229767560958862305e-01
1.111800000000000033e+01,-5.407894849777221680e-01
1.111899999999999977e+01,-5.701649785041809082e-01
1.111999999999999922e+01,-5.814151167869567871e-01
1.112100000000000044e+01,-5.861026644706726074e-01
1.112199999999999989e+01,-5.817276239395141602e-01
1.112299999999999933e+01,-6.114155650138854980e-01
1.112400000000000055e+01,-5.932903289794921875e-01
1.112500000000000000e+01,-5.811026096343994141e-01
1.112599999999999945e+01,-5.351644158363342285e-01
1.112700000000000067e+01,-4.742259979248046875e-01
1.112800000000000011e+01,-4.845386445522308350e-01
1.112899999999999956e+01,-4.895387291908264160e-01
1.113000000000000078e+01,-4.876636862754821777e-01
1.113100000000000023e+01,-4.920387566089630127e-01
1.113199999999999967e+01,-4.811010956764221191e-01
1.113299999999999912e+01,-4.851636588573455811e-01
1.113400000000000034e+01,-4.801635742187500000e-01
1.113499999999999979e+01,-4.804760813713073730e-01
1.113599999999999923e+01,-4.582882523536682129e-01
1.113700000000000045e+01,-3.817245662212371826e-01
1.113799999999999990e+01,-4.111000299453735352e-01
1.113899999999999935e+01,-4.495381116867065430e-01
1.114000000000000057e+01,-4.704759418964385986e-01
1.114100000000000001e+01,-4.801635742187500000e-01
1.114199999999999946e+01,-4.876636862754821777e-01
1.114300000000000068e+01,-5.198516845703125000e-01
1.114400000000000013e+01,-5.089139938354492188e-01
1.114499999999999957e+01,-5.042264461517333984e-01
1.114600000000000080e+01,-4.636008143424987793e-01
1.114700000000000024e+01,-4.054749310016632080e-01
1.114799999999999969e+01,-4.170376062393188477e-01
1.114899999999999913e+01,-1.726588904857635498e-01
1.115000000000000036e+01,1.760964393615722656e-01
1.115099999999999980e+01,3.095359802246093750e-01
1.115199999999999925e+01,3.532866537570953369e-01
1.115300000000000047e+01,3.467240333557128906e-01
1.115399999999999991e+01,3.273487389087677002e-01
1.115499999999999936e+01,3.054734170436859131e-01
1.115600000000000058e+01,2.957857549190521240e-01
1.115700000000000003e+01,3.410989642143249512e-01
1.115799999999999947e+01,2.892231643199920654e-01
1.115900000000000070e+01,2.348473370075225830e-01
1.116000000000000014e+01,1.926591843366622925e-01
1.116099999999999959e+01,1.617212146520614624e-01
1.116200000000000081e+01,1.435959339141845703e-01
1.116300000000000026e+01,8.922011405229568481e-02
1.116399999999999970e+01,8.609506487846374512e-02
1.116499999999999915e+01,7.921995967626571655e-02
1.116600000000000037e+01,1.057828664779663086e-01
1.116699999999999982e+01,1.482835114002227783e-01
1.116799999999999926e+01,1.257831752300262451e-01
1.116900000000000048e+01,1.048453524708747864e-01
1.116999999999999993e+01,9.672022610902786255e-02
1.117099999999999937e+01,8.171999454498291016e-02
1.117200000000000060e+01,7.953246682882308960e-02
1.117300000000000004e+01,6.796978414058685303e-02
1.117399999999999949e+01,6.078217923641204834e-02
1.117500000000000071e+01,5.296956002712249756e-02
1.117600000000000016e+01,6.859479844570159912e-02
1.117699999999999960e+01,1.292207241058349609e-01
1.117800000000000082e+01,9.828274697065353394e-02
1.117900000000000027e+01,5.921965464949607849e-02
1.117999999999999972e+01,2.984420582652091980e-02
1.118099999999999916e+01,1.453147176653146744e-02
1.118200000000000038e+01,1.718776184134185314e-03
1.118299999999999983e+01,-3.984435647726058960e-02
1.118399999999999928e+01,-3.890684247016906738e-02
1.118500000000000050e+01,-3.515678644180297852e-02
1.118599999999999994e+01,-9.531395509839057922e-03
1.118699999999999939e+01,4.265690222382545471e-02
1.118800000000000061e+01,2.828168123960494995e-02
1.118900000000000006e+01,1.765652000904083252e-02
1.118999999999999950e+01,7.968871854245662689e-03
1.119100000000000072e+01,-1.406271476298570633e-03
1.119200000000000017e+01,-1.093766652047634125e-03
1.119299999999999962e+01,-7.343862205743789673e-03
1.119400000000000084e+01,-1.015640515834093094e-02
1.119500000000000028e+01,-1.390646211802959442e-02
1.119599999999999973e+01,-1.562523830216377974e-04
1.119699999999999918e+01,7.171984761953353882e-02
1.119800000000000040e+01,3.890684247016906738e-02
1.119899999999999984e+01,-2.267222106456756592e-01
1.119999999999999929e+01,-5.795400738716125488e-01
1.120100000000000051e+01,-7.332924604415893555e-01
1.120199999999999996e+01,-7.992309331893920898e-01
1.120299999999999940e+01,-8.651694655418395996e-01
1.120400000000000063e+01,-8.592318892478942871e-01
1.120500000000000007e+01,-8.476691842079162598e-01
1.120599999999999952e+01,-8.020434975624084473e-01
1.120700000000000074e+01,-7.317299246788024902e-01
1.120800000000000018e+01,-7.270423173904418945e-01
1.120899999999999963e+01,-7.154796719551086426e-01
1.121000000000000085e+01,-7.092295885086059570e-01
1.121100000000000030e+01,-6.936043500900268555e-01
1.121199999999999974e+01,-6.764165759086608887e-01
1.121299999999999919e+01,-6.604788303375244141e-01
1.121400000000000041e+01,-6.489161252975463867e-01
1.121499999999999986e+01,-6.351659297943115234e-01
1.121599999999999930e+01,-6.064155101776123047e-01
1.121700000000000053e+01,-5.201641917228698730e-01
1.121799999999999997e+01,-5.373519659042358398e-01
1.121899999999999942e+01,-5.607898235321044922e-01
1.122000000000000064e+01,-5.798525810241699219e-01
1.122100000000000009e+01,-5.826651453971862793e-01
1.122199999999999953e+01,-5.782900452613830566e-01
1.122300000000000075e+01,-6.104780435562133789e-01
1.122400000000000020e+01,-5.904777646064758301e-01
1.122499999999999964e+01,-5.789150595664978027e-01
1.122600000000000087e+01,-5.407894849777221680e-01
1.122700000000000031e+01,-4.779760539531707764e-01
1.122799999999999976e+01,-4.823511242866516113e-01
1.122899999999999920e+01,-4.882887005805969238e-01
1.123000000000000043e+01,-4.876636862754821777e-01
1.123099999999999987e+01,-4.879761934280395508e-01
1.123199999999999932e+01,-4.848511517047882080e-01
1.123300000000000054e+01,-4.857886731624603271e-01
1.123399999999999999e+01,-4.829761087894439697e-01
1.123499999999999943e+01,-4.798510670661926270e-01
1.123600000000000065e+01,-4.595382511615753174e-01
1.123700000000000010e+01,-3.860996365547180176e-01
1.123799999999999955e+01,-4.114125370979309082e-01
1.123900000000000077e+01,-4.429755210876464844e-01
1.124000000000000021e+01,-4.667258858680725098e-01
1.124099999999999966e+01,-4.826636016368865967e-01
1.124200000000000088e+01,-4.826636016368865967e-01
1.124300000000000033e+01,-5.214142203330993652e-01
1.124399999999999977e+01,-5.095390081405639648e-01
1.124499999999999922e+01,-4.995388686656951904e-01
1.124600000000000044e+01,-4.632883071899414062e-01
1.124699999999999989e+01,-4.035999178886413574e-01
1.124799999999999933e+01,-4.157876074314117432e-01
1.124900000000000055e+01,-1.726588904857635498e-01
1.125000000000000000e+01,1.798464953899383545e-01
1.125099999999999945e+01,3.132860362529754639e-01
1.125200000000000067e+01,3.557866811752319336e-01
1.125300000000000011e+01,3.564116954803466797e-01
1.125399999999999956e+01,3.382863998413085938e-01
1.125500000000000078e+01,3.139110505580902100e-01
1.125600000000000023e+01,3.054734170436859131e-01
1.125699999999999967e+01,3.601617515087127686e-01
1.125799999999999912e+01,3.126610219478607178e-01
1.125900000000000034e+01,2.629727721214294434e-01
1.125999999999999979e+01,2.179720699787139893e-01
1.126099999999999923e+01,1.885966211557388306e-01
1.126200000000000045e+01,1.735963970422744751e-01
1.126299999999999990e+01,1.189080625772476196e-01
1.126399999999999935e+01,1.170330345630645752e-01
1.126500000000000057e+01,1.085954084992408752e-01
1.126600000000000001e+01,1.348458081483840942e-01
1.126699999999999946e+01,1.817215234041213989e-01
1.126800000000000068e+01,1.610962152481079102e-01
1.126900000000000013e+01,1.401583850383758545e-01
1.126999999999999957e+01,1.332832872867584229e-01
1.127100000000000080e+01,1.182830557227134705e-01
1.127200000000000024e+01,1.164080277085304260e-01
1.127299999999999969e+01,1.054703593254089355e-01
1.127399999999999913e+01,9.359517693519592285e-02
1.127500000000000036e+01,9.047012776136398315e-02
1.127599999999999980e+01,9.797024726867675781e-02
1.127699999999999925e+01,1.676588058471679688e-01
1.127800000000000047e+01,1.364083290100097656e-01
1.127899999999999991e+01,1.032828241586685181e-01
1.127999999999999936e+01,7.046982645988464355e-02
1.128100000000000058e+01,5.109452828764915466e-02
1.128200000000000003e+01,4.234439507126808167e-02
1.128299999999999947e+01,-2.343785716220736504e-03
1.128400000000000070e+01,1.093766652047634125e-03
1.128500000000000014e+01,4.843824077397584915e-03
1.128599999999999959e+01,2.765667252242565155e-02
1.128700000000000081e+01,8.203250169754028320e-02
1.128800000000000026e+01,6.515724211931228638e-02
1.128899999999999970e+01,5.484458804130554199e-02
1.128999999999999915e+01,4.734447225928306580e-02
1.129100000000000037e+01,3.796932846307754517e-02
1.129199999999999982e+01,3.671931102871894836e-02
1.129299999999999926e+01,3.265674784779548645e-02
1.129400000000000048e+01,2.609414793550968170e-02
1.129499999999999993e+01,2.296910062432289124e-02
1.129599999999999937e+01,3.484428301453590393e-02
1.129700000000000060e+01,1.032828241586685181e-01
1.129800000000000004e+01,7.953246682882308960e-02
1.129899999999999949e+01,-1.885966211557388306e-01
1.130000000000000071e+01,-5.507896542549133301e-01
1.130100000000000016e+01,-7.082920670509338379e-01
1.130199999999999960e+01,-7.779806256294250488e-01
1.130300000000000082e+01,-8.492317199707031250e-01
1.130400000000000027e+01,-8.479816913604736328e-01
1.130499999999999972e+01,-8.351690173149108887e-01
1.130599999999999916e+01,-7.989184260368347168e-01
1.130700000000000038e+01,-7.298548817634582520e-01
1.130799999999999983e+01,-7.223547697067260742e-01
1.130899999999999928e+01,-7.195422053337097168e-01
1.131000000000000050e+01,-7.089170813560485840e-01
1.131099999999999994e+01,-6.989169120788574219e-01
1.131199999999999939e+01,-6.789166331291198730e-01
1.131300000000000061e+01,-6.670414209365844727e-01
1.131400000000000006e+01,-6.554787755012512207e-01
1.131499999999999950e+01,-6.407909989356994629e-01
1.131600000000000072e+01,-6.154781579971313477e-01
1.131700000000000017e+01,-5.286018252372741699e-01
1.131799999999999962e+01,-5.429770350456237793e-01
1.131900000000000084e+01,-5.639148354530334473e-01
1.132000000000000028e+01,-5.854777097702026367e-01
1.132099999999999973e+01,-5.923528075218200684e-01
1.132199999999999918e+01,-5.851652026176452637e-01
1.132300000000000040e+01,-6.151656508445739746e-01
1.132399999999999984e+01,-5.964153409004211426e-01
1.132499999999999929e+01,-5.867276787757873535e-01
1.132600000000000051e+01,-5.479770898818969727e-01
1.132699999999999996e+01,-4.842261373996734619e-01
1.132799999999999940e+01,-4.870386719703674316e-01
1.132900000000000063e+01,-4.926637709140777588e-01
1.133000000000000007e+01,-4.945387840270996094e-01
1.133099999999999952e+01,-4.948512911796569824e-01
1.133200000000000074e+01,-4.895387291908264160e-01
1.133300000000000018e+01,-4.882887005805969238e-01
1.133399999999999963e+01,-4.895387291908264160e-01
1.133500000000000085e+01,-4.867261648178100586e-01
1.133600000000000030e+01,-4.676633775234222412e-01
1.133699999999999974e+01,-3.920372426509857178e-01
1.133799999999999919e+01,-4.161000847816467285e-01
1.133900000000000041e+01,-4.448505342006683350e-01
1.133999999999999986e+01,-4.723509550094604492e-01
1.134099999999999930e+01,-4.848511517047882080e-01
1.134200000000000053e+01,-4.873511791229248047e-01
1.134299999999999997e+01,-5.229767560958862305e-01
1.134399999999999942e+01,-5.136016011238098145e-01
1.134500000000000064e+01,-5.023514032363891602e-01
1.134600000000000009e+01,-4.704759418964385986e-01
1.134699999999999953e+01,-4.082874655723571777e-01
1.134800000000000075e+01,-4.170376062393188477e-01
1.134900000000000020e+01,-1.764089465141296387e-01
1.134999999999999964e+01,1.764089465141296387e-01
1.135100000000000087e+01,3.073484301567077637e-01
1.135200000000000031e+01,3.539116382598876953e-01
1.135299999999999976e+01,3.548491597175598145e-01
1.135399999999999920e+01,3.426614701747894287e-01
1.135500000000000043e+01,3.214111626148223877e-01
1.135599999999999987e+01,3.170360922813415527e-01
1.135699999999999932e+01,3.732869327068328857e-01
1.135800000000000054e+01,3.298487961292266846e-01
1.135899999999999999e+01,2.848480939865112305e-01
1.135999999999999943e+01,2.410974353551864624e-01
1.136100000000000065e+01,2.117219865322113037e-01
1.136200000000000010e+01,1.989092826843261719e-01
1.136299999999999955e+01,1.485960185527801514e-01
1.136400000000000077e+01,1.429709345102310181e-01
1.136500000000000021e+01,1.423459202051162720e-01
1.136599999999999966e+01,1.576586514711380005e-01
1.136700000000000088e+01,2.076594233512878418e-01
1.136800000000000033e+01,1.910966634750366211e-01
1.136899999999999977e+01,1.720338761806488037e-01
1.136999999999999922e+01,1.620337218046188354e-01
1.137100000000000044e+01,1.501585394144058228e-01
1.137199999999999989e+01,1.464084833860397339e-01
1.137299999999999933e+01,1.373458504676818848e-01
1.137400000000000055e+01,1.295332312583923340e-01
1.137500000000000000e+01,1.248456537723541260e-01
1.137599999999999945e+01,1.307832449674606323e-01
1.137700000000000067e+01,2.007843106985092163e-01
1.137800000000000011e+01,1.729713827371597290e-01
1.137899999999999956e+01,1.379708498716354370e-01
1.138000000000000078e+01,1.039078384637832642e-01
1.138100000000000023e+01,8.703257888555526733e-02
1.138199999999999967e+01,7.671991735696792603e-02
1.138299999999999912e+01,3.515678644180297852e-02
1.138400000000000034e+01,3.484428301453590393e-02
1.138499999999999979e+01,3.953185304999351501e-02
1.138599999999999923e+01,5.796963348984718323e-02
1.138700000000000045e+01,1.151580065488815308e-01
1.138799999999999990e+01,1.007827892899513245e-01
1.138899999999999935e+01,8.453253656625747681e-02
1.139000000000000057e+01,8.015747368335723877e-02
1.139100000000000001e+01,7.171984761953353882e-02
1.139199999999999946e+01,7.046982645988464355e-02
1.139300000000000068e+01,6.453223526477813721e-02
1.139400000000000013e+01,5.546959489583969116e-02
1.139499999999999957e+01,5.578210204839706421e-02
1.139600000000000080e+01,6.515724211931228638e-02
1.139700000000000024e+01,1.385958641767501831e-01
1.139799999999999969e+01,1.142204925417900085e-01
1.139899999999999913e+01,-1.510960608720779419e-01
1.140000000000000036e+01,-5.079764723777770996e-01
1.140099999999999980e+01,-6.692289710044860840e-01
1.140199999999999925e+01,-7.432925701141357422e-01
1.140300000000000047e+01,-8.114186525344848633e-01
1.140399999999999991e+01,-8.182937502861022949e-01
1.140499999999999936e+01,-8.092311024665832520e-01
1.140600000000000058e+01,-7.776681184768676758e-01
1.140700000000000003e+01,-7.117295861244201660e-01
1.140799999999999947e+01,-7.070420384407043457e-01
1.140900000000000070e+01,-7.054795026779174805e-01
1.141000000000000014e+01,-6.948543787002563477e-01
1.141099999999999959e+01,-6.854792237281799316e-01
1.141200000000000081e+01,-6.698539853096008301e-01
1.141300000000000026e+01,-6.573537588119506836e-01
1.141399999999999970e+01,-6.473536491394042969e-01
1.141499999999999915e+01,-6.342284083366394043e-01
1.141600000000000037e+01,-6.111030578613281250e-01
1.141699999999999982e+01,-5.204766988754272461e-01
1.141799999999999926e+01,-5.367269515991210938e-01
1.141900000000000048e+01,-5.586022734642028809e-01
1.141999999999999993e+01,-5.804775953292846680e-01
1.142099999999999937e+01,-5.879777073860168457e-01
1.142200000000000060e+01,-5.786025524139404297e-01
1.142300000000000004e+01,-6.111030578613281250e-01
1.142399999999999949e+01,-5.948528051376342773e-01
1.142500000000000071e+01,-5.786025524139404297e-01
1.142600000000000016e+01,-5.467271208763122559e-01
1.142699999999999960e+01,-4.820386171340942383e-01
1.142800000000000082e+01,-4.889137148857116699e-01
1.142900000000000027e+01,-4.929762780666351318e-01
1.142999999999999972e+01,-4.929762780666351318e-01
1.143099999999999916e+01,-4.964138269424438477e-01
1.143200000000000038e+01,-4.901637434959411621e-01
1.143299999999999983e+01,-4.882887005805969238e-01
1.143399999999999928e+01,-4.870386719703674316e-01
1.143500000000000050e+01,-4.842261373996734619e-01
1.143599999999999994e+01,-4.701634347438812256e-01
1.143699999999999939e+01,-3.879746794700622559e-01
1.143800000000000061e+01,-4.142250716686248779e-01
1.143900000000000006e+01,-4.401629567146301270e-01
1.143999999999999950e+01,-4.701634347438812256e-01
1.144100000000000072e+01,-4.867261648178100586e-01
1.144200000000000017e+01,-4.870386719703674316e-01
1.144299999999999962e+01,-5.220392346382141113e-01
1.144400000000000084e+01,-5.123515725135803223e-01
1.144500000000000028e+01,-4.989138543605804443e-01
1.144599999999999973e+01,-4.757885038852691650e-01
1.144699999999999918e+01,-4.085999727249145508e-01
1.144800000000000040e+01,-4.182876348495483398e-01
1.144899999999999984e+01,-1.732838898897171021e-01
1.144999999999999929e+01,1.760964393615722656e-01
1.145100000000000051e+01,3.098484873771667480e-01
1.145199999999999996e+01,3.592242300510406494e-01
1.145299999999999940e+01,3.673493564128875732e-01
1.145400000000000063e+01,3.520366251468658447e-01
1.145500000000000007e+01,3.385989069938659668e-01
1.145599999999999952e+01,3.329738378524780273e-01
1.145700000000000074e+01,3.973498046398162842e-01
1.145800000000000018e+01,3.557866811752319336e-01
1.145899999999999963e+01,3.132860362529754639e-01
1.146000000000000085e+01,2.704728841781616211e-01
1.146100000000000030e+01,2.467225193977355957e-01
1.146199999999999974e+01,2.317222803831100464e-01
1.146299999999999919e+01,1.823465377092361450e-01
1.146400000000000041e+01,1.814090162515640259e-01
1.146499999999999986e+01,1.842215657234191895e-01
1.146599999999999930e+01,1.957842409610748291e-01
1.146700000000000053e+01,2.470350265502929688e-01
1.146799999999999997e+01,2.345348298549652100e-01
1.146899999999999942e+01,2.107844650745391846e-01
1.147000000000000064e+01,2.045343667268753052e-01
1.147100000000000009e+01,1.926591843366622925e-01
1.147199999999999953e+01,1.870341002941131592e-01
1.147300000000000075e+01,1.798464953899383545e-01
1.147400000000000020e+01,1.742214113473892212e-01
1.147499999999999964e+01,1.695338338613510132e-01
1.147600000000000087e+01,1.735963970422744751e-01
1.147700000000000031e+01,2.479725331068038940e-01
1.147799999999999976e+01,2.170345634222030640e-01
1.147899999999999920e+01,1.854715794324874878e-01
1.148000000000000043e+01,1.507835537195205688e-01
1.148099999999999987e+01,1.298457384109497070e-01
1.148199999999999932e+01,1.226581186056137085e-01
1.148300000000000054e+01,7.859495282173156738e-02
1.148399999999999999e+01,8.171999454498291016e-02
1.148499999999999943e+01,8.453253656625747681e-02
1.148600000000000065e+01,9.984527528285980225e-02
1.148700000000000010e+01,1.532835960388183594e-01
1.148799999999999955e+01,1.451584696769714355e-01
1.148900000000000077e+01,1.298457384109497070e-01
1.149000000000000021e+01,1.235956326127052307e-01
1.149099999999999966e+01,1.160955205559730530e-01
1.149200000000000088e+01,1.114079505205154419e-01
1.149300000000000033e+01,1.092204153537750244e-01
1.149399999999999977e+01,1.017203032970428467e-01
1.149499999999999922e+01,1.042203381657600403e-01
1.149600000000000044e+01,1.095329225063323975e-01
1.149699999999999989e+01,1.860965937376022339e-01
1.149799999999999933e+01,1.560961306095123291e-01
1.149900000000000055e+01,-1.057828664779663086e-01
1.150000000000000000e+01,-4.732884764671325684e-01
1.150099999999999945e+01,-6.379784941673278809e-01
1.150200000000000067e+01,-7.167297005653381348e-01
1.150300000000000011e+01,-7.898557782173156738e-01
1.150399999999999956e+01,-8.045435547828674316e-01
1.150500000000000078e+01,-7.957934141159057617e-01
1.150600000000000023e+01,-7.736055254936218262e-01
1.150699999999999967e+01,-7.032919526100158691e-01
1.150799999999999912e+01,-7.026669979095458984e-01
1.150900000000000034e+01,-7.032919526100158691e-01
1.150999999999999979e+01,-6.976668834686279297e-01
1.151099999999999923e+01,-6.857917308807373047e-01
1.151200000000000045e+01,-6.729789972305297852e-01
1.151299999999999990e+01,-6.614163517951965332e-01
1.151399999999999935e+01,-6.511036753654479980e-01
1.151500000000000057e+01,-6.392285227775573730e-01
1.151600000000000001e+01,-6.186031699180603027e-01
1.151699999999999946e+01,-5.270392894744873047e-01
1.151800000000000068e+01,-5.420395135879516602e-01
1.151900000000000013e+01,-5.629773139953613281e-01
1.151999999999999957e+01,-5.839151740074157715e-01
1.152100000000000080e+01,-5.932903289794921875e-01
1.152200000000000024e+01,-5.873526930809020996e-01
1.152299999999999969e+01,-6.189156770706176758e-01
1.152399999999999913e+01,-6.051654815673828125e-01
1.152500000000000036e+01,-5.845401883125305176e-01
1.152599999999999980e+01,-5.576647520065307617e-01
1.152699999999999925e+01,-4.882887005805969238e-01
1.152800000000000047e+01,-4.954763054847717285e-01
1.152899999999999991e+01,-4.995388686656951904e-01
1.152999999999999936e+01,-5.001638531684875488e-01
1.153100000000000058e+01,-4.989138543605804443e-01
1.153200000000000003e+01,-4.942262768745422363e-01
1.153299999999999947e+01,-4.901637434959411621e-01
1.153400000000000070e+01,-4.932887852191925049e-01
1.153500000000000014e+01,-4.898512363433837891e-01
1.153599999999999959e+01,-4.748509824275970459e-01
1.153700000000000081e+01,-3.926622271537780762e-01
1.153800000000000026e+01,-4.179751276969909668e-01
1.153899999999999970e+01,-4.426630139350891113e-01
1.153999999999999915e+01,-4.764135181903839111e-01
1.154100000000000037e+01,-4.879761934280395508e-01
1.154199999999999982e+01,-4.882887005805969238e-01
1.154299999999999926e+01,-5.242267251014709473e-01
1.154400000000000048e+01,-5.139141082763671875e-01
1.154499999999999993e+01,-4.986013472080230713e-01
1.154599999999999937e+01,-4.811010956764221191e-01
1.154700000000000060e+01,-4.145375788211822510e-01
1.154800000000000004e+01,-4.223501980304718018e-01
1.154899999999999949e+01,-1.785964816808700562e-01
1.155000000000000071e+01,1.732838898897171021e-01
1.155100000000000016e+01,3.073484301567077637e-01
1.155199999999999960e+01,3.601617515087127686e-01
1.155300000000000082e+01,3.685993850231170654e-01
1.155400000000000027e+01,3.629742860794067383e-01
1.155499999999999972e+01,3.498490750789642334e-01
1.155599999999999916e+01,3.442240059375762939e-01
1.155700000000000038e+01,4.136000573635101318e-01
1.155799999999999983e+01,3.773494958877563477e-01
1.155899999999999928e+01,3.392239212989807129e-01
1.156000000000000050e+01,2.979733049869537354e-01
1.156099999999999994e+01,2.720353901386260986e-01
1.156199999999999939e+01,2.623477578163146973e-01
1.156300000000000061e+01,2.145345211029052734e-01
1.156400000000000006e+01,2.107844650745391846e-01
1.156499999999999950e+01,2.164095491170883179e-01
1.156600000000000072e+01,2.257846891880035400e-01
1.156700000000000017e+01,2.792230248451232910e-01
1.156799999999999962e+01,2.664103209972381592e-01
1.156900000000000084e+01,2.489100545644760132e-01
1.157000000000000028e+01,2.376598715782165527e-01
1.157099999999999973e+01,2.301597595214843750e-01
1.157199999999999918e+01,2.257846891880035400e-01
1.157300000000000040e+01,2.204721122980117798e-01
1.157399999999999984e+01,2.098469585180282593e-01
1.157499999999999929e+01,2.079719305038452148e-01
1.157600000000000051e+01,2.076594233512878418e-01
1.157699999999999996e+01,2.854731082916259766e-01
1.157799999999999940e+01,2.560976445674896240e-01
1.157900000000000063e+01,2.270347177982330322e-01
1.158000000000000007e+01,1.907841563224792480e-01
1.158099999999999952e+01,1.682838201522827148e-01
1.158200000000000074e+01,1.626587361097335815e-01
1.158300000000000018e+01,1.189080625772476196e-01
1.158399999999999963e+01,1.157830134034156799e-01
1.158500000000000085e+01,1.239081397652626038e-01
1.158600000000000030e+01,1.357833147048950195e-01
1.158699999999999974e+01,1.920341849327087402e-01
1.158799999999999919e+01,1.829715371131896973e-01
1.158900000000000041e+01,1.704713553190231323e-01
1.158999999999999986e+01,1.598461866378784180e-01
1.159099999999999930e+01,1.514085531234741211e-01
1.159200000000000053e+01,1.510960608720779419e-01
1.159299999999999997e+01,1.467209905385971069e-01
1.159399999999999942e+01,1.420334130525588989e-01
1.159500000000000064e+01,1.370333433151245117e-01
1.159600000000000009e+01,1.429709345102310181e-01
1.159699999999999953e+01,2.229721546173095703e-01
1.159800000000000075e+01,1.957842409610748291e-01
1.159900000000000020e+01,-6.390722841024398804e-02
1.159999999999999964e+01,-4.232877194881439209e-01
1.160100000000000087e+01,-5.948528051376342773e-01
1.160200000000000031e+01,-6.732915043830871582e-01
1.160299999999999976e+01,-7.517302036285400391e-01
1.160399999999999920e+01,-7.692304849624633789e-01
1.160500000000000043e+01,-7.657929062843322754e-01
1.160599999999999987e+01,-7.511051893234252930e-01
1.160699999999999932e+01,-6.842291951179504395e-01
1.160800000000000054e+01,-6.798540949821472168e-01
1.160899999999999999e+01,-6.892292499542236328e-01
1.160999999999999943e+01,-6.801666021347045898e-01
1.161100000000000065e+01,-6.748540401458740234e-01
1.161200000000000010e+01,-6.592288017272949219e-01
1.161299999999999955e+01,-6.495411396026611328e-01
1.161400000000000077e+01,-6.442285776138305664e-01
1.161500000000000021e+01,-6.304783821105957031e-01
1.161599999999999966e+01,-6.120405793190002441e-01
1.161700000000000088e+01,-5.207892060279846191e-01
1.161800000000000033e+01,-5.351644158363342285e-01
1.161899999999999977e+01,-5.557897090911865234e-01
1.161999999999999922e+01,-5.782900452613830566e-01
1.162100000000000044e+01,-5.870401859283447266e-01
1.162199999999999989e+01,-5.842276811599731445e-01
1.162299999999999933e+01,-6.120405793190002441e-01
1.162400000000000055e+01,-5.995404124259948730e-01
1.162500000000000000e+01,-5.817276239395141602e-01
1.162599999999999945e+01,-5.579772591590881348e-01
1.162700000000000067e+01,-4.889137148857116699e-01
1.162800000000000011e+01,-4.914137423038482666e-01
1.162899999999999956e+01,-5.001638531684875488e-01
1.163000000000000078e+01,-4.967263340950012207e-01
1.163100000000000023e+01,-4.995388686656951904e-01
1.163199999999999967e+01,-4.936012923717498779e-01
1.163299999999999912e+01,-4.914137423038482666e-01
1.163400000000000034e+01,-4.923512637615203857e-01
1.163499999999999979e+01,-4.864136576652526855e-01
1.163599999999999923e+01,-4.751634895801544189e-01
1.163700000000000045e+01,-3.929747343063354492e-01
1.163799999999999990e+01,-4.161000847816467285e-01
1.163899999999999935e+01,-4.401629567146301270e-01
1.164000000000000057e+01,-4.698509275913238525e-01
1.164100000000000001e+01,-4.848511517047882080e-01
1.164199999999999946e+01,-4.867261648178100586e-01
1.164300000000000068e+01,-5.236017107963562012e-01
1.164400000000000013e+01,-5.123515725135803223e-01
1.164499999999999957e+01,-4.989138543605804443e-01
1.164600000000000080e+01,-4.820386171340942383e-01
1.164700000000000024e+01,-4.145375788211822510e-01
1.164799999999999969e+01,-4.176626205444335938e-01
1.164899999999999913e+01,-1.798464953899383545e-01
1.165000000000000036e+01,1.701588481664657593e-01
1.165099999999999980e+01,3.132860362529754639e-01
1.165199999999999925e+01,3.673493564128875732e-01
1.165300000000000047e+01,3.801620602607727051e-01
1.165399999999999991e+01,3.764120042324066162e-01
1.165499999999999936e+01,3.692243695259094238e-01
1.165600000000000058e+01,3.679743707180023193e-01
1.165700000000000003e+01,4.382879436016082764e-01
1.165799999999999947e+01,4.092249870300292969e-01
1.165900000000000070e+01,3.742244541645050049e-01
1.166000000000000014e+01,3.385989069938659668e-01
1.166099999999999959e+01,3.114109933376312256e-01
1.166200000000000081e+01,3.026608824729919434e-01
1.166300000000000026e+01,2.560976445674896240e-01
1.166399999999999970e+01,2.564101517200469971e-01
1.166499999999999915e+01,2.592227160930633545e-01
1.166600000000000037e+01,2.673478424549102783e-01
1.166699999999999982e+01,3.229736685752868652e-01
1.166799999999999926e+01,3.129735291004180908e-01
1.166900000000000048e+01,2.954732477664947510e-01
1.166999999999999993e+01,2.864106297492980957e-01
1.167099999999999937e+01,2.751604616641998291e-01
1.167200000000000060e+01,2.742229402065277100e-01
1.167300000000000004e+01,2.685978412628173828e-01
1.167399999999999949e+01,2.579726874828338623e-01
1.167500000000000071e+01,2.554726600646972656e-01
1.167600000000000016e+01,2.539101243019104004e-01
1.167699999999999960e+01,3.339113593101501465e-01
1.167800000000000082e+01,3.067234158515930176e-01
1.167900000000000027e+01,2.785980105400085449e-01
1.167999999999999972e+01,2.445349842309951782e-01
1.168099999999999916e+01,2.214096337556838989e-01
1.168200000000000038e+01,2.114094793796539307e-01
1.168299999999999983e+01,1.714088618755340576e-01
1.168399999999999928e+01,1.704713553190231323e-01
1.168500000000000050e+01,1.732838898897171021e-01
1.168599999999999994e+01,1.810965090990066528e-01
1.168699999999999939e+01,2.426599562168121338e-01
1.168800000000000061e+01,2.301597595214843750e-01
1.168900000000000006e+01,2.157845497131347656e-01
1.168999999999999950e+01,2.135970145463943481e-01
1.169100000000000072e+01,2.048468738794326782e-01
1.169200000000000017e+01,2.007843106985092163e-01
1.169299999999999962e+01,1.967217475175857544e-01
1.169400000000000084e+01,1.907841563224792480e-01
1.169500000000000028e+01,1.904716491699218750e-01
1.169599999999999973e+01,1.926591843366622925e-01
1.169699999999999918e+01,2.710978984832763672e-01
1.169800000000000040e+01,2.464100122451782227e-01
1.169899999999999984e+01,-9.531395509839057922e-03
1.169999999999999929e+01,-3.729744553565979004e-01
1.170100000000000051e+01,-5.489146113395690918e-01
1.170199999999999996e+01,-6.329783797264099121e-01
1.170299999999999940e+01,-7.157921791076660156e-01
1.170400000000000063e+01,-7.386050224304199219e-01
1.170500000000000007e+01,-7.432925701141357422e-01
1.170599999999999952e+01,-7.326674461364746094e-01
1.170700000000000074e+01,-6.664164066314697266e-01
1.170800000000000018e+01,-6.654788851737976074e-01
1.170899999999999963e+01,-6.732915043830871582e-01
1.171000000000000085e+01,-6.686039566993713379e-01
1.171100000000000030e+01,-6.629788875579833984e-01
1.171199999999999974e+01,-6.539162397384643555e-01
1.171299999999999919e+01,-6.417285203933715820e-01
1.171400000000000041e+01,-6.361034512519836426e-01
1.171499999999999986e+01,-6.226657629013061523e-01
1.171599999999999930e+01,-6.082905530929565430e-01
1.171700000000000053e+01,-5.167266130447387695e-01
1.171799999999999997e+01,-5.345394015312194824e-01
1.171899999999999942e+01,-5.532897114753723145e-01
1.172000000000000064e+01,-5.729774832725524902e-01
1.172100000000000009e+01,-5.842276811599731445e-01
1.172199999999999953e+01,-5.804775953292846680e-01
1.172300000000000075e+01,-6.092280745506286621e-01
1.172400000000000020e+01,-5.995404124259948730e-01
1.172499999999999964e+01,-5.820401310920715332e-01
1.172600000000000087e+01,-5.623523592948913574e-01
1.172700000000000031e+01,-4.873511791229248047e-01
1.172799999999999976e+01,-4.914137423038482666e-01
1.172899999999999920e+01,-4.982888400554656982e-01
1.173000000000000043e+01,-4.961013197898864746e-01
1.173099999999999987e+01,-4.964138269424438477e-01
1.173199999999999932e+01,-4.911012351512908936e-01
1.173300000000000054e+01,-4.914137423038482666e-01
1.173399999999999999e+01,-4.920387566089630127e-01
1.173499999999999943e+01,-4.873511791229248047e-01
1.173600000000000065e+01,-4.779760539531707764e-01
1.173700000000000010e+01,-3.929747343063354492e-01
1.173799999999999955e+01,-4.173501133918762207e-01
1.173900000000000077e+01,-4.395379424095153809e-01
1.174000000000000021e+01,-4.667258858680725098e-01
1.174099999999999966e+01,-4.811010956764221191e-01
1.174200000000000088e+01,-4.845386445522308350e-01
1.174300000000000033e+01,-5.182891488075256348e-01
1.174399999999999977e+01,-5.123515725135803223e-01
1.174499999999999922e+01,-4.995388686656951904e-01
1.174600000000000044e+01,-4.857886731624603271e-01
1.174699999999999989e+01,-4.139125645160675049e-01
1.174799999999999933e+01,-4.195376634597778320e-01
1.174900000000000055e+01,-1.789089739322662354e-01
1.175000000000000000e+01,1.682838201522827148e-01
1.175099999999999945e+01,3.095359802246093750e-01
1.175200000000000067e+01,3.642243146896362305e-01
1.175300000000000011e+01,3.804745674133300781e-01
1.175399999999999956e+01,3.829745948314666748e-01
1.175500000000000078e+01,3.801620602607727051e-01
1.175600000000000023e+01,3.829745948314666748e-01
1.175699999999999967e+01,4.582882523536682129e-01
1.175799999999999912e+01,4.295378029346466064e-01
1.175900000000000034e+01,3.982873260974884033e-01
1.175999999999999979e+01,3.645368218421936035e-01
1.176099999999999923e+01,3.448490202426910400e-01
1.176200000000000045e+01,3.339113593101501465e-01
1.176299999999999990e+01,2.920356988906860352e-01
1.176399999999999935e+01,2.901606857776641846e-01
1.176500000000000057e+01,2.926607131958007812e-01
1.176600000000000001e+01,2.995358109474182129e-01
1.176699999999999946e+01,3.610992729663848877e-01
1.176800000000000068e+01,3.498490750789642334e-01
1.176900000000000013e+01,3.335988521575927734e-01
1.176999999999999957e+01,3.267237246036529541e-01
1.177100000000000080e+01,3.185985982418060303e-01
1.177200000000000024e+01,3.120360076427459717e-01
1.177299999999999969e+01,3.054734170436859131e-01
1.177399999999999913e+01,3.020358681678771973e-01
1.177500000000000036e+01,2.982858121395111084e-01
1.177599999999999980e+01,2.960982620716094971e-01
1.177699999999999925e+01,3.760994970798492432e-01
1.177800000000000047e+01,3.492240905761718750e-01
1.177899999999999991e+01,3.189111053943634033e-01
1.177999999999999936e+01,2.857856154441833496e-01
1.178100000000000058e+01,2.670353353023529053e-01
1.178200000000000003e+01,2.589102089405059814e-01
1.178299999999999947e+01,2.135970145463943481e-01
1.178400000000000070e+01,2.135970145463943481e-01
1.178500000000000014e+01,2.132845073938369751e-01
1.178599999999999959e+01,2.214096337556838989e-01
1.178700000000000081e+01,2.817230522632598877e-01
1.178800000000000026e+01,2.742229402065277100e-01
1.178899999999999970e+01,2.614102363586425781e-01
1.178999999999999915e+01,2.507850825786590576e-01
1.179100000000000037e+01,2.460975050926208496e-01
1.179199999999999982e+01,2.429724633693695068e-01
1.179299999999999926e+01,2.410974353551864624e-01
1.179400000000000048e+01,2.332848161458969116e-01
1.179499999999999993e+01,2.329723089933395386e-01
1.179599999999999937e+01,2.339098155498504639e-01
1.179700000000000060e+01,3.135985434055328369e-01
1.179800000000000004e+01,2.879731357097625732e-01
1.179899999999999949e+01,3.265674784779548645e-02
1.180000000000000071e+01,-3.342238366603851318e-01
1.180100000000000016e+01,-5.126640796661376953e-01
1.180199999999999960e+01,-5.973528623580932617e-01
1.180300000000000082e+01,-6.845417022705078125e-01
1.180400000000000027e+01,-7.086045742034912109e-01
1.180499999999999972e+01,-7.182922363281250000e-01
1.180599999999999916e+01,-7.170422077178955078e-01
1.180700000000000038e+01,-6.532912254333496094e-01
1.180799999999999983e+01,-6.536037325859069824e-01
1.180899999999999928e+01,-6.626663804054260254e-01
1.181000000000000050e+01,-6.617288589477539062e-01
1.181099999999999994e+01,-6.542287468910217285e-01
1.181199999999999939e+01,-6.486036181449890137e-01
1.181300000000000061e+01,-6.426660418510437012e-01
1.181400000000000006e+01,-6.320409178733825684e-01
1.181499999999999950e+01,-6.207907199859619141e-01
1.181600000000000072e+01,-6.086030602455139160e-01
1.181700000000000017e+01,-5.145391225814819336e-01
1.181799999999999962e+01,-5.326643586158752441e-01
1.181900000000000084e+01,-5.504771471023559570e-01
1.182000000000000028e+01,-5.742275118827819824e-01
1.182099999999999973e+01,-5.842276811599731445e-01
1.182199999999999918e+01,-5.826651453971862793e-01
1.182300000000000040e+01,-6.114155650138854980e-01
1.182399999999999984e+01,-5.976653695106506348e-01
1.182499999999999929e+01,-5.851652026176452637e-01
1.182600000000000051e+01,-5.654773712158203125e-01
1.182699999999999996e+01,-4.923512637615203857e-01
1.182799999999999940e+01,-4.898512363433837891e-01
1.182900000000000063e+01,-5.011013746261596680e-01
1.183000000000000007e+01,-5.001638531684875488e-01
1.183099999999999952e+01,-5.001638531684875488e-01
1.183200000000000074e+01,-4.961013197898864746e-01
1.183300000000000018e+01,-4.939137995243072510e-01
1.183399999999999963e+01,-4.939137995243072510e-01
1.183500000000000085e+01,-4.854761660099029541e-01
1.183600000000000030e+01,-4.814136028289794922e-01
1.183699999999999974e+01,-3.948497772216796875e-01
1.183799999999999919e+01,-4.173501133918762207e-01
1.183900000000000041e+01,-4.401629567146301270e-01
1.183999999999999986e+01,-4.679758846759796143e-01
1.184099999999999930e+01,-4.842261373996734619e-01
1.184200000000000053e+01,-4.864136576652526855e-01
1.184299999999999997e+01,-5.176641345024108887e-01
1.184399999999999942e+01,-5.132890939712524414e-01
1.184500000000000064e+01,-5.029764175415039062e-01
1.184600000000000009e+01,-4.895387291908264160e-01
1.184699999999999953e+01,-4.167250990867614746e-01
1.184800000000000075e+01,-4.179751276969909668e-01
1.184900000000000020e+01,-1.776589602231979370e-01
1.184999999999999964e+01,1.748464107513427734e-01
1.185100000000000087e+01,3.167235851287841797e-01
1.185200000000000031e+01,3.798495531082153320e-01
1.185299999999999976e+01,3.985998332500457764e-01
1.185399999999999920e+01,4.073499739170074463e-01
1.185500000000000043e+01,4.076624810695648193e-01
1.185599999999999987e+01,4.136000573635101318e-01
1.185699999999999932e+01,4.929762780666351318e-01
1.185800000000000054e+01,4.676633775234222412e-01
1.185899999999999999e+01,4.436005055904388428e-01
1.185999999999999943e+01,4.082874655723571777e-01
1.186100000000000065e+01,3.920372426509857178e-01
1.186200000000000010e+01,3.795370459556579590e-01
1.186299999999999955e+01,3.420364558696746826e-01
1.186400000000000077e+01,3.426614701747894287e-01
1.186500000000000021e+01,3.445365130901336670e-01
1.186599999999999966e+01,3.501615822315216064e-01
1.186700000000000088e+01,4.104750156402587891e-01
1.186800000000000033e+01,4.045374095439910889e-01
1.186899999999999977e+01,3.889121711254119873e-01
1.186999999999999922e+01,3.820370733737945557e-01
1.187100000000000044e+01,3.754744827747344971e-01
1.187199999999999989e+01,3.717244267463684082e-01
1.187299999999999933e+01,3.642243146896362305e-01
1.187400000000000055e+01,3.545366525650024414e-01
1.187500000000000000e+01,3.564116954803466797e-01
1.187599999999999945e+01,3.548491597175598145e-01
1.187700000000000067e+01,4.336003661155700684e-01
1.187800000000000011e+01,4.085999727249145508e-01
1.187899999999999956e+01,3.798495531082153320e-01
1.188000000000000078e+01,3.460990190505981445e-01
1.188100000000000023e+01,3.257862329483032227e-01
1.188199999999999967e+01,3.145360350608825684e-01
1.188299999999999912e+01,2.748479545116424561e-01
1.188400000000000034e+01,2.698478698730468750e-01
1.188499999999999979e+01,2.695353627204895020e-01
1.188599999999999923e+01,2.745354473590850830e-01
1.188700000000000045e+01,3.376614153385162354e-01
1.188799999999999990e+01,3.339113593101501465e-01
1.188899999999999935e+01,3.157860636711120605e-01
1.189000000000000057e+01,3.104735016822814941e-01
1.189100000000000001e+01,3.060984313488006592e-01
1.189199999999999946e+01,3.017233610153198242e-01
1.189300000000000068e+01,2.982858121395111084e-01
1.189400000000000013e+01,2.914106845855712891e-01
1.189499999999999957e+01,2.873481214046478271e-01
1.189600000000000080e+01,2.885981500148773193e-01
1.189700000000000024e+01,3.701618909835815430e-01
1.189799999999999969e+01,3.470365405082702637e-01
1.189899999999999913e+01,8.953261375427246094e-02
1.190000000000000036e+01,-2.732854187488555908e-01
1.190099999999999980e+01,-4.561007022857666016e-01
1.190199999999999925e+01,-5.539147257804870605e-01
1.190300000000000047e+01,-6.423535346984863281e-01
1.190399999999999991e+01,-6.726664900779724121e-01
1.190499999999999936e+01,-6.873542666435241699e-01
1.190600000000000058e+01,-6.929793357849121094e-01
1.190700000000000003e+01,-6.314159035682678223e-01
1.190799999999999947e+01,-6.311033964157104492e-01
1.190900000000000070e+01,-6.439160704612731934e-01
1.191000000000000014e+01,-6.436035633087158203e-01
1.191099999999999959e+01,-6.423535346984863281e-01
1.191200000000000081e+01,-6.342284083366394043e-01
1.191300000000000026e+01,-6.286033391952514648e-01
1.191399999999999970e+01,-6.223532557487487793e-01
1.191499999999999915e+01,-6.114155650138854980e-01
1.191600000000000037e+01,-6.042279601097106934e-01
1.191699999999999982e+01,-5.089139938354492188e-01
1.191799999999999926e+01,-5.242267251014709473e-01
1.191900000000000048e+01,-5.439145565032958984e-01
1.191999999999999993e+01,-5.670399069786071777e-01
1.192099999999999937e+01,-5.779775977134704590e-01
1.192200000000000060e+01,-5.751650333404541016e-01
1.192300000000000004e+01,-6.029779314994812012e-01
1.192399999999999949e+01,-5.957903265953063965e-01
1.192500000000000071e+01,-5.814151167869567871e-01
1.192600000000000016e+01,-5.679774284362792969e-01
1.192699999999999960e+01,-4.939137995243072510e-01
1.192800000000000082e+01,-4.870386719703674316e-01
1.192900000000000027e+01,-5.001638531684875488e-01
1.192999999999999972e+01,-4.982888400554656982e-01
1.193099999999999916e+01,-4.964138269424438477e-01
1.193200000000000038e+01,-4.914137423038482666e-01
1.193299999999999983e+01,-4.904762208461761475e-01
1.193399999999999928e+01,-4.907887279987335205e-01
1.193500000000000050e+01,-4.851636588573455811e-01
1.193599999999999994e+01,-4.789135456085205078e-01
1.193699999999999939e+01,-3.920372426509857178e-01
1.193800000000000061e+01,-4.123500287532806396e-01
1.193900000000000006e+01,-4.370379149913787842e-01
1.193999999999999950e+01,-4.626633226871490479e-01
1.194100000000000072e+01,-4.782885611057281494e-01
1.194200000000000017e+01,-4.820386171340942383e-01
1.194299999999999962e+01,-5.142266154289245605e-01
1.194400000000000084e+01,-5.079764723777770996e-01
1.194500000000000028e+01,-5.029764175415039062e-01
1.194599999999999973e+01,-4.886012077331542969e-01
1.194699999999999918e+01,-4.167250990867614746e-01
1.194800000000000040e+01,-4.120375514030456543e-01
1.194899999999999984e+01,-1.739089041948318481e-01
1.194999999999999929e+01,1.798464953899383545e-01
1.195100000000000051e+01,3.270362317562103271e-01
1.195199999999999996e+01,3.879746794700622559e-01
1.195299999999999940e+01,4.189126491546630859e-01
1.195400000000000063e+01,4.264127612113952637e-01
1.195500000000000007e+01,4.354754090309143066e-01
1.195599999999999952e+01,4.407879710197448730e-01
1.195700000000000074e+01,5.270392894744873047e-01
1.195800000000000018e+01,5.092265009880065918e-01
1.195899999999999963e+01,4.826636016368865967e-01
1.196000000000000085e+01,4.573507308959960938e-01
1.196100000000000030e+01,4.379754364490509033e-01
1.196199999999999974e+01,4.329753518104553223e-01
1.196299999999999919e+01,3.942247629165649414e-01
1.196400000000000041e+01,3.935997486114501953e-01
1.196499999999999986e+01,3.954747915267944336e-01
1.196599999999999930e+01,3.973498046398162842e-01
1.196700000000000053e+01,4.642258286476135254e-01
1.196799999999999997e+01,4.620383083820343018e-01
1.196899999999999942e+01,4.448505342006683350e-01
1.197000000000000064e+01,4.379754364490509033e-01
1.197100000000000009e+01,4.304753243923187256e-01
1.197199999999999953e+01,4.261002540588378906e-01
1.197300000000000075e+01,4.220376908779144287e-01
1.197400000000000020e+01,4.157876074314117432e-01
1.197499999999999964e+01,4.139125645160675049e-01
1.197600000000000087e+01,4.129750430583953857e-01
1.197700000000000031e+01,4.911012351512908936e-01
1.197799999999999976e+01,4.689134061336517334e-01
1.197899999999999920e+01,4.389129579067230225e-01
1.198000000000000043e+01,4.082874655723571777e-01
1.198099999999999987e+01,3.842246234416961670e-01
1.198199999999999932e+01,3.751619756221771240e-01
1.198300000000000054e+01,3.329738378524780273e-01
1.198399999999999999e+01,3.332863450050354004e-01
1.198499999999999943e+01,3.285987675189971924e-01
1.198600000000000065e+01,3.282862603664398193e-01
1.198700000000000010e+01,3.929747343063354492e-01
1.198799999999999955e+01,3.939122557640075684e-01
1.198900000000000077e+01,3.779745101928710938e-01
1.199000000000000021e+01,3.679743707180023193e-01
1.199099999999999966e+01,3.632867932319641113e-01
1.199200000000000088e+01,3.617242574691772461e-01
1.199300000000000033e+01,3.551616668701171875e-01
1.199399999999999977e+01,3.504740893840789795e-01
1.199499999999999922e+01,3.473490476608276367e-01
1.199600000000000044e+01,3.489115834236145020e-01
1.199699999999999989e+01,4.276627898216247559e-01
1.199799999999999933e+01,4.051624238491058350e-01
1.199900000000000055e+01,1.435959339141845703e-01
1.200000000000000000e+01,-2.264097034931182861e-01
1.200099999999999945e+01,-4.101625084877014160e-01
1.200200000000000067e+01,-5.123515725135803223e-01
1.200300000000000011e+01,-6.064155101776123047e-01
1.200399999999999956e+01,-6.423535346984863281e-01
1.200500000000000078e+01,-6.642288565635681152e-01
1.200600000000000023e+01,-6.748540401458740234e-01
1.200699999999999967e+01,-6.151656508445739746e-01
1.200799999999999912e+01,-6.186031699180603027e-01
1.200900000000000034e+01,-6.307908892631530762e-01
1.200999999999999979e+01,-6.354784369468688965e-01
1.201099999999999923e+01,-6.364159584045410156e-01
1.201200000000000045e+01,-6.304783821105957031e-01
1.201299999999999990e+01,-6.220407485961914062e-01
1.201399999999999935e+01,-6.195406913757324219e-01
1.201500000000000057e+01,-6.129781007766723633e-01
1.201600000000000001e+01,-6.045404672622680664e-01
1.201699999999999946e+01,-5.129765868186950684e-01
1.201800000000000068e+01,-5.251642465591430664e-01
1.201900000000000013e+01,-5.457895994186401367e-01
1.201999999999999957e+01,-5.657898783683776855e-01
1.202100000000000080e+01,-5.776650905609130859e-01
1.202200000000000024e+01,-5.786025524139404297e-01
1.202299999999999969e+01,-6.054779887199401855e-01
1.202399999999999913e+01,-5.973528623580932617e-01
1.202500000000000036e+01,-5.864151716232299805e-01
1.202599999999999980e+01,-5.726649761199951172e-01
1.202699999999999925e+01,-4.945387840270996094e-01
1.202800000000000047e+01,-4.895387291908264160e-01
1.202899999999999991e+01,-5.023514032363891602e-01
1.202999999999999936e+01,-5.001638531684875488e-01
1.203100000000000058e+01,-5.029764175415039062e-01
1.203200000000000003e+01,-4.964138269424438477e-01
1.203299999999999947e+01,-4.914137423038482666e-01
1.203400000000000070e+01,-4.926637709140777588e-01
1.203500000000000014e+01,-4.870386719703674316e-01
1.203599999999999959e+01,-4.811010956764221191e-01
1.203700000000000081e+01,-3.945372700691223145e-01
1.203800000000000026e+01,-4.132875502109527588e-01
1.203899999999999970e+01,-4.354754090309143066e-01
1.203999999999999915e+01,-4.623508155345916748e-01
1.204100000000000037e+01,-4.789135456085205078e-01
1.204199999999999982e+01,-4.829761087894439697e-01
1.204299999999999926e+01,-5.157890915870666504e-01
1.204400000000000048e+01,-5.070390105247497559e-01
1.204499999999999993e+01,-5.045389533042907715e-01
1.204599999999999937e+01,-4.923512637615203857e-01
1.204700000000000060e+01,-4.182876348495483398e-01
1.204800000000000004e+01,-4.132875502109527588e-01
1.204899999999999949e+01,-1.770339459180831909e-01
1.205000000000000071e+01,1.785964816808700562e-01
1.205100000000000016e+01,3.267237246036529541e-01
1.205199999999999960e+01,3.976623117923736572e-01
1.205300000000000082e+01,4.270377755165100098e-01
1.205400000000000027e+01,4.429755210876464844e-01
1.205499999999999972e+01,4.551631808280944824e-01
1.205599999999999916e+01,4.645383358001708984e-01
1.205700000000000038e+01,5.539147257804870605e-01
1.205799999999999983e+01,5.404769778251647949e-01
1.205899999999999928e+01,5.182891488075256348e-01
1.206000000000000050e+01,4.926637709140777588e-01
1.206099999999999994e+01,4.792260527610778809e-01
1.206199999999999939e+01,4.732884764671325684e-01
1.206300000000000061e+01,4.357878863811492920e-01
1.206400000000000006e+01,4.382879436016082764e-01
1.206499999999999950e+01,4.382879436016082764e-01
1.206600000000000072e+01,4.401629567146301270e-01
1.206700000000000017e+01,5.067265033721923828e-01
1.206799999999999962e+01,5.098515152931213379e-01
1.206900000000000084e+01,4.901637434959411621e-01
1.207000000000000028e+01,4.857886731624603271e-01
1.207099999999999973e+01,4.801635742187500000e-01
1.207199999999999918e+01,4.745385050773620605e-01
1.207300000000000040e+01,4.732884764671325684e-01
1.207399999999999984e+01,4.654758572578430176e-01
1.207499999999999929e+01,4.620383083820343018e-01
1.207600000000000051e+01,4.595382511615753174e-01
1.207699999999999996e+01,5.414144992828369141e-01
1.207799999999999940e+01,5.198516845703125000e-01
1.207900000000000063e+01,4.864136576652526855e-01
1.208000000000000007e+01,4.586007595062255859e-01
1.208099999999999952e+01,4.364129006862640381e-01
1.208200000000000074e+01,4.223501980304718018e-01
1.208300000000000018e+01,3.864121437072753906e-01
1.208399999999999963e+01,3.789120316505432129e-01
1.208500000000000085e+01,3.767245113849639893e-01
1.208600000000000030e+01,3.795370459556579590e-01
1.208699999999999974e+01,4.404754638671875000e-01
1.208799999999999919e+01,4.429755210876464844e-01
1.208900000000000041e+01,4.226627051830291748e-01
1.208999999999999986e+01,4.173501133918762207e-01
1.209099999999999930e+01,4.139125645160675049e-01
1.209200000000000053e+01,4.104750156402587891e-01
1.209299999999999997e+01,4.039124250411987305e-01
1.209399999999999942e+01,3.973498046398162842e-01
1.209500000000000064e+01,3.960998058319091797e-01
1.209600000000000009e+01,3.992248475551605225e-01
1.209699999999999953e+01,4.764135181903839111e-01
1.209800000000000075e+01,4.582882523536682129e-01
1.209900000000000020e+01,4.286002814769744873e-01
